id_municipio,grupo,alvo_alfabetizado
1100015,3,0.68
1100023,3,0.6585365853658537
1100031,5,0.76
1100049,4,0.6635120925341745
1100056,4,0.6680327868852459
1100064,4,0.72
1100072,5,0.7209302325581395
1100080,3,0.5989847715736041
1100098,3,0.6964285714285714
1100106,3,0.45286885245901637
1100114,5,0.653781512605042
1100122,4,0.6630654962862931
1100130,3,0.654320987654321
1100148,5,0.7541666666666667
1100155,4,0.6657458563535912
1100189,4,0.8177966101694916
1100205,4,0.5208410180745112
1100254,5,0.6831683168316832
1100262,5,0.6290322580645161
1100288,4,0.7444279346210996
1100296,5,0.8333333333333334
1100304,4,0.7194844579226687
1100320,5,0.6920529801324503
1100338,3,0.45792079207920794
1100346,3,0.6875
1100379,2,0.7956989247311828
1100403,5,0.6023391812865497
1100452,3,0.723744292237443
1100502,5,0.7058823529411765
1100601,5,0.7941176470588235
1100700,3,0.7239263803680982
1100809,3,0.5136612021857924
1100908,3,0.64
1100924,3,0.7337662337662337
1100940,3,0.676923076923077
1101005,3,0.7096774193548387
1101104,3,0.7125
1101203,5,0.6951219512195121
1101302,3,0.7384615384615385
1101401,3,0.7093023255813954
1101435,3,0.7058823529411765
1101450,3,0.6949152542372882
1101468,3,0.5833333333333334
1101476,5,0.576271186440678
1101484,5,0.7735849056603774
1101492,3,0.6325757575757576
1101500,3,0.6612903225806451
1101559,5,0.660377358490566
1101609,3,0.7894736842105263
1101708,3,0.6095890410958904
1101757,3,0.5565217391304348
1101807,3,0.4358974358974359
1200013,3,0.5888888888888889
1200054,1,0.5048543689320388
1200104,3,0.4883116883116883
1200138,1,0.2556818181818182
1200179,1,0.3576158940397351
1200203,3,0.5158658204895739
1200252,3,0.5324232081911263
1200302,1,0.6419437340153452
1200328,1,0.30927835051546393
1200336,1,0.386046511627907
1200344,1,0.43386243386243384
1200351,1,0.625
1200385,1,0.3691588785046729
1200393,1,0.40229885057471265
1200401,3,0.548207526163438
1200427,1,0.4125874125874126
1200435,1,0.15517241379310345
1200450,3,0.4857142857142857
1200500,1,0.6556016597510373
1200609,1,0.505654281098546
1200708,1,0.5219512195121951
1200807,1,0.3983050847457627
1300029,1,0.594017094017094
1300060,1,0.6477272727272727
1300086,1,0.6610169491525424
1300102,1,0.7545126353790613
1300144,3,0.6204081632653061
1300201,1,0.8414634146341463
1300300,1,0.4151624548736462
1300409,1,0.4778761061946903
1300508,1,0.25121951219512195
1300607,1,0.38076923076923075
1300631,1,0.7797356828193832
1300680,1,0.38202247191011235
1300706,1,0.5086206896551724
1300805,1,0.4169184290030212
1300839,1,0.3089430894308943
1300904,1,0.7575757575757576
1301001,1,0.5941176470588235
1301100,1,0.3735632183908046
1301159,1,0.33035714285714285
1301209,1,0.40772532188841204
1301308,1,0.4930555555555556
1301407,1,0.43373493975903615
1301506,1,0.45726495726495725
1301605,1,0.4793388429752066
1301654,1,0.5506329113924051
1301704,1,0.5787401574803149
1301803,1,0.6451612903225806
1301852,1,0.3728813559322034
1301902,1,0.5034843205574913
1301951,1,0.825
1302009,1,0.30973451327433627
1302108,1,0.9052631578947369
1302207,1,0.5109489051094891
1302306,1,0.36666666666666664
1302405,1,0.683083511777302
1302504,1,0.403125
1302553,1,0.22043010752688172
1302603,3,0.5196108108108108
1302702,1,0.6193895870736086
1302801,1,0.5163043478260869
1302900,1,0.5509433962264151
1303007,1,0.5955882352941176
1303106,1,0.3782894736842105
1303205,1,0.5870445344129555
1303304,1,0.5238095238095238
1303403,1,0.6214022140221402
1303502,1,0.4927536231884058
1303536,3,0.3377777777777778
1303569,1,0.46629213483146065
1303601,1,0.36764705882352944
1303700,1,0.418018018018018
1303809,1,0.41509433962264153
1303908,1,0.36936936936936937
1303957,1,0.4426229508196721
1304005,1,0.43646408839779005
1304062,1,0.40743944636678203
1304104,1,0.5137254901960784
1304203,1,0.43781094527363185
1304237,1,0.30405405405405406
1304260,1,0.19095477386934673
1304302,1,0.75
1304401,1,0.44357976653696496
1500107,1,0.3653543307086614
1500131,1,0.5483870967741935
1500206,1,0.4197292069632495
1500305,1,0.3902439024390244
1500347,1,0.4864864864864865
1500404,1,0.35570469798657717
1500503,1,0.39154929577464787
1500602,3,0.4573444515715202
1500701,1,0.3421828908554572
1500800,3,0.5354885755955274
1500859,1,0.4811320754716981
1500909,1,0.453125
1500958,1,0.5555555555555556
1501006,1,0.6415094339622641
1501105,1,0.5362318840579711
1501204,1,0.39080459770114945
1501253,1,0.4716981132075472
1501303,3,0.39777468706536856
1501402,3,0.5224001857010213
1501451,1,0.5786802030456852
1501501,3,0.6517509727626459
1501576,1,0.5280898876404494
1501600,1,0.32558139534883723
1501709,1,0.375609756097561
1501725,1,0.8743961352657005
1501758,1,0.7472527472527473
1501782,1,0.510934393638171
1501808,1,0.5666666666666667
1501907,1,0.519650655021834
1501956,1,0.5177304964539007
1502004,1,0.357487922705314
1502103,1,0.39526730937773885
1502152,3,0.6533523537803139
1502202,3,0.5950920245398773
1502301,1,0.4946236559139785
1502400,3,0.33544973544973544
1502509,1,0.7397959183673469
1502608,1,0.3711340206185567
1502707,3,0.5158102766798419
1502756,1,0.544
1502764,1,0.45161290322580644
1502772,1,0.7343173431734318
1502806,1,0.25882352941176473
1502855,1,0.42441860465116277
1502905,1,0.3396825396825397
1502939,3,0.6941176470588235
1502954,1,0.5136986301369864
1503002,1,0.5337837837837838
1503044,1,0.6710526315789473
1503077,1,0.32941176470588235
1503093,1,0.43666666666666665
1503101,1,0.3657505285412262
1503200,1,0.46534653465346537
1503309,1,0.4031746031746032
1503408,1,0.4489795918367347
1503457,1,0.4420731707317073
1503507,2,0.5050505050505051
1503606,3,0.6009852216748769
1503705,1,0.44650205761316875
1503754,1,0.2620320855614973
1503804,1,0.3771551724137931
1503903,1,0.5025575447570333
1504000,1,0.4921875
1504059,1,0.4713896457765668
1504109,1,0.6
1504208,3,0.5128461795128462
1504307,2,0.4720812182741117
1504406,2,0.4497354497354497
1504422,3,0.499320652173913
1504455,1,0.4828767123287671
1504505,1,0.2909604519774011
1504604,1,0.3707482993197279
1504703,1,0.3420026007802341
1504752,3,0.43820224719101125
1504802,1,0.4685792349726776
1504901,1,0.33614864864864863
1504950,1,0.4954128440366973
1504976,1,0.532967032967033
1505007,2,0.5083333333333333
1505031,3,0.5793991416309013
1505064,1,0.5007072135785007
1505106,1,0.550185873605948
1505205,1,0.3136729222520107
1505304,1,0.31607629427792916
1505403,1,0.54421768707483
1505437,1,0.5341176470588235
1505486,1,0.458
1505494,1,0.43859649122807015
1505502,3,0.5705394190871369
1505536,3,0.5059565522074282
1505551,1,0.484375
1505601,2,0.8428571428571429
1505635,1,0.5686274509803921
1505650,1,0.5714285714285714
1505700,1,0.5844594594594594
1505809,1,0.42428198433420367
1505908,1,0.8116279069767441
1506005,1,0.4446902654867257
1506104,1,0.5037593984962406
1506112,1,0.4755244755244755
1506138,3,0.5833333333333334
1506161,3,0.5570776255707762
1506187,3,0.699468085106383
1506195,1,0.546875
1506203,3,0.5085714285714286
1506302,2,0.4973821989528796
1506351,1,0.46484375
1506401,1,0.5192307692307693
1506500,3,0.34073107049608353
1506559,1,0.4050632911392405
1506583,1,0.43089430894308944
1506609,2,0.4008438818565401
1506708,1,0.5882352941176471
1506807,3,0.5126237623762376
1506906,2,0.7868852459016393
1507003,2,0.31722054380664655
1507102,1,0.6928571428571428
1507151,1,0.39690721649484534
1507201,1,0.32608695652173914
1507300,1,0.3125
1507409,2,0.3786407766990291
1507458,2,0.526984126984127
1507474,1,0.40540540540540543
1507508,1,0.34517766497461927
1507607,1,0.5029585798816568
1507706,1,0.47480106100795755
1507755,1,0.7023809523809523
1507805,1,0.37003058103975534
1507904,3,0.5240506329113924
1507953,1,0.383
1507961,1,0.5
1507979,3,0.6613418530351438
1508001,1,0.4968325791855204
1508035,1,0.3626943005181347
1508050,1,0.6255506607929515
1508084,3,0.48822269807280516
1508100,3,0.45229681978798586
1508126,3,0.6206896551724138
1508159,1,0.6120906801007556
1508209,2,0.3825503355704698
1508308,1,0.3841642228739003
1508357,1,0.6958174904942965
1508407,3,0.49248747913188645
1600055,2,0.7346938775510204
1600105,1,0.19642857142857142
1600154,1,0.44565217391304346
1600204,1,0.39325842696629215
1600212,1,0.5365853658536586
1600238,1,0.7333333333333333
1600253,1,0.41904761904761906
1600279,1,0.4007421150278293
1600303,3,0.4548653610771114
1600402,1,0.43515850144092216
1600501,1,0.21354166666666666
1600535,1,0.685459940652819
1600550,1,0.2916666666666667
1600600,3,0.5318899941486249
1600709,1,0.9049295774647887
1600808,1,0.3588235294117647
1700301,3,0.4025974025974026
1700350,3,0.7538461538461538
1700400,3,0.47619047619047616
1700707,3,0.7181818181818181
1701002,3,0.46206896551724136
1701051,3,0.5882352941176471
1701101,3,0.35714285714285715
1701309,2,0.5272727272727272
1701903,5,0.5
1702000,5,0.3898305084745763
1702109,4,0.5081135902636917
1702158,3,0.38095238095238093
1702208,3,0.5064102564102564
1702307,3,0.676923076923077
1702406,3,0.611764705882353
1702554,3,0.5968586387434555
1702901,1,0.4020618556701031
1703008,2,0.19117647058823528
1703057,5,0.37777777777777777
1703073,2,0.18055555555555555
1703107,5,0.5
1703206,3,0.5892857142857143
1703305,3,0.288135593220339
1703701,5,0.49206349206349204
1703800,3,0.504424778761062
1703842,1,0.38513513513513514
1703867,3,0.5263157894736842
1703883,3,0.2777777777777778
1703891,2,0.23529411764705882
1703909,3,0.31666666666666665
1704105,2,0.6666666666666666
1705102,3,0.5238095238095238
1705508,3,0.5588235294117647
1705557,3,0.5636363636363636
1705607,3,0.36231884057971014
1706001,3,0.4864864864864865
1706100,3,0.6179775280898876
1706506,2,0.45121951219512196
1707009,3,0.6094420600858369
1707108,5,0.611764705882353
1707207,2,0.532258064516129
1707306,2,0.68
1707405,1,0.47474747474747475
1707553,5,0.5675675675675675
1707652,3,0.5161290322580645
1707702,3,0.12727272727272726
1708205,3,0.45454545454545453
1708254,3,0.5151515151515151
1708304,2,0.3902439024390244
1709005,1,0.3858267716535433
1709302,4,0.4784688995215311
1709500,4,0.5425531914893617
1710508,2,0.4090909090909091
1710706,2,0.1836734693877551
1710904,3,0.5333333333333333
1711506,5,0.625
1711803,2,0.5
1711902,3,0.3559322033898305
1711951,1,0.15384615384615385
1712009,3,0.38181818181818183
1712454,3,0.48936170212765956
1712504,3,0.3620689655172414
1712801,1,0.21052631578947367
1713205,3,0.4444444444444444
1713304,5,0.6363636363636364
1713601,2,0.203125
1713809,2,0.5
1713957,2,0.5
1714203,5,0.4423076923076923
1714302,3,0.34
1714880,3,0.42073170731707316
1715101,3,0.3617021276595745
1715259,2,0.6176470588235294
1715705,2,0.30864197530864196
1715754,5,0.7777777777777778
1716109,4,0.6366612111292962
1716208,2,0.6833333333333333
1716307,3,0.3793103448275862
1716505,3,0.5670995670995671
1716604,5,0.4603174603174603
1716653,2,0.6181818181818182
1716703,3,0.6101694915254238
1717008,2,0.3392857142857143
1717503,3,0.4375
1717800,2,0.4523809523809524
1717909,3,0.30303030303030304
1718006,3,0.3829787234042553
1718204,3,0.4431977559607293
1718303,2,0.38461538461538464
1718402,3,0.5777777777777777
1718501,1,0.5
1718550,2,0.5490196078431373
1718659,1,0.2
1718709,2,0.46153846153846156
1718758,2,0.2676056338028169
1718808,1,0.4235294117647059
1718840,5,0.5333333333333333
1718865,3,0.3142857142857143
1718881,3,0.4146341463414634
1718899,5,0.43333333333333335
1718907,3,0.37333333333333335
1719004,2,0.2857142857142857
1720002,2,0.5714285714285714
1720101,2,0.5263157894736842
1720200,3,0.3696969696969697
1720259,2,0.5777777777777777
1720309,1,0.5918367346938775
1720499,2,0.4634146341463415
1720655,3,0.36
1720804,2,0.5069444444444444
1720903,2,0.42196531791907516
1720978,5,0.7419354838709677
1721000,4,0.5745614035087719
1721109,1,0.5098039215686274
1721208,3,0.3577981651376147
1722081,3,0.43617021276595747
1722107,3,0.42857142857142855
2100055,3,0.6291390728476821
2100105,1,0.9310344827586207
2100154,1,0.6554621848739496
2100204,2,0.7090909090909091
2100303,1,0.45754716981132076
2100402,2,0.7307692307692307
2100436,1,0.5212121212121212
2100477,1,0.572289156626506
2100501,2,0.5256410256410257
2100550,1,0.43137254901960786
2100600,1,0.42071197411003236
2100709,1,0.41134751773049644
2100808,1,0.3394495412844037
2100832,1,0.3878787878787879
2100873,1,0.9172413793103448
2100907,1,0.4309623430962343
2100956,1,0.7443609022556391
2101004,2,0.7241379310344828
2101103,1,0.7132867132867133
2101202,3,0.5110864745011087
2101251,2,0.5412371134020618
2101301,1,0.576271186440678
2101400,3,0.3963022508038585
2101509,2,0.525
2101608,1,0.6432225063938619
2101707,1,0.7860892388451444
2101731,1,0.7222222222222222
2101772,1,0.7795918367346939
2101806,1,0.4583333333333333
2101905,2,0.6103896103896104
2101939,2,0.8787878787878788
2101970,1,0.8
2102002,1,0.6867469879518072
2102036,1,0.6320987654320988
2102077,1,0.9523809523809523
2102101,1,0.5808823529411765
2102150,1,0.4946236559139785
2102200,1,0.2908366533864542
2102309,1,0.5714285714285714
2102325,1,0.4350282485875706
2102358,1,0.5512820512820513
2102374,1,0.5543478260869565
2102408,1,0.6323529411764706
2102507,1,0.3194444444444444
2102556,3,0.6123595505617978
2102606,1,0.4935064935064935
2102705,1,0.7067307692307693
2102754,1,0.9108910891089109
2102804,2,0.5198412698412699
2102903,1,0.6215277777777778
2103000,2,0.554519368723099
2103109,2,0.6704545454545454
2103125,1,0.875
2103158,1,0.8803418803418803
2103174,1,0.3707865168539326
2103208,1,0.41751824817518246
2103257,1,0.8647058823529412
2103307,1,0.5188679245283019
2103406,1,0.7604651162790698
2103505,1,0.5
2103554,1,0.553072625698324
2103604,1,0.5587703435804702
2103703,2,0.6702898550724637
2103752,1,0.6993464052287581
2103802,2,0.4411764705882353
2103901,1,0.8165680473372781
2104008,2,0.8148148148148148
2104057,3,0.606
2104073,2,0.6513761467889908
2104081,1,0.7945205479452054
2104099,1,0.8434343434343434
2104107,1,0.788659793814433
2104206,1,0.7225806451612903
2104305,1,0.879746835443038
2104404,1,0.6595744680851063
2104503,1,0.7849462365591398
2104552,3,0.6764705882352942
2104602,1,0.4811320754716981
2104628,1,0.9166666666666666
2104651,1,0.7804878048780488
2104677,1,0.608540925266904
2104701,2,0.75
2104800,1,0.46403242147923
2104909,2,0.8661417322834646
2105005,1,0.5898203592814372
2105104,1,0.6965811965811965
2105153,1,0.7793103448275862
2105203,2,0.8969072164948454
2105302,3,0.5463246554364471
2105351,1,0.7283950617283951
2105401,1,0.6049222797927462
2105427,2,0.6031746031746031
2105450,1,0.6847826086956522
2105476,1,0.6976744186046512
2105500,2,0.563265306122449
2105609,1,0.75
2105658,1,0.6781609195402298
2105708,1,0.7975609756097561
2105807,1,0.9705882352941176
2105906,1,0.7614678899082569
2105922,1,0.7848101265822784
2105948,2,0.9230769230769231
2105963,1,0.9716981132075472
2105989,2,0.6666666666666666
2106003,2,0.9083969465648855
2106102,2,0.6589147286821705
2106201,1,0.8495575221238938
2106300,2,0.8194444444444444
2106326,1,0.4158730158730159
2106359,1,0.3902439024390244
2106375,1,0.9754098360655737
2106409,1,0.7688442211055276
2106508,1,0.46774193548387094
2106607,1,0.3420074349442379
2106631,1,0.5735294117647058
2106672,1,0.9696969696969697
2106706,1,0.5694444444444444
2106755,1,0.5111111111111111
2106805,2,0.6993006993006993
2106904,1,0.35918367346938773
2107001,1,0.5526315789473685
2107100,1,0.6694560669456067
2107209,1,0.46875
2107258,1,0.7714285714285715
2107308,2,0.5106382978723404
2107357,1,0.6341463414634146
2107407,1,0.5886524822695035
2107456,1,0.37209302325581395
2107506,3,0.5581395348837209
2107605,1,0.7058823529411765
2107704,1,0.7471264367816092
2107803,1,0.5527950310559007
2107902,1,0.5870646766169154
2108009,2,0.6419213973799127
2108058,1,0.6871508379888268
2108108,1,0.9052132701421801
2108207,3,0.6404494382022472
2108256,1,0.5767195767195767
2108306,1,0.6361256544502618
2108405,2,0.6071428571428571
2108454,1,0.6990291262135923
2108504,1,0.5037593984962406
2108603,2,0.47680890538033394
2108702,1,0.639269406392694
2108801,1,0.4174757281553398
2108900,2,0.775
2109007,3,0.7410071942446043
2109056,2,0.3541666666666667
2109106,3,0.44988344988344986
2109205,1,0.5853658536585366
2109239,1,0.75
2109270,1,0.4063926940639269
2109304,1,0.4787234042553192
2109403,1,0.6966292134831461
2109452,1,0.4872389791183295
2109502,1,0.5335689045936396
2109551,2,0.5
2109601,2,0.5721649484536082
2109700,1,0.7761194029850746
2109759,1,0.4090909090909091
2109809,1,0.725
2109908,3,0.5167630057803468
2110005,1,0.5951008645533141
2110039,1,0.8600823045267489
2110104,1,0.798941798941799
2110203,1,0.5664893617021277
2110237,1,0.5333333333333333
2110278,1,0.4032258064516129
2110302,2,0.7304347826086957
2110401,1,0.3825136612021858
2110500,1,0.7961165048543689
2110609,2,0.6822429906542056
2110658,1,0.3706896551724138
2110708,2,0.49712643678160917
2110807,2,0.43333333333333335
2110856,2,0.427536231884058
2110906,2,0.835820895522388
2111003,1,0.5955056179775281
2111029,1,0.7052023121387283
2111052,2,0.44954128440366975
2111078,1,0.5341614906832298
2111102,3,0.5543478260869565
2111201,3,0.5730629225169007
2111250,1,0.5616438356164384
2111300,3,0.569828827387618
2111409,1,0.696969696969697
2111508,1,0.6578366445916115
2111532,1,0.5668789808917197
2111573,3,0.5972222222222222
2111607,3,0.8464566929133859
2111631,1,0.5531914893617021
2111706,1,0.7777777777777778
2111722,1,0.7903225806451613
2111748,1,0.9603960396039604
2111763,1,0.6466165413533834
2111789,1,0.5405405405405406
2111805,2,0.54
2111904,1,0.6
2111953,2,0.8064516129032258
2112001,1,0.5511811023622047
2112100,1,0.44368600682593856
2112209,3,0.7605042016806722
2112233,3,0.9067796610169492
2112274,1,0.3561643835616438
2112308,1,0.6610738255033557
2112407,1,0.6496598639455783
2112456,1,0.5020746887966805
2112506,1,0.5792778649921507
2112605,1,0.3898916967509025
2112704,1,0.9657794676806084
2112803,1,0.5366795366795367
2112852,1,0.7425149700598802
2112902,1,0.606425702811245
2113009,1,0.7364341085271318
2114007,1,0.7303921568627451
2200053,2,0.819672131147541
2200103,3,0.6031746031746031
2200202,3,0.9197860962566845
2200251,2,0.7457627118644068
2200277,2,0.5526315789473685
2200301,2,0.8214285714285714
2200400,3,0.6204506065857885
2200459,2,0.4
2200509,2,0.3282828282828283
2200608,2,0.9587628865979382
2200707,2,0.5714285714285714
2200806,3,0.7380952380952381
2200905,2,0.3
2201002,2,0.9814814814814815
2201051,1,0.6987951807228916
2201101,1,0.45081967213114754
2201150,1,0.8159203980099502
2201176,2,0.9318181818181818
2201200,2,0.599640933572711
2201408,2,0.4
2201507,2,0.46634615384615385
2201556,3,0.8947368421052632
2201606,2,0.6846846846846847
2201705,2,0.4339622641509434
2201739,2,0.8173076923076923
2201770,2,0.4666666666666667
2201903,3,0.9894736842105263
2201919,2,0.7567567567567568
2201929,2,0.3595505617977528
2201945,2,0.7777777777777778
2201960,2,0.425531914893617
2201988,2,0.9534883720930233
2202000,1,0.6174496644295302
2202026,2,0.9830508474576272
2202059,2,0.5238095238095238
2202083,1,0.6267605633802817
2202109,2,1.0
2202117,2,0.5882352941176471
2202133,2,0.9583333333333334
2202174,1,0.6333333333333333
2202208,2,0.5491071428571429
2202251,2,0.8717948717948718
2202307,2,0.37
2202406,2,0.5401459854014599
2202455,2,0.7735849056603774
2202505,1,0.4830508474576271
2202539,1,0.6666666666666666
2202554,2,0.5892857142857143
2202604,2,0.8263473053892215
2202653,1,0.46511627906976744
2202703,1,0.839622641509434
2202711,2,0.6
2202729,2,0.8765432098765432
2202737,2,0.9452054794520548
2202752,2,0.890625
2202778,2,0.42857142857142855
2202802,2,0.7096774193548387
2202851,2,0.6136363636363636
2202901,2,0.376425855513308
2203008,1,0.7954545454545454
2203206,2,0.8102189781021898
2203230,2,0.9230769230769231
2203255,1,0.2682926829268293
2203271,2,0.4794520547945205
2203305,3,0.7326732673267327
2203354,2,0.11363636363636363
2203404,2,0.7671232876712328
2203420,2,0.8222222222222222
2203453,2,0.8727272727272727
2203503,2,0.5108695652173914
2203602,2,0.6585365853658537
2203701,1,0.7294685990338164
2203800,2,0.4444444444444444
2203909,3,0.5361216730038023
2204006,2,0.8421052631578947
2204105,2,0.3225806451612903
2204204,2,0.47619047619047616
2204303,2,0.9659090909090909
2204352,2,0.5348837209302325
2204402,1,0.3897058823529412
2204501,2,0.6796875
2204600,2,0.82
2204659,1,0.33783783783783783
2204709,2,0.6721311475409836
2204808,2,0.9583333333333334
2204907,2,0.34444444444444444
2205003,2,0.7380952380952381
2205102,2,0.859375
2205151,2,0.8431372549019608
2205201,1,0.5914634146341463
2205250,2,0.7647058823529411
2205276,2,0.9512195121951219
2205300,2,0.7543859649122807
2205359,2,0.967741935483871
2205409,2,0.8128342245989305
2205458,2,0.4444444444444444
2205508,2,0.43015521064301554
2205516,2,0.7209302325581395
2205532,2,0.9836065573770492
2205540,2,0.8823529411764706
2205557,1,0.5851063829787234
2205565,2,0.5925925925925926
2205573,2,0.7674418604651163
2205581,1,0.45454545454545453
2205607,2,1.0
2205706,2,0.521311475409836
2205805,1,0.5528846153846154
2205854,1,0.5588235294117647
2205904,2,0.8235294117647058
2205953,1,0.8992805755395683
2206001,2,0.8095238095238095
2206050,2,0.6046511627906976
2206100,1,0.5225225225225225
2206209,1,0.60790273556231
2206407,2,0.4180327868852459
2206506,2,0.9770114942528736
2206605,2,0.5739130434782609
2206654,1,0.19444444444444445
2206670,1,0.4025974025974026
2206696,1,0.6547619047619048
2206704,2,0.3958333333333333
2206720,2,0.5234375
2206803,1,0.45569620253164556
2206902,2,0.8928571428571429
2206951,2,0.8214285714285714
2207009,3,0.7270029673590505
2207207,2,1.0
2207306,2,0.453125
2207405,3,0.7222222222222222
2207504,1,0.4666666666666667
2207553,2,0.5
2207603,2,0.47863247863247865
2207702,3,0.38738127544097695
2207751,1,0.6428571428571429
2207777,2,0.6304347826086957
2207801,2,0.5042372881355932
2207850,2,0.9
2207900,2,0.42779291553133514
2207959,2,0.49206349206349204
2208007,3,0.5511363636363636
2208106,2,0.6176470588235294
2208205,2,0.583756345177665
2208304,1,0.8248730964467005
2208403,3,0.5480769230769231
2208502,1,0.36129032258064514
2208551,1,0.6428571428571429
2208601,2,0.48
2208650,2,0.6741573033707865
2208700,1,0.8051948051948052
2208809,2,0.3167701863354037
2208858,1,0.9242424242424242
2208874,2,0.5483870967741935
2208908,3,0.8494623655913979
2209005,2,0.417910447761194
2209104,2,0.9814814814814815
2209153,2,0.6818181818181818
2209203,1,0.62
2209302,2,0.5588235294117647
2209351,2,0.675
2209377,2,0.5227272727272727
2209401,2,0.5625
2209500,2,0.8536585365853658
2209559,2,0.6666666666666666
2209658,2,0.3684210526315789
2209708,2,0.6461538461538462
2209807,2,0.6415094339622641
2209872,2,0.4444444444444444
2209906,2,0.94
2209971,1,0.8782608695652174
2210003,3,0.649402390438247
2210052,2,0.9264705882352942
2210102,2,0.75
2210201,2,0.9705882352941176
2210300,2,0.8793103448275862
2210409,2,0.4519230769230769
2210508,1,0.671875
2210607,3,0.7360774818401937
2210623,1,0.5
2210631,2,0.7692307692307693
2210656,2,0.7592592592592593
2210706,2,0.8666666666666667
2210805,2,0.675
2210938,2,0.5645161290322581
2210953,2,0.6511627906976745
2211001,3,0.5790313225058005
2211100,1,0.3547008547008547
2211209,3,0.31785714285714284
2211308,3,0.42934782608695654
2211357,2,0.3125
2211407,2,0.7619047619047619
2211506,2,0.4857142857142857
2211704,2,0.5428571428571428
2300101,2,0.9157894736842105
2300150,2,0.8095238095238095
2300200,2,0.9772455089820359
2300309,2,0.6438356164383562
2300408,2,0.7597402597402597
2300507,2,0.9904761904761905
2300606,2,0.8849557522123894
2300705,2,0.9411764705882353
2300754,1,0.8251121076233184
2300804,2,0.945054945054945
2300903,2,0.7445255474452555
2301000,3,0.8404558404558404
2301109,3,0.9115566037735849
2301208,2,0.9085173501577287
2301257,2,0.9935064935064936
2301307,2,0.7719298245614035
2301406,2,0.8068181818181818
2301505,2,0.76
2301604,2,0.9807692307692307
2301703,2,0.7393364928909952
2301802,2,0.9166666666666666
2301851,2,0.7615062761506276
2301901,3,0.8794326241134752
2301950,2,0.9114754098360656
2302008,2,0.6402439024390244
2302057,1,0.9566929133858267
2302107,3,0.8672839506172839
2302206,2,0.8165680473372781
2302305,2,0.9781818181818182
2302404,2,0.9040404040404041
2302503,3,0.9548872180451128
2302602,3,0.9409395973154362
2302701,2,0.8284313725490197
2302800,3,0.9496932515337423
2302909,2,0.8735632183908046
2303006,2,0.9872611464968153
2303105,2,0.9876543209876543
2303204,2,0.8254437869822485
2303303,2,0.9523809523809523
2303402,2,0.8407079646017699
2303501,3,0.8265412748171369
2303600,2,0.8125
2303659,2,1.0
2303709,3,0.6847251585623678
2303808,2,0.9876543209876543
2303907,2,0.9150326797385621
2303931,2,0.9539473684210527
2303956,2,0.9713114754098361
2304004,2,1.0
2304103,3,0.9718100890207715
2304202,3,0.9537190082644628
2304236,2,0.9914163090128756
2304251,3,0.989517819706499
2304269,2,0.9882352941176471
2304277,2,0.9491525423728814
2304285,3,0.9388830347734457
2304301,2,0.96
2304350,3,1.0
2304400,3,0.7499153594402438
2304459,2,0.9288888888888889
2304509,2,0.9819004524886877
2304608,2,0.9764705882352941
2304657,2,1.0
2304707,2,0.9777777777777777
2304806,2,0.9152542372881356
2304905,3,0.968
2304954,2,0.7983539094650206
2305001,2,0.9564516129032258
2305100,2,0.958904109589041
2305209,2,0.9608938547486033
2305233,3,0.9617067833698031
2305266,2,0.6060606060606061
2305308,2,0.9744408945686901
2305332,2,0.9662921348314607
2305357,3,0.7636986301369864
2305407,2,0.75591985428051
2305506,3,0.6342780026990553
2305605,2,0.986013986013986
2305654,2,0.9919354838709677
2305704,1,0.8888888888888888
2305803,2,0.8662131519274376
2305902,2,0.9953810623556582
2306009,3,0.8418079096045198
2306108,2,0.9676470588235294
2306207,3,0.967391304347826
2306256,3,0.8495460440985733
2306306,2,0.8961303462321792
2306405,3,0.8877481177275839
2306504,2,0.9252873563218391
2306553,2,0.9254385964912281
2306603,2,0.990990990990991
2306702,2,0.9367816091954023
2306801,2,0.9387755102040817
2306900,2,0.8925373134328358
2307007,2,0.884393063583815
2307106,2,0.7077363896848138
2307205,2,0.7741935483870968
2307254,3,0.9800884955752213
2307304,3,0.5959339263024143
2307403,2,0.9028776978417267
2307502,2,0.7428571428571429
2307601,3,0.8969465648854962
2307635,2,0.9518716577540107
2307650,3,0.8463022508038586
2307700,3,0.8167730173199635
2307809,2,0.9662921348314607
2307908,2,0.9924242424242424
2308005,2,0.9502369668246445
2308104,2,0.8439849624060151
2308203,2,0.9819819819819819
2308302,2,0.79296875
2308351,2,0.9791666666666666
2308377,2,0.8543046357615894
2308401,2,0.8232323232323232
2308500,2,0.9349397590361446
2308609,2,0.9715639810426541
2308708,3,0.7611408199643493
2308807,2,0.9285714285714286
2308906,2,0.9776951672862454
2309003,2,0.9882352941176471
2309102,3,0.8888888888888888
2309201,2,0.9953051643192489
2309300,2,0.9963369963369964
2309409,2,1.0
2309458,2,0.8473520249221184
2309508,2,0.9107142857142857
2309607,3,0.8785607196401799
2309706,3,0.7832512315270936
2309805,2,0.9117647058823529
2309904,2,1.0
2310001,3,0.7459016393442623
2310100,2,0.943089430894309
2310209,3,0.9507042253521126
2310258,3,0.9381898454746137
2310308,2,0.8828125
2310407,2,0.9420289855072463
2310506,2,0.9970149253731343
2310605,2,0.6440677966101694
2310704,3,0.9131652661064426
2310803,2,0.9349593495934959
2310852,3,0.8860294117647058
2310902,2,1.0
2310951,2,1.0
2311009,2,1.0
2311108,2,0.9206349206349206
2311207,2,0.9104477611940298
2311231,2,0.9746835443037974
2311264,2,0.9904306220095693
2311306,3,0.9247842170160296
2311355,2,0.8831168831168831
2311405,3,0.9874429223744292
2311504,3,0.9314285714285714
2311603,2,0.9245283018867925
2311702,2,0.9849246231155779
2311801,3,0.944954128440367
2311900,2,0.8156028368794326
2311959,2,0.9841897233201581
2312007,2,0.9825783972125436
2312106,2,0.9651162790697675
2312205,2,0.9506493506493506
2312304,2,0.9508771929824561
2312403,3,0.8568568568568569
2312502,5,0.9636363636363636
2312601,2,0.6576576576576577
2312700,2,0.9842931937172775
2312809,2,0.9911504424778761
2312908,3,0.9856957087126138
2313005,2,0.9895833333333334
2313104,3,0.841897233201581
2313203,2,0.9830508474576272
2313252,2,0.9175257731958762
2313302,3,0.920303605313093
2313351,2,0.8008849557522124
2313401,3,0.8600182982616651
2313500,2,0.9175891758917589
2313559,2,0.9525862068965517
2313609,3,0.9512195121951219
2313708,2,0.8867924528301887
2313757,1,0.8221153846153846
2313807,2,0.8214285714285714
2313906,2,0.99
2313955,2,0.9804878048780488
2314003,2,0.9095238095238095
2314102,1,0.9019607843137255
2400109,3,0.3870967741935484
2400208,3,0.40615384615384614
2400307,1,0.48333333333333334
2400505,2,0.5895522388059702
2400604,2,0.40384615384615385
2400703,3,0.5255474452554745
2400802,3,0.550561797752809
2400901,2,0.5
2401008,3,0.4461538461538462
2401107,3,0.42613636363636365
2401206,1,0.31543624161073824
2401305,2,0.4507042253521127
2401404,2,0.35135135135135137
2401453,1,0.4426229508196721
2401602,2,0.2909090909090909
2401701,2,0.5106382978723404
2401800,2,0.5339805825242718
2401859,2,0.27692307692307694
2401909,2,0.37254901960784315
2402006,5,0.47249190938511326
2402105,2,0.40384615384615385
2402204,1,0.31715210355987056
2402303,2,0.416
2402402,3,0.29310344827586204
2402501,2,0.4722222222222222
2402600,2,0.3470948012232416
2402709,2,0.40404040404040403
2402808,2,0.325
2402907,2,0.475
2403004,3,0.5972222222222222
2403103,5,0.46303501945525294
2403202,3,0.5227272727272727
2403251,4,0.36390977443609024
2403301,2,0.6666666666666666
2403400,2,0.5957446808510638
2403509,2,0.4861111111111111
2403608,3,0.34429065743944637
2403707,3,0.5106382978723404
2403806,3,0.4
2404002,2,0.5227272727272727
2404101,2,0.5714285714285714
2404200,1,0.353887399463807
2404309,2,0.4935064935064935
2404408,3,0.6666666666666666
2404507,3,0.4420289855072464
2404606,1,0.3114754098360656
2404705,3,0.4
2404853,3,0.4
2404903,2,0.5106382978723404
2405009,2,0.43037974683544306
2405108,2,0.2833333333333333
2405207,2,0.37209302325581395
2405306,1,0.21951219512195122
2405405,2,0.2631578947368421
2405504,2,0.3157894736842105
2405603,2,0.5670103092783505
2405702,5,0.6388888888888888
2405801,1,0.36462093862815886
2406007,3,0.5
2406106,2,0.4642857142857143
2406205,1,0.28888888888888886
2406304,1,0.30612244897959184
2406502,2,0.36024844720496896
2406601,1,0.6481481481481481
2406700,3,0.3333333333333333
2406809,3,0.46875
2407005,1,0.38571428571428573
2407104,2,0.3057553956834532
2407203,3,0.31843575418994413
2407252,3,0.6
2407302,2,0.2631578947368421
2407401,3,0.5555555555555556
2407500,1,0.35714285714285715
2407609,2,0.2631578947368421
2407708,1,0.44166666666666665
2407807,1,0.5119617224880383
2407906,2,0.3225806451612903
2408003,3,0.44540407156076495
2408102,4,0.3677697067527576
2408201,1,0.4843205574912892
2408300,2,0.2840909090909091
2408508,3,0.7333333333333333
2408607,2,0.2857142857142857
2408805,2,0.31666666666666665
2408904,3,0.638095238095238
2408953,1,0.3068181818181818
2409100,2,0.43434343434343436
2409308,2,0.32941176470588235
2409407,3,0.4095238095238095
2409506,1,0.45
2409704,2,0.3333333333333333
2409803,1,0.25
2409902,2,0.3391304347826087
2410108,2,0.24615384615384617
2410207,2,0.647887323943662
2410256,1,0.425
2410306,1,0.4090909090909091
2410405,1,0.3333333333333333
2410504,2,0.3939393939393939
2410801,2,0.5161290322580645
2410900,1,0.27848101265822783
2411007,2,0.45454545454545453
2411056,3,0.34210526315789475
2411205,3,0.35561497326203206
2411403,2,0.5932203389830508
2411502,3,0.3586206896551724
2411601,2,0.32142857142857145
2411700,3,0.3333333333333333
2411908,2,0.6909090909090909
2412005,3,0.34129213483146065
2412104,3,0.671875
2412203,1,0.3419593345656192
2412302,2,0.5108695652173914
2412401,3,0.5555555555555556
2412500,2,0.4470046082949309
2412559,1,0.30864197530864196
2412609,2,0.35964912280701755
2412807,2,0.2926829268292683
2412906,2,0.49206349206349204
2413003,3,0.5
2413102,1,0.24561403508771928
2413201,1,0.27450980392156865
2413300,1,0.4186046511627907
2413359,1,0.2840909090909091
2413409,5,0.3125
2413508,2,0.48214285714285715
2413557,2,0.6046511627906976
2413607,2,0.4794520547945205
2413706,2,0.48717948717948717
2413904,1,0.34408602150537637
2414001,3,0.40145985401459855
2414100,2,0.5252525252525253
2414159,2,0.38461538461538464
2414209,3,0.25462962962962965
2414407,1,0.38489208633093525
2414456,2,0.10810810810810811
2414506,2,0.4666666666666667
2414605,1,0.36666666666666664
2414704,2,0.45714285714285713
2414803,1,0.44696969696969696
2415008,1,0.4
2500106,3,0.5287356321839081
2500205,2,0.6222222222222222
2500304,2,0.28525641025641024
2500403,1,0.8936170212765957
2500502,2,0.524822695035461
2500536,1,0.45977011494252873
2500577,1,0.5
2500601,1,0.3101851851851852
2500700,2,0.7345132743362832
2500775,2,0.6304347826086957
2500809,1,0.47115384615384615
2500908,2,0.5283018867924528
2501005,2,0.40601503759398494
2501104,2,0.9056603773584906
2501203,2,0.7029702970297029
2501302,2,0.4433497536945813
2501351,2,0.9393939393939394
2501401,2,0.4527027027027027
2501500,1,0.5472972972972973
2501534,2,0.8983050847457628
2501575,2,0.4918032786885246
2501609,2,0.4605263157894737
2501708,2,0.782608695652174
2501807,2,0.3808411214953271
2501906,2,0.35353535353535354
2502003,2,0.4
2502052,2,0.9428571428571428
2502102,2,0.48
2502151,3,0.4931506849315068
2502300,2,0.4473684210526316
2502409,2,0.6024096385542169
2502508,1,0.3684210526315789
2502607,2,0.7959183673469388
2502706,2,0.6829268292682927
2502805,2,0.5154639175257731
2502904,2,0.6470588235294118
2503001,1,0.3029045643153527
2503100,2,0.8974358974358975
2503209,3,0.5752212389380531
2503308,2,0.5423728813559322
2503407,2,0.525
2503506,2,0.6277372262773723
2503555,1,0.47619047619047616
2503605,2,0.7407407407407407
2503704,3,0.5475206611570248
2503803,2,0.3333333333333333
2503902,2,0.6825396825396826
2504009,3,0.49159356725146197
2504033,1,0.6226415094339622
2504074,2,0.8809523809523809
2504157,2,0.5862068965517241
2504207,2,0.96
2504306,3,0.4660633484162896
2504355,2,0.7678571428571429
2504405,2,0.9342105263157895
2504504,2,0.46153846153846156
2504603,2,0.7118226600985221
2504702,2,0.40625
2504801,2,0.49056603773584906
2504900,2,0.4782608695652174
2505006,1,0.9767441860465116
2505105,2,0.6291390728476821
2505204,2,0.24561403508771928
2505238,2,0.23076923076923078
2505352,2,0.5102040816326531
2505402,2,0.45454545454545453
2505709,1,0.9620253164556962
2505808,2,0.6
2506004,3,0.6442687747035574
2506103,1,0.43333333333333335
2506301,3,0.5924170616113744
2506400,2,0.27586206896551724
2506707,1,0.42
2506806,2,0.46875
2506905,2,0.5379746835443038
2507002,3,0.48466257668711654
2507101,1,0.8321678321678322
2507200,2,0.3670886075949367
2507309,1,0.5221238938053098
2507408,2,0.24074074074074073
2507507,4,0.5581053791077657
2507606,2,0.34
2507705,1,0.46
2507804,2,0.7647058823529411
2507903,1,0.4636363636363636
2508000,2,0.47560975609756095
2508109,2,0.6
2508208,1,0.4411764705882353
2508307,2,0.4714285714285714
2508505,2,0.5535714285714286
2508554,2,0.9487179487179487
2508604,1,0.4431818181818182
2508802,3,0.4915254237288136
2508901,1,0.6916488222698073
2509008,1,0.6105263157894737
2509057,1,0.21705426356589147
2509107,2,0.708994708994709
2509156,2,0.9818181818181818
2509206,2,0.40594059405940597
2509305,1,0.5168539325842697
2509339,1,0.7222222222222222
2509396,1,0.6071428571428571
2509404,2,0.6060606060606061
2509503,3,0.8260869565217391
2509602,3,0.9333333333333333
2509701,3,0.61
2509800,2,0.654320987654321
2509909,2,0.4864864864864865
2510006,2,0.6428571428571429
2510105,1,0.6697247706422018
2510204,2,0.38235294117647056
2510303,2,0.7659574468085106
2510402,2,0.90625
2510501,2,0.41304347826086957
2510808,3,0.6777070063694267
2510907,2,0.4027777777777778
2511004,2,0.7
2511103,2,0.835820895522388
2511202,2,0.48936170212765956
2511301,2,0.38181818181818183
2511400,2,0.42408376963350786
2511509,2,0.38372093023255816
2511608,1,0.6179775280898876
2511707,2,0.5526315789473685
2511806,2,0.423728813559322
2511905,1,0.5054945054945055
2512002,2,0.5458715596330275
2512036,2,0.813953488372093
2512077,5,0.5853658536585366
2512101,3,0.659919028340081
2512200,2,0.6341463414634146
2512309,3,0.8652849740932642
2512408,3,0.6238095238095238
2512507,2,0.928698752228164
2512705,2,0.49295774647887325
2512721,1,0.23076923076923078
2512754,2,0.4594594594594595
2512804,2,0.44642857142857145
2512903,2,0.47186147186147187
2513000,2,0.8421052631578947
2513109,2,0.40540540540540543
2513158,1,0.48148148148148145
2513208,2,0.8666666666666667
2513307,2,0.9649122807017544
2513406,3,0.5436241610738255
2513505,2,1.0
2513604,2,0.5263157894736842
2513653,2,0.9
2513703,3,0.3817204301075269
2513802,2,0.42857142857142855
2513901,2,0.4660633484162896
2513927,2,0.6
2513943,2,1.0
2513984,3,0.9743589743589743
2514008,2,0.6097560975609756
2514107,2,0.48484848484848486
2514206,2,0.5952380952380952
2514305,2,0.5263157894736842
2514404,2,0.44680851063829785
2514453,1,0.26785714285714285
2514503,2,0.5597014925373134
2514602,2,0.2903225806451613
2514701,2,0.4838709677419355
2514909,3,0.48333333333333334
2515104,1,0.5675675675675675
2515203,2,0.696969696969697
2515302,1,0.39361702127659576
2515401,2,0.5432098765432098
2515500,2,0.53
2515906,2,0.7454545454545455
2515930,2,0.746031746031746
2516003,2,0.45989304812834225
2516102,2,0.46846846846846846
2516151,2,0.6727272727272727
2516201,3,0.6583969465648855
2516300,2,0.6439393939393939
2516409,2,0.7777777777777778
2516508,2,0.9105691056910569
2516607,2,0.6753246753246753
2516706,2,0.8211382113821138
2516755,2,0.4857142857142857
2516805,2,0.639344262295082
2516904,2,0.45161290322580644
2517001,2,0.7927927927927928
2517209,2,0.6410256410256411
2600054,3,0.46121883656509693
2600104,3,0.7028423772609819
2600203,2,0.5988372093023255
2600302,2,0.6391304347826087
2600401,1,0.5574712643678161
2600500,1,0.5895691609977324
2600609,2,0.5380116959064327
2600708,1,0.39662447257383965
2600807,2,0.6846846846846847
2600906,2,0.5496688741721855
2601003,2,0.625
2601052,1,0.5384615384615384
2601102,1,0.5229455709711847
2601201,3,0.7029850746268657
2601300,1,0.8653846153846154
2601409,1,0.5273159144893111
2601508,2,0.7967479674796748
2601607,1,0.632183908045977
2601706,3,0.4376899696048632
2601805,1,0.7717391304347826
2601904,3,0.5660847880299252
2602001,2,0.47750865051903113
2602100,1,0.6060606060606061
2602209,2,0.6936026936026936
2602308,2,0.7953890489913544
2602407,1,0.8589743589743589
2602506,2,0.7904761904761904
2602605,1,0.49047619047619045
2602704,1,0.8548387096774194
2602803,1,0.5551181102362205
2602902,3,0.5075910931174089
2603009,3,0.6430868167202572
2603108,3,0.6368715083798883
2603207,1,0.5714285714285714
2603306,1,0.4067796610169492
2603405,2,0.8674698795180723
2603454,3,0.5805369127516778
2603504,2,0.6863905325443787
2603603,2,0.6666666666666666
2603702,1,0.6548672566371682
2603801,2,0.6966824644549763
2603900,2,0.9246031746031746
2603926,1,1.0
2604007,3,0.5929824561403508
2604106,3,0.5831442463533225
2604155,2,0.8493150684931506
2604205,2,0.2209737827715356
2604304,3,0.6282051282051282
2604403,2,0.6328125
2604502,2,0.5836734693877551
2604601,3,0.43349753694581283
2604700,1,0.7230769230769231
2604809,2,0.7058823529411765
2604908,2,0.9506172839506173
2605004,3,0.8904109589041096
2605103,2,0.8469945355191257
2605152,3,0.834319526627219
2605202,2,0.3078817733990148
2605301,2,0.5552238805970149
2605400,2,0.8356164383561644
2605459,4,0.8604651162790697
2605509,3,0.4146341463414634
2605608,2,0.6827586206896552
2605707,3,0.5131578947368421
2605806,2,0.711340206185567
2605905,1,0.7716049382716049
2606002,3,0.6971830985915493
2606101,2,0.6649746192893401
2606200,3,0.4586894586894587
2606309,2,0.6788990825688074
2606408,3,0.42953020134228187
2606507,2,0.8208092485549133
2606606,1,0.6319702602230484
2606705,2,0.6206896551724138
2606804,3,0.67008547008547
2606903,2,0.8356164383561644
2607000,1,0.8007518796992481
2607109,2,0.8979591836734694
2607208,3,0.6447467876039304
2607307,1,0.7052341597796143
2607406,2,0.4857142857142857
2607505,1,0.5853658536585366
2607604,3,0.5073170731707317
2607653,2,0.43724696356275305
2607703,3,0.8916666666666667
2607752,3,0.8284671532846716
2607802,2,0.5769230769230769
2607901,3,0.552732707087959
2607950,1,0.8169014084507042
2608008,1,0.35877862595419846
2608057,2,0.6818181818181818
2608107,2,0.757396449704142
2608206,2,0.4673913043478261
2608255,2,0.6896551724137931
2608305,3,0.688034188034188
2608404,2,0.6064516129032258
2608453,3,0.5971223021582733
2608503,2,0.793939393939394
2608602,1,0.8556701030927835
2608701,2,0.8640776699029126
2608750,3,0.6773255813953488
2608800,2,0.5749385749385749
2608909,3,0.6710875331564987
2609006,2,0.822429906542056
2609105,2,0.967479674796748
2609154,1,0.5287356321839081
2609204,1,0.580952380952381
2609303,1,0.5783132530120482
2609402,3,0.44155844155844154
2609501,3,0.5701357466063348
2609600,3,0.6248159057437408
2609709,2,0.9148936170212766
2609808,1,0.5086206896551724
2609907,1,0.3137254901960784
2610004,3,0.6459627329192547
2610103,2,0.5967741935483871
2610202,2,0.9451476793248945
2610301,2,0.6666666666666666
2610400,2,0.5942857142857143
2610509,2,0.7611940298507462
2610608,2,0.6583011583011583
2610707,3,0.5495098039215687
2610806,1,0.5459770114942529
2610905,2,0.6456521739130435
2611002,3,0.662621359223301
2611101,3,0.7030709342560554
2611200,2,0.6385542168674698
2611309,3,0.41353383458646614
2611408,2,0.5060240963855421
2611507,2,0.579185520361991
2611533,3,0.8699186991869918
2611606,4,0.5462794918330308
2611705,2,0.6818181818181818
2611804,2,0.6606334841628959
2611903,1,0.9090909090909091
2612000,2,0.810126582278481
2612109,2,0.9215686274509803
2612208,3,0.7524204702627939
2612307,2,0.7865853658536586
2612406,2,0.6608187134502924
2612455,2,0.6883116883116883
2612471,3,0.8709677419354839
2612505,3,0.5568627450980392
2612554,2,0.5333333333333333
2612604,1,0.645021645021645
2612703,2,0.7222222222222222
2612802,2,0.7954545454545454
2612901,1,0.7183098591549296
2613008,2,0.6429872495446266
2613107,1,0.5325443786982249
2613206,1,0.5423728813559322
2613305,1,0.721030042918455
2613404,1,0.38934426229508196
2613503,2,0.6053921568627451
2613602,3,0.7348993288590604
2613701,3,0.5306345733041575
2613800,2,0.4264705882352941
2613909,3,0.7803680981595092
2614006,2,0.6019900497512438
2614105,3,0.5695364238410596
2614204,1,0.7450424929178471
2614303,3,0.5673076923076923
2614402,2,0.9428571428571428
2614501,3,0.5944055944055944
2614600,2,0.6912751677852349
2614709,2,0.4479166666666667
2614808,1,0.7417218543046358
2614857,1,0.5658914728682171
2615003,2,0.5957446808510638
2615102,1,0.76
2615201,3,0.7130434782608696
2615300,2,0.7745664739884393
2615409,3,0.6423357664233577
2615508,2,0.7317073170731707
2615607,1,0.6925064599483204
2615706,3,0.8059701492537313
2615805,1,0.6855670103092784
2615904,2,0.826530612244898
2616001,2,0.5963302752293578
2616100,3,0.6885245901639344
2616183,2,0.8271604938271605
2616209,2,0.5714285714285714
2616308,2,0.6816143497757847
2616407,3,0.5079681274900398
2616506,2,0.8125
2700102,1,0.4866666666666667
2700201,1,0.4503311258278146
2700300,3,0.438334007278609
2700409,1,0.44341801385681295
2700508,1,0.3276595744680851
2700607,3,0.38524590163934425
2700706,2,0.4589041095890411
2700805,2,0.6511627906976745
2700904,1,0.9888888888888889
2701001,2,0.8823529411764706
2701100,1,0.7966101694915254
2701209,2,0.5414012738853503
2701308,1,0.33905579399141633
2701357,1,0.6185567010309279
2701407,2,0.6754385964912281
2701506,2,0.3695652173913043
2701605,1,0.6231155778894473
2701704,2,0.42786069651741293
2701803,1,0.3885350318471338
2701902,2,0.5178571428571429
2702009,2,0.7731958762886598
2702108,1,0.7336956521739131
2702207,2,0.5466666666666666
2702306,3,0.9224904701397713
2702355,1,0.6796116504854369
2702405,3,0.2839285714285714
2702504,2,0.6385542168674698
2702553,2,0.36496350364963503
2702603,1,0.4484304932735426
2702702,2,0.45901639344262296
2702801,1,0.4968152866242038
2702900,1,0.39746835443037976
2703007,1,0.5443037974683544
2703106,2,0.23553719008264462
2703205,2,0.5100401606425703
2703304,1,0.8008849557522124
2703403,2,0.5466666666666666
2703502,2,0.7710843373493976
2703601,1,0.23469387755102042
2703700,2,0.4032258064516129
2703759,2,0.9565217391304348
2703809,1,0.27411167512690354
2703908,1,0.4423076923076923
2704005,2,0.5698529411764706
2704104,1,0.45384615384615384
2704203,1,0.44654088050314467
2704302,3,0.4072755417956656
2704401,2,0.37894736842105264
2704500,1,0.4583333333333333
2704609,1,0.7477477477477478
2704708,3,0.46029919447640966
2704807,2,0.4148936170212766
2704906,2,0.5757575757575758
2705002,1,0.425
2705101,1,0.48828125
2705200,2,0.4199134199134199
2705309,2,0.28125
2705408,1,0.3111111111111111
2705507,1,0.8461538461538461
2705606,1,0.39855072463768115
2705705,1,0.4528985507246377
2705804,1,0.3597122302158273
2706000,1,0.8068181818181818
2706109,1,0.5357142857142857
2706208,1,0.5125
2706307,3,0.391025641025641
2706406,2,0.5504885993485342
2706422,2,0.5714285714285714
2706448,1,0.3577586206896552
2706505,1,0.32558139534883723
2706604,2,0.38461538461538464
2706703,3,0.4301765650080257
2706802,2,0.4247787610619469
2706901,3,0.4602272727272727
2707107,1,0.25066666666666665
2707206,2,0.49079754601226994
2707305,1,0.4597315436241611
2707404,1,0.2706766917293233
2707503,1,0.8089171974522293
2707602,1,0.6144578313253012
2707701,3,0.3907125700560448
2707800,1,0.46534653465346537
2707909,1,0.38235294117647056
2708006,2,0.442495126705653
2708105,1,0.9767441860465116
2708204,2,0.7096774193548387
2708303,2,0.9532163742690059
2708402,1,0.5050251256281407
2708501,1,0.5376884422110553
2708600,3,0.5762411347517731
2708709,2,0.5032258064516129
2708808,2,0.4226190476190476
2708907,3,0.550185873605948
2708956,1,0.5723270440251572
2709004,2,0.5333333333333333
2709103,2,0.39330543933054396
2709152,2,0.5774278215223098
2709202,1,0.475
2709301,1,0.9478672985781991
2709400,1,0.49606299212598426
2800209,2,0.20930232558139536
2800308,4,0.4443231441048035
2800407,2,0.28703703703703703
2800506,1,0.4557823129251701
2800605,3,0.2805755395683453
2800670,2,0.3597560975609756
2800704,1,0.34532374100719426
2801009,2,0.3548387096774194
2801207,1,0.26956521739130435
2801306,2,0.35962145110410093
2801405,1,0.34959349593495936
2801504,3,0.16326530612244897
2801603,2,0.46875
2801702,1,0.34594594594594597
2801900,3,0.5454545454545454
2802007,2,0.19607843137254902
2802106,3,0.31471135940409684
2802205,1,0.2558139534883721
2802304,1,0.37362637362637363
2802403,2,0.3723404255319149
2802502,3,0.21875
2802700,1,0.15789473684210525
2802809,2,0.3446808510638298
2802908,3,0.4059278350515464
2803005,2,0.5863539445628998
2803203,2,0.4028985507246377
2803302,2,0.5808383233532934
2803401,1,0.39416058394160586
2803500,3,0.37780713342140027
2803609,3,0.26976744186046514
2803807,2,0.373134328358209
2803906,2,0.375
2804003,2,0.3114754098360656
2804102,2,0.5777777777777777
2804201,1,0.35502958579881655
2804300,2,0.22857142857142856
2804409,2,0.31
2804458,2,0.5869565217391305
2804508,2,0.3778801843317972
2804607,2,0.28054298642533937
2804706,2,0.5833333333333334
2804805,3,0.2980392156862745
2804904,1,0.3018867924528302
2805109,2,0.11290322580645161
2805208,2,0.38095238095238093
2805307,2,0.39
2805406,1,0.26666666666666666
2805505,2,0.4117647058823529
2805604,2,0.17543859649122806
2805703,3,0.3626943005181347
2805802,2,0.344
2805901,3,0.31521739130434784
2806008,2,0.4144144144144144
2806107,3,0.390625
2806206,2,0.4514285714285714
2806305,2,0.21951219512195122
2806404,2,0.2247191011235955
2806503,1,0.2682926829268293
2806602,1,0.37623762376237624
2806701,3,0.670299727520436
2806800,3,0.2978723404255319
2807105,2,0.36033519553072624
2807204,2,0.5352112676056338
2807303,2,0.42105263157894735
2807402,2,0.4650602409638554
2807501,1,0.40707964601769914
2807600,2,0.39344262295081966
2900108,5,0.42424242424242425
2900207,2,0.18238993710691823
2900306,2,0.5913978494623656
2900355,2,0.4244604316546763
2900405,1,0.30434782608695654
2900504,2,0.37209302325581395
2900603,2,0.2631578947368421
2900702,3,0.36639676113360325
2900801,2,0.296
2900900,2,0.2391304347826087
2901007,3,0.5100401606425703
2901106,3,0.4714285714285714
2901155,1,0.4322916666666667
2901205,2,0.3217391304347826
2901304,2,0.47794117647058826
2901353,2,0.28440366972477066
2901403,2,0.28440366972477066
2901502,2,0.5595238095238095
2901601,2,0.23170731707317074
2901700,1,0.25757575757575757
2901809,2,0.25316455696202533
2901908,2,0.16521739130434782
2901957,2,0.43243243243243246
2902005,2,0.2891566265060241
2902054,1,0.3826086956521739
2902104,1,0.24471299093655588
2902203,2,0.1794871794871795
2902252,2,0.13114754098360656
2902302,1,0.6
2902401,1,0.3360655737704918
2902500,2,0.3591549295774648
2902609,2,0.367816091954023
2902658,2,0.26666666666666666
2902708,1,0.2848101265822785
2902807,2,0.4716981132075472
2902906,2,0.3059548254620123
2903003,2,0.32432432432432434
2903102,2,0.39622641509433965
2903201,3,0.36094316807738813
2903235,2,0.2975206611570248
2903276,2,0.46153846153846156
2903300,2,0.24719101123595505
2903409,2,0.3392857142857143
2903508,2,0.33064516129032256
2903607,2,0.2982456140350877
2903706,2,0.46511627906976744
2903805,2,0.32142857142857145
2903904,3,0.34553440702781846
2903953,2,0.24444444444444444
2904001,2,0.4895833333333333
2904050,1,0.34
2904100,2,0.32
2904209,2,0.47368421052631576
2904308,2,0.47619047619047616
2904407,2,0.40425531914893614
2904506,2,0.6097560975609756
2904605,3,0.4215328467153285
2904704,2,0.2857142857142857
2904803,2,0.5
2904852,2,0.3277310924369748
2904902,2,0.3305785123966942
2905008,5,0.47959183673469385
2905107,2,0.3670886075949367
2905206,3,0.3901869158878505
2905305,2,0.3037037037037037
2905404,3,0.32867132867132864
2905503,1,0.28187919463087246
2905602,2,0.24607329842931938
2905701,3,0.36559561128526646
2905800,1,0.2838983050847458
2905909,1,0.2804232804232804
2906006,2,0.39095315024232635
2906105,2,0.29545454545454547
2906204,2,0.33725490196078434
2906303,2,0.2867647058823529
2906402,2,0.3076923076923077
2906501,3,0.36666666666666664
2906600,2,0.4166666666666667
2906709,2,0.30864197530864196
2906808,2,0.2319277108433735
2906824,2,0.30128205128205127
2906857,2,0.45454545454545453
2906873,3,0.29338842975206614
2906899,2,0.35555555555555557
2906907,2,0.49777777777777776
2907004,1,0.33043478260869563
2907103,2,0.31962025316455694
2907202,2,0.20930232558139536
2907301,2,0.3054187192118227
2907400,2,0.2571428571428571
2907509,3,0.3939393939393939
2907558,2,0.5084745762711864
2907608,2,0.2564102564102564
2907707,2,0.3619047619047619
2907806,2,0.36538461538461536
2907905,2,0.31088082901554404
2908002,2,0.391304347826087
2908101,2,0.5169082125603864
2908200,3,0.2746478873239437
2908309,2,0.4117647058823529
2908408,3,0.3094170403587444
2908507,3,0.375
2908606,1,0.281437125748503
2908804,2,0.40625
2908903,2,0.21301775147928995
2909000,2,0.5245901639344263
2909109,2,0.30714285714285716
2909208,2,0.36036036036036034
2909307,2,0.26635514018691586
2909406,2,0.41904761904761906
2909505,2,0.34545454545454546
2909604,1,0.4304635761589404
2909703,2,0.4375
2909802,3,0.33564814814814814
2909901,1,0.22938144329896906
2910008,2,0.4107142857142857
2910057,3,0.3225225225225225
2910107,2,0.4274193548387097
2910206,3,0.5238095238095238
2910305,2,0.35294117647058826
2910404,2,0.37254901960784315
2910503,2,0.3254901960784314
2910602,1,0.2395543175487465
2910701,2,0.31336405529953915
2910727,3,0.38373570520965694
2910750,2,0.49572649572649574
2910776,2,0.45454545454545453
2910800,3,0.33191609977324266
2910859,2,0.36764705882352944
2910909,2,0.23255813953488372
2911006,2,0.41025641025641024
2911105,2,0.28205128205128205
2911204,3,0.4719626168224299
2911253,2,0.47368421052631576
2911303,2,0.5432098765432098
2911402,1,0.23529411764705882
2911501,2,0.5
2911600,2,0.2907801418439716
2911659,2,0.367816091954023
2911709,3,0.4639175257731959
2911808,2,0.22641509433962265
2911857,2,0.36363636363636365
2911907,2,0.28517110266159695
2912004,5,0.6119402985074627
2912103,2,0.3795180722891566
2912202,2,0.3253012048192771
2912301,2,0.5
2912400,2,0.36875
2912509,2,0.46808510638297873
2912608,2,0.15625
2912707,1,0.22058823529411764
2912806,2,0.3783783783783784
2912905,2,0.37435897435897436
2913002,2,0.37362637362637363
2913101,2,0.28
2913200,3,0.328719723183391
2913408,2,0.42574257425742573
2913457,2,0.43636363636363634
2913507,2,0.3148148148148148
2913606,3,0.2663280116110305
2913705,1,0.30131004366812225
2913804,2,0.46511627906976744
2913903,3,0.25153374233128833
2914000,2,0.344578313253012
2914109,2,0.5915492957746479
2914307,2,0.36363636363636365
2914406,2,0.4423791821561338
2914505,2,0.3253012048192771
2914604,3,0.4683333333333333
2914653,3,0.24920127795527156
2914703,3,0.4106666666666667
2914802,3,0.2975295381310419
2914901,3,0.3119266055045872
2915007,1,0.45454545454545453
2915106,2,0.23529411764705882
2915205,2,0.4421052631578947
2915304,3,0.25
2915353,2,0.328
2915403,2,0.15254237288135594
2915502,2,0.3409090909090909
2915601,3,0.37410071942446044
2915700,2,0.36764705882352944
2915809,2,0.2698412698412698
2915908,1,0.24528301886792453
2916104,2,0.2857142857142857
2916203,2,0.35384615384615387
2916302,2,0.234375
2916401,3,0.3221601489757914
2916500,2,0.5122699386503068
2916609,2,0.36619718309859156
2916708,2,0.3424657534246575
2916807,2,0.4107142857142857
2916856,3,0.5421686746987951
2916906,3,0.3
2917003,2,0.21052631578947367
2917102,2,0.28846153846153844
2917201,2,0.4397905759162304
2917300,3,0.2916666666666667
2917334,2,0.2553191489361702
2917359,2,0.43157894736842106
2917409,2,0.5686274509803921
2917508,3,0.2849462365591398
2917607,2,0.5370018975332068
2917706,2,0.40772532188841204
2917805,2,0.46853146853146854
2917904,1,0.36082474226804123
2918001,3,0.3948220064724919
2918100,2,0.29533678756476683
2918209,2,0.4666666666666667
2918308,2,0.40816326530612246
2918357,2,0.531496062992126
2918407,3,0.29310344827586204
2918506,2,0.4344262295081967
2918555,3,0.3157894736842105
2918605,5,0.3333333333333333
2918803,2,0.45454545454545453
2919009,2,0.21212121212121213
2919058,2,0.43103448275862066
2919108,1,0.1956521739130435
2919157,2,0.25249169435215946
2919207,3,0.2875
2919306,2,0.37662337662337664
2919405,2,0.6547619047619048
2919504,2,0.3805970149253731
2919553,3,0.3571972581873572
2919603,1,0.3013698630136986
2919702,2,0.4473684210526316
2919801,2,0.315018315018315
2919900,2,0.125
2919926,5,0.25806451612903225
2919959,2,0.47368421052631576
2920007,2,0.32558139534883723
2920106,2,0.23423423423423423
2920205,2,0.3368421052631579
2920304,2,0.7027027027027027
2920403,2,0.4166666666666667
2920452,2,0.3728813559322034
2920502,3,0.43575418994413406
2920601,2,0.5449101796407185
2920809,2,0.18571428571428572
2920908,2,0.26732673267326734
2921005,3,0.5691823899371069
2921054,2,0.4251968503937008
2921104,2,0.4690265486725664
2921203,2,0.3695652173913043
2921302,2,0.4605263157894737
2921401,2,0.29411764705882354
2921450,2,0.46153846153846156
2921500,1,0.2749003984063745
2921609,2,0.28888888888888886
2921708,1,0.2831050228310502
2921807,5,0.6
2921906,2,0.38823529411764707
2922003,3,0.47959183673469385
2922052,2,0.2882882882882883
2922102,2,0.3333333333333333
2922201,2,0.4126984126984127
2922250,2,0.22033898305084745
2922300,2,0.5172413793103449
2922409,2,0.4892086330935252
2922607,2,0.5051546391752577
2922656,2,0.26136363636363635
2922730,2,0.3191489361702128
2922755,2,0.4897959183673469
2922805,2,0.3465346534653465
2922854,2,0.2702702702702703
2922904,2,0.3140495867768595
2923001,3,0.37214137214137216
2923035,2,0.7317073170731707
2923050,2,0.390625
2923100,2,0.21287128712871287
2923209,2,0.39285714285714285
2923308,2,0.5058823529411764
2923357,1,0.3404255319148936
2923407,2,0.3576158940397351
2923506,3,0.4044943820224719
2923605,2,0.48936170212765956
2923704,2,0.2446351931330472
2923803,2,0.3979591836734694
2923902,2,0.3283582089552239
2924009,3,0.3050847457627119
2924058,2,0.39215686274509803
2924108,2,0.13333333333333333
2924207,1,0.20454545454545456
2924306,2,0.4533333333333333
2924405,1,0.22506393861892582
2924504,2,0.38333333333333336
2924603,2,0.3918918918918919
2924652,3,0.5569620253164557
2924678,2,0.42857142857142855
2924702,2,0.5647058823529412
2924801,2,0.4057971014492754
2924900,2,0.42857142857142855
2925006,2,0.2430939226519337
2925105,2,0.42930591259640105
2925204,3,0.5154639175257731
2925253,2,0.3699421965317919
2925303,3,0.455
2925402,2,0.2753623188405797
2925501,2,0.3273657289002558
2925600,2,0.2
2925709,2,0.3177570093457944
2925808,2,0.30319148936170215
2925907,2,0.3484848484848485
2925931,2,0.7547169811320755
2925956,2,0.3352601156069364
2926004,2,0.3525835866261398
2926103,2,0.23577235772357724
2926301,2,0.38372093023255816
2926400,2,0.5252525252525253
2926509,2,0.3395061728395062
2926608,2,0.40718562874251496
2926657,2,0.5263157894736842
2926707,5,0.5573770491803278
2926806,2,0.43820224719101125
2926905,2,0.15625
2927002,2,0.332089552238806
2927101,2,0.2839506172839506
2927200,2,0.2793522267206478
2927309,2,0.4577114427860697
2927408,4,0.3685639085375884
2927507,2,0.3157894736842105
2927606,2,0.2838709677419355
2927705,3,0.37362637362637363
2927804,2,0.37037037037037035
2927903,2,0.4731182795698925
2928000,3,0.2914572864321608
2928059,1,0.28421052631578947
2928109,2,0.26294820717131473
2928208,2,0.3869565217391304
2928307,2,0.22950819672131148
2928406,2,0.3204633204633205
2928505,2,0.27631578947368424
2928604,2,0.369620253164557
2928703,3,0.4089935760171306
2928802,3,0.3186372745490982
2928901,3,0.5407166123778502
2928950,2,0.5294117647058824
2929008,2,0.3132530120481928
2929057,2,0.36585365853658536
2929107,2,0.41134751773049644
2929206,5,0.2573099415204678
2929255,2,0.33544303797468356
2929305,3,0.24630541871921183
2929354,2,0.2727272727272727
2929370,2,0.2840909090909091
2929404,2,0.36764705882352944
2929503,3,0.46096654275092935
2929602,3,0.6504065040650406
2929701,2,0.3068181818181818
2929750,2,0.5263157894736842
2929800,2,0.2073170731707317
2929909,2,0.3497536945812808
2930006,2,0.423728813559322
2930105,3,0.2402464065708419
2930154,2,0.26651480637813213
2930204,2,0.24242424242424243
2930303,2,0.33088235294117646
2930402,2,0.36666666666666664
2930501,2,0.19917864476386038
2930600,2,0.2569444444444444
2930709,3,0.42137271937445697
2930766,2,0.4246575342465753
2930774,3,0.3443708609271523
2930808,2,0.3181818181818182
2930907,2,0.4330708661417323
2931004,2,0.4742268041237113
2931053,2,0.6179775280898876
2931103,2,0.30666666666666664
2931202,2,0.475177304964539
2931301,2,0.41818181818181815
2931350,3,0.35040234089246525
2931400,2,0.3055555555555556
2931509,2,0.2956989247311828
2931608,1,0.44755244755244755
2931707,2,0.28421052631578947
2931806,2,0.42857142857142855
2931905,2,0.35546875
2932002,2,0.4027777777777778
2932101,2,0.3893129770992366
2932200,2,0.31125827814569534
2932309,2,0.41904761904761906
2932408,2,0.27710843373493976
2932457,2,0.22950819672131148
2932507,2,0.5816326530612245
2932606,2,0.40540540540540543
2932705,2,0.2641509433962264
2932804,2,0.33043478260869563
2932903,3,0.31894484412470026
2933000,5,0.37254901960784315
2933059,2,0.2073170731707317
2933109,2,0.43636363636363634
2933158,2,0.1794871794871795
2933174,2,0.4
2933208,2,0.38271604938271603
2933257,2,0.3584905660377358
2933307,3,0.42745930644019814
2933406,1,0.45
2933455,2,0.5537190082644629
2933505,1,0.3116883116883117
2933604,2,0.32251908396946566
3100104,5,0.9615384615384616
3100203,5,0.7891891891891892
3100302,5,0.8431372549019608
3100609,2,0.7870370370370371
3100807,5,0.8913043478260869
3100906,2,0.6243386243386243
3101003,2,0.7479674796747967
3101102,5,0.6293103448275862
3101201,5,0.8571428571428571
3101409,5,0.926829268292683
3101508,5,0.5598455598455598
3101607,4,0.7304747320061256
3101631,5,0.782608695652174
3101706,3,0.5490196078431373
3101805,5,0.7096774193548387
3101904,4,0.7870967741935484
3102001,5,0.8541666666666666
3102050,5,0.8709677419354839
3102100,5,0.8555555555555555
3102209,2,0.8478260869565217
3102308,4,0.8148148148148148
3102407,5,0.6567164179104478
3102605,4,0.753125
3102704,2,0.7796610169491526
3102803,4,0.6741573033707865
3102852,2,0.8505747126436781
3102902,5,0.7142857142857143
3103009,5,0.84375
3103405,5,0.6353790613718412
3103504,4,0.6579457364341085
3103702,3,0.9322033898305084
3103751,4,0.7350427350427351
3103900,4,0.9032258064516129
3104007,4,0.7592936802973977
3104106,4,0.8392857142857143
3104205,4,0.8873626373626373
3104304,5,0.8831168831168831
3104452,2,0.8666666666666667
3104502,3,0.48633879781420764
3104601,4,0.8861788617886179
3104700,2,0.5567010309278351
3104809,5,0.4897959183673469
3104908,5,0.7833333333333333
3105004,5,0.9
3105103,5,0.8074534161490683
3105202,5,0.775
3105301,4,0.9444444444444444
3105400,4,0.6447761194029851
3105509,5,0.8918918918918919
3105608,4,0.8383720930232558
3105707,5,0.9411764705882353
3105905,4,0.8311688311688312
3106002,5,0.7321428571428571
3106200,4,0.7053459905071197
3106309,3,0.66
3106408,5,0.9743589743589743
3106507,3,0.8909090909090909
3106606,2,0.85
3106655,2,0.8333333333333334
3106705,4,0.6728088825891803
3106903,4,0.7009345794392523
3107109,4,0.7494407158836689
3107208,5,0.7358490566037735
3107307,5,0.7821011673151751
3107406,4,0.7473233404710921
3107505,5,0.6024096385542169
3107604,4,0.8723404255319149
3107703,5,0.90625
3107802,5,0.7762237762237763
3107901,3,0.6827586206896552
3108008,5,0.8387096774193549
3108107,5,0.8709677419354839
3108206,5,0.6851851851851852
3108255,2,0.4675324675324675
3108305,5,0.8012048192771084
3108404,4,0.8472222222222222
3108503,2,0.8275862068965517
3108552,3,0.7669902912621359
3108602,3,0.7667844522968198
3108701,5,0.8108108108108109
3108800,5,0.6129032258064516
3108909,5,0.7919463087248322
3109006,4,0.8756345177664975
3109105,5,0.8279569892473119
3109204,3,0.7631578947368421
3109303,5,0.6327868852459017
3109402,2,0.6268656716417911
3109451,5,0.5510204081632653
3109501,5,0.8631578947368421
3109709,4,0.8115942028985508
3109907,4,0.7272727272727273
3110004,5,0.7130434782608696
3110103,5,0.7666666666666667
3110202,5,0.6956521739130435
3110301,5,0.7355371900826446
3110400,5,0.8666666666666667
3110509,4,0.5951557093425606
3110608,4,0.8214285714285714
3110707,5,0.8181818181818182
3110905,4,0.6496815286624203
3111002,4,0.819672131147541
3111101,5,0.7416666666666667
3111150,2,0.7297297297297297
3111200,4,0.8556701030927835
3111309,5,0.7640449438202247
3111408,3,0.5257731958762887
3111507,4,0.6709677419354839
3111606,5,0.75
3111705,5,0.8571428571428571
3111804,4,0.7010309278350515
3111903,5,0.9347826086956522
3112000,5,0.9032258064516129
3112059,2,0.6666666666666666
3112109,2,0.6818181818181818
3112208,5,0.7741935483870968
3112307,3,0.825
3112406,5,0.7910447761194029
3112505,5,0.7818181818181819
3112604,4,0.7398843930635838
3112653,5,0.7674418604651163
3112703,2,0.6375838926174496
3112802,5,0.8476190476190476
3112901,2,0.8333333333333334
3113008,2,0.7044025157232704
3113206,4,0.8229665071770335
3113305,5,0.624031007751938
3113404,4,0.6795321637426901
3113503,5,0.7093023255813954
3113602,4,0.7428571428571429
3113701,5,0.5611510791366906
3113800,5,0.6333333333333333
3113909,3,0.7878787878787878
3114006,5,0.6805555555555556
3114105,5,0.7586206896551724
3114204,4,0.7268292682926829
3114303,5,0.8666666666666667
3114402,5,0.6871165644171779
3114501,4,0.8165680473372781
3114550,5,0.6422018348623854
3114600,4,0.8979591836734694
3114808,5,0.71875
3115102,4,0.7764705882352941
3115300,5,0.6474820143884892
3115359,5,0.711864406779661
3115458,2,0.6842105263157895
3115474,2,0.75
3115508,5,0.74375
3115706,5,0.7272727272727273
3115805,5,0.9166666666666666
3115904,3,0.4489795918367347
3116001,5,0.6607142857142857
3116100,2,0.6527777777777778
3116159,2,0.6923076923076923
3116209,5,0.7608695652173914
3116308,3,0.8085106382978723
3116407,5,0.8529411764705882
3116506,3,0.6875
3116605,4,0.8299319727891157
3116704,5,0.8311688311688312
3116803,2,0.9090909090909091
3116902,5,0.7435897435897436
3117009,2,0.6808510638297872
3117108,4,0.7835051546391752
3117207,5,0.7666666666666667
3117306,4,0.5884244372990354
3117504,5,0.8058252427184466
3117603,5,0.925
3117702,5,0.7829457364341085
3117801,5,0.7830188679245284
3117836,2,0.6595744680851063
3117876,4,0.6891891891891891
3117900,4,0.8376068376068376
3118007,4,0.7422867513611615
3118106,2,0.6
3118205,4,0.6533333333333333
3118304,4,0.835236541598695
3118403,5,0.5625
3118601,4,0.7061508367746142
3118700,5,0.8243243243243243
3118809,2,0.7925531914893617
3118908,5,0.7954545454545454
3119005,5,0.7352941176470589
3119104,3,0.8571428571428571
3119203,5,0.734375
3119302,4,0.7958477508650519
3119401,4,0.6437125748502994
3119500,2,0.6825396825396826
3119708,5,0.9215686274509803
3119906,5,1.0
3119955,4,0.9615384615384616
3120003,2,0.625
3120102,3,0.78
3120151,2,0.49206349206349204
3120201,4,0.860655737704918
3120300,3,0.5490196078431373
3120409,5,0.8983050847457628
3120508,5,0.8203125
3120607,5,0.9038461538461539
3120706,5,0.8082191780821918
3120805,5,0.7591240875912408
3120839,5,0.6923076923076923
3120870,2,0.803921568627451
3120904,4,0.7327823691460055
3121001,5,0.9027777777777778
3121100,5,0.9302325581395349
3121209,4,0.6818181818181818
3121258,3,0.4727272727272727
3121308,5,0.7105263157894737
3121407,5,0.8103448275862069
3121605,4,0.7252066115702479
3121704,5,0.7714285714285715
3121803,5,0.7213114754098361
3121902,3,0.75
3122009,2,0.6827956989247311
3122108,5,0.851063829787234
3122207,2,0.8709677419354839
3122306,4,0.7771493212669683
3122355,3,0.6363636363636364
3122405,4,0.6710526315789473
3122454,3,0.717948717948718
3122504,5,0.7391304347826086
3122603,3,0.7619047619047619
3122702,5,0.9230769230769231
3122900,5,0.9565217391304348
3123007,5,0.7623762376237624
3123106,5,0.7254901960784313
3123205,4,0.8547008547008547
3123304,5,0.96
3123528,3,0.7183098591549296
3123601,5,0.6586345381526104
3123700,3,0.6352941176470588
3123809,2,0.7634408602150538
3123858,3,0.7741935483870968
3123908,5,0.8888888888888888
3124005,5,0.8543046357615894
3124104,3,0.6925601750547046
3124203,5,0.5961538461538461
3124302,2,0.7233333333333334
3124401,3,0.6666666666666666
3124500,5,0.8080808080808081
3124807,5,0.7580645161290323
3124906,5,0.7183098591549296
3125002,5,0.6440677966101694
3125101,4,0.6924137931034483
3125408,2,0.7945205479452054
3125606,2,0.7065217391304348
3125705,5,0.75
3125903,5,0.8823529411764706
3125952,2,0.75
3126000,5,0.8589743589743589
3126109,5,0.8571428571428571
3126208,2,0.8058252427184466
3126307,5,0.6285714285714286
3126703,3,0.42613636363636365
3126752,2,0.717391304347826
3126802,2,0.6973684210526315
3126901,5,0.6559139784946236
3127008,3,0.762962962962963
3127057,2,0.6818181818181818
3127073,2,0.675
3127107,4,0.7390476190476191
3127206,5,0.6851851851851852
3127305,3,0.6323529411764706
3127339,5,0.6530612244897959
3127370,5,0.9142857142857143
3127388,5,0.8064516129032258
3127404,4,0.7708333333333334
3127503,5,0.825
3127602,5,0.9104477611940298
3127701,4,0.6961196820944366
3127800,2,0.8615384615384616
3128006,5,0.7320261437908496
3128105,5,0.7972027972027972
3128204,5,0.8421052631578947
3128253,5,0.8076923076923077
3128303,5,0.6476190476190476
3128402,5,0.7777777777777778
3128501,3,0.7272727272727273
3128600,5,0.5076923076923077
3128709,4,0.6718061674008811
3128808,5,0.5925925925925926
3128907,5,0.8602150537634409
3129004,5,0.8333333333333334
3129103,5,0.8604651162790697
3129202,5,0.7014925373134329
3129301,5,0.6777777777777778
3129400,5,0.88
3129509,5,0.7794117647058824
3129608,2,0.7666666666666667
3129657,2,0.5510204081632653
3129707,5,0.7696969696969697
3129806,3,0.6636308439587129
3129905,5,0.78125
3130051,3,0.7583333333333333
3130101,4,0.7387218045112782
3130200,5,0.7936507936507936
3130309,5,0.9393939393939394
3130408,5,0.8269230769230769
3130507,4,0.6573426573426573
3130556,2,0.8979591836734694
3130606,5,0.8571428571428571
3130655,2,0.8958333333333334
3130705,5,0.5362318840579711
3130903,5,0.847682119205298
3131000,5,0.7794117647058824
3131109,3,0.7763157894736842
3131158,3,0.7947368421052632
3131208,4,0.770949720670391
3131307,4,0.7622993267736924
3131406,5,0.7631578947368421
3131505,5,0.6351351351351351
3131604,5,0.7792207792207793
3131703,4,0.6976744186046512
3131802,5,0.8333333333333334
3131901,4,0.8041237113402062
3132107,2,0.696969696969697
3132206,5,0.9084507042253521
3132305,1,0.608
3132404,4,0.7923728813559322
3132503,3,0.8333333333333334
3132602,5,0.7368421052631579
3132701,2,0.5789473684210527
3132909,4,0.7980769230769231
3133006,5,0.8389830508474576
3133105,4,0.8037383177570093
3133204,5,0.8558558558558559
3133303,3,0.5388888888888889
3133402,5,0.7739130434782608
3133501,5,0.8591549295774648
3133600,4,0.6842105263157895
3133709,5,0.8024691358024691
3133758,4,0.8951612903225806
3133808,4,0.8678678678678678
3133907,5,0.8571428571428571
3134004,2,0.5833333333333334
3134103,5,0.7777777777777778
3134202,4,0.6387024608501118
3134301,5,0.8269230769230769
3134400,4,0.7002801120448179
3134509,4,0.78125
3134608,5,0.7563451776649747
3134707,2,0.5596330275229358
3134806,4,0.8452380952380952
3134905,5,0.7950819672131147
3135050,3,0.6007462686567164
3135100,3,0.6778975741239892
3135209,2,0.5792592592592593
3135308,5,0.8113207547169812
3135357,2,0.7183098591549296
3135407,5,0.8857142857142857
3135456,3,0.5909090909090909
3135506,5,0.8524590163934426
3135605,2,0.7073170731707317
3135704,5,0.6727272727272727
3135803,2,0.6162790697674418
3135902,5,0.8166666666666667
3136009,2,0.6165413533834586
3136207,4,0.8297546012269938
3136306,5,0.7412844036697248
3136405,3,0.7073170731707317
3136504,3,0.5581395348837209
3136520,2,0.7714285714285715
3136553,2,0.7878787878787878
3136579,2,0.9090909090909091
3136603,5,0.9285714285714286
3136652,4,0.6864406779661016
3136702,4,0.5518994914747233
3136900,5,0.8278688524590164
3136959,2,0.45652173913043476
3137007,2,0.5647058823529412
3137106,5,0.5675675675675675
3137205,4,0.8241106719367589
3137304,3,0.7
3137403,5,0.8787878787878788
3137502,4,0.8241206030150754
3137536,3,0.7628865979381443
3137601,4,0.7322097378277154
3137700,5,0.6985645933014354
3137809,4,0.7096774193548387
3138005,5,0.82
3138104,5,0.48
3138203,4,0.6965428937259923
3138302,4,0.7428571428571429
3138351,5,0.8253968253968254
3138401,5,0.6575
3138500,5,0.7105263157894737
3138609,5,0.7131782945736435
3138625,4,0.5966386554621849
3138658,2,0.7777777777777778
3138674,3,0.875
3138682,2,0.7846153846153846
3138708,5,0.975609756097561
3138807,5,0.8680555555555556
3138906,2,0.6612903225806451
3139003,5,0.8920634920634921
3139102,5,0.711864406779661
3139201,2,0.7593582887700535
3139250,5,0.6617647058823529
3139300,2,0.4228855721393035
3139409,5,0.7639751552795031
3139508,5,0.6956521739130435
3139607,5,0.7162162162162162
3139706,5,0.7857142857142857
3139805,4,0.6858974358974359
3139904,5,0.7956204379562044
3140001,5,0.6805324459234608
3140100,5,0.5471698113207547
3140159,3,0.738255033557047
3140209,5,0.6190476190476191
3140308,5,0.7096774193548387
3140506,5,0.78125
3140530,3,0.8387096774193549
3140555,2,0.6701030927835051
3140605,2,0.2727272727272727
3140704,4,0.7566265060240964
3140803,5,0.7807017543859649
3140852,1,0.3125
3140902,5,0.8097165991902834
3141009,3,0.7185185185185186
3141108,4,0.6308900523560209
3141207,5,0.918918918918919
3141306,5,0.7857142857142857
3141405,2,0.6443298969072165
3141504,5,0.6
3141603,5,0.8513513513513513
3141702,5,0.6349206349206349
3141801,3,0.7941176470588235
3141900,5,0.7714285714285715
3142007,5,0.5416666666666666
3142106,5,0.7619047619047619
3142205,5,0.7872340425531915
3142254,2,0.3888888888888889
3142304,5,0.9056603773584906
3142403,4,0.8222222222222222
3142502,5,0.9333333333333333
3142601,4,0.7865168539325843
3142700,2,0.6666666666666666
3142809,4,0.5688073394495413
3142908,3,0.6739130434782609
3143005,5,0.8085106382978723
3143104,5,0.8317535545023697
3143203,4,0.6206896551724138
3143302,4,0.7525035765379113
3143401,5,0.7513227513227513
3143450,2,0.8923076923076924
3143500,5,0.6447368421052632
3143708,5,0.6176470588235294
3143807,3,0.8241758241758241
3143906,5,0.7626752966558792
3144003,3,0.8
3144102,5,0.7569060773480663
3144300,5,0.6
3144359,3,0.647887323943662
3144375,3,0.6458333333333334
3144409,5,0.8604651162790697
3144508,5,0.8522727272727273
3144607,5,0.7771739130434783
3144656,2,0.7727272727272727
3144706,5,0.7231638418079096
3144805,4,0.7976608187134503
3145000,4,0.7894736842105263
3145059,2,0.5185185185185185
3145109,5,0.867816091954023
3145208,4,0.7265569076592698
3145307,2,0.7785467128027682
3145356,2,0.6666666666666666
3145372,2,0.9333333333333333
3145455,2,0.9032258064516129
3145505,5,0.9354838709677419
3145604,4,0.8563218390804598
3145851,3,0.825
3145877,3,0.7540983606557377
3145901,4,0.813953488372093
3146008,5,0.8565217391304348
3146107,5,0.7462932454695222
3146206,2,0.7840909090909091
3146255,2,0.7241379310344828
3146305,2,0.5736842105263158
3146404,5,0.8297872340425532
3146503,4,0.8714285714285714
3146552,2,0.7678571428571429
3146701,5,0.7575757575757576
3146750,2,0.7
3146909,5,0.8955223880597015
3147006,5,0.6919032597266036
3147105,5,0.765807962529274
3147204,4,0.6902173913043478
3147303,5,0.8118279569892473
3147402,4,0.7244444444444444
3147600,5,0.8085106382978723
3147709,5,0.7865168539325843
3147907,4,0.8288621646623496
3147956,2,0.85
3148004,4,0.803125
3148103,4,0.7212121212121212
3148202,5,0.8148148148148148
3148301,5,0.9113924050632911
3148400,2,0.9069767441860465
3148509,2,0.8354430379746836
3148608,2,0.7454545454545455
3148707,3,0.6046511627906976
3148756,2,0.7936507936507936
3148806,5,0.8529411764705882
3148905,5,1.0
3149002,5,0.8
3149101,5,0.8666666666666667
3149150,2,0.49333333333333335
3149200,4,0.8
3149309,4,0.7591362126245847
3149507,5,0.6904761904761905
3149606,5,0.8070175438596491
3149705,4,0.8133333333333334
3149804,4,0.834061135371179
3149903,4,0.7916666666666666
3149952,2,0.44
3150000,2,0.7758620689655172
3150109,5,0.75
3150158,2,0.7375886524822695
3150208,5,0.8055555555555556
3150307,5,0.6363636363636364
3150406,5,0.8461538461538461
3150505,5,0.9436619718309859
3150539,3,0.8125
3150570,2,0.6421052631578947
3150604,5,0.7777777777777778
3150703,4,0.7676767676767676
3150802,5,0.7661290322580645
3150901,5,0.7894736842105263
3151008,4,0.8514851485148515
3151107,4,0.6631578947368421
3151206,3,0.70578231292517
3151305,5,0.859504132231405
3151404,5,0.7881040892193308
3151503,4,0.7378640776699029
3151602,4,0.6619718309859155
3151701,5,0.7071428571428572
3151800,4,0.7851387645478961
3151909,5,0.8837209302325582
3152006,3,0.6643835616438356
3152105,4,0.7875288683602771
3152131,2,0.7647058823529411
3152170,2,0.6777777777777778
3152204,2,0.7215568862275449
3152303,5,0.9649122807017544
3152402,2,0.7027027027027027
3152501,4,0.6892797319932998
3152600,5,0.8032786885245902
3152709,5,0.9310344827586207
3152808,5,0.5
3152907,5,0.7764705882352941
3153004,5,0.5306122448979592
3153301,5,0.7954545454545454
3153400,5,0.7763157894736842
3153509,4,0.7875
3153608,4,0.6363636363636364
3153905,4,0.6986301369863014
3154002,5,0.8392857142857143
3154101,5,0.6052631578947368
3154150,5,0.8586956521739131
3154200,4,0.8214285714285714
3154309,5,0.627906976744186
3154408,5,0.813953488372093
3154457,3,0.7303370786516854
3154507,2,0.7
3154606,3,0.6062554808535516
3154705,5,0.8
3154804,5,0.7297297297297297
3154903,5,0.6293103448275862
3155108,2,0.7636363636363637
3155207,5,0.8333333333333334
3155306,5,0.9795918367346939
3155405,4,0.651685393258427
3155504,4,0.6113989637305699
3155603,3,0.8694029850746269
3155702,5,0.8
3155801,4,0.7872340425531915
3155900,5,0.6176470588235294
3156007,2,0.6407766990291263
3156106,5,0.8235294117647058
3156304,4,0.819672131147541
3156403,5,0.7027027027027027
3156502,2,0.7567567567567568
3156601,2,0.639344262295082
3156700,4,0.7256317689530686
3156809,2,0.7459016393442623
3156908,4,0.7987616099071208
3157005,3,0.7704081632653061
3157104,2,0.5945945945945946
3157203,5,0.6655948553054662
3157252,5,0.6947368421052632
3157302,5,0.9111111111111111
3157336,4,0.4430379746835443
3157500,2,0.76
3157609,2,0.725
3157658,2,0.890625
3157708,4,0.580952380952381
3157807,4,0.7091304347826087
3157906,3,0.6
3158003,3,0.7766990291262136
3158102,2,0.5238095238095238
3158201,2,0.8389830508474576
3158300,5,0.8793103448275862
3158508,5,0.6486486486486487
3158607,5,0.8333333333333334
3158805,5,0.8666666666666667
3158904,2,0.7714285714285715
3158953,3,0.7012195121951219
3159001,5,0.8135593220338984
3159209,5,0.9242424242424242
3159308,5,0.7777777777777778
3159357,3,0.5952380952380952
3159506,5,0.8409090909090909
3159605,4,0.7876344086021505
3159704,5,0.8333333333333334
3159803,4,0.6309523809523809
3159902,5,0.8074534161490683
3160009,5,0.45161290322580644
3160108,5,0.9423076923076923
3160306,2,0.6534653465346535
3160405,4,0.8169014084507042
3160454,2,0.6610169491525424
3160702,4,0.7254901960784313
3160801,3,0.7666666666666667
3160900,4,0.813953488372093
3160959,5,0.9361702127659575
3161007,5,0.8429752066115702
3161056,5,0.6666666666666666
3161106,2,0.6209150326797386
3161205,5,0.90625
3161304,5,0.7611940298507462
3161403,5,0.782608695652174
3161502,5,0.8773584905660378
3161601,5,0.7
3161650,5,0.7631578947368421
3161700,5,0.8275862068965517
3161809,5,0.7894736842105263
3161908,5,0.9146341463414634
3162005,5,0.7615062761506276
3162104,4,0.7537878787878788
3162203,5,0.8409090909090909
3162252,3,0.7843137254901961
3162401,2,0.632768361581921
3162450,1,0.3387096774193548
3162500,5,0.7740112994350282
3162559,3,0.7171052631578947
3162575,5,0.7288135593220338
3162609,5,0.6842105263157895
3162708,2,0.8732394366197183
3162807,5,0.7019867549668874
3162906,5,0.697560975609756
3162922,3,0.8243559718969555
3162948,5,0.7252747252747253
3162955,4,0.7530487804878049
3163102,5,0.8260869565217391
3163201,5,0.86
3163300,5,0.6428571428571429
3163409,5,0.86
3163508,2,0.8181818181818182
3163607,5,0.8666666666666667
3163706,4,0.8528610354223434
3163805,5,0.7794117647058824
3163904,5,0.9714285714285714
3164001,5,0.6753246753246753
3164100,5,0.8837209302325582
3164209,3,0.7790697674418605
3164308,5,0.775
3164407,4,0.9066666666666666
3164472,2,0.821917808219178
3164506,2,0.813953488372093
3164605,3,0.7692307692307693
3164704,4,0.812874251497006
3165008,5,0.925531914893617
3165107,4,0.8214285714285714
3165206,5,0.9014084507042254
3165305,4,0.8169014084507042
3165404,4,0.7536231884057971
3165503,2,0.85
3165537,4,0.8252631578947368
3165552,1,0.6885245901639344
3165578,3,0.646551724137931
3165701,5,0.9176470588235294
3165909,5,0.90625
3166006,5,0.8627450980392157
3166204,5,0.8072289156626506
3166303,2,0.8461538461538461
3166501,2,0.7333333333333333
3166709,5,0.6547619047619048
3166808,3,0.7407407407407407
3166907,5,0.8181818181818182
3167103,5,0.6711409395973155
3167202,4,0.7172743574417214
3167400,5,0.8769230769230769
3167608,3,0.7317073170731707
3167707,3,0.775
3167806,4,0.8888888888888888
3167905,5,0.75
3168002,3,0.8578947368421053
3168101,5,0.796875
3168309,5,0.9433962264150944
3168408,5,0.7604166666666666
3168507,5,0.7159090909090909
3168606,4,0.66890756302521
3168705,4,0.7923664122137405
3168804,5,0.6825396825396826
3168903,5,0.8225806451612904
3169000,5,0.7105263157894737
3169109,4,0.8899082568807339
3169208,5,0.8059701492537313
3169307,4,0.7017241379310345
3169356,5,0.833922261484099
3169406,4,0.8203703703703704
3169505,2,0.7450980392156863
3169604,5,0.5859030837004405
3169703,5,0.8225806451612904
3169802,4,0.6714285714285714
3169901,4,0.7861557478368356
3170008,2,0.6170212765957447
3170057,5,0.6932515337423313
3170107,4,0.6154653603918825
3170206,4,0.6513268390997649
3170305,2,0.5
3170404,4,0.675392670157068
3170438,5,0.7272727272727273
3170479,5,0.8
3170503,5,0.8125
3170529,3,0.6736842105263158
3170578,3,0.8333333333333334
3170651,5,0.8979591836734694
3170701,4,0.7215189873417721
3170750,3,0.9333333333333333
3170800,5,0.7086092715231788
3170909,2,0.6936416184971098
3171006,5,0.6551724137931034
3171030,1,0.4666666666666667
3171071,5,0.7692307692307693
3171105,5,0.7647058823529411
3171154,5,0.8181818181818182
3171204,3,0.7061643835616438
3171303,5,0.7827715355805244
3171402,5,0.75
3171501,3,0.6744186046511628
3171600,2,0.8493150684931506
3171709,5,0.7380952380952381
3171808,4,0.6612903225806451
3171907,2,0.7096774193548387
3172004,4,0.7541436464088398
3172103,3,0.7631578947368421
3200102,5,0.9205776173285198
3200136,5,0.9452054794520548
3200169,3,0.8157894736842105
3200201,5,0.8648648648648649
3200300,4,0.8725490196078431
3200359,5,0.8369565217391305
3200409,5,0.8831168831168831
3200508,5,0.6285714285714286
3200607,4,0.7433628318584071
3200706,3,0.7787610619469026
3200805,4,0.7454545454545455
3200904,5,0.8699360341151386
3201001,5,0.8564102564102564
3201100,4,0.6666666666666666
3201159,3,0.8899082568807339
3201209,4,0.7206858407079646
3201308,3,0.6471383506083822
3201407,4,0.8283828382838284
3201506,4,0.783273381294964
3201605,3,0.6792929292929293
3201704,4,0.8421052631578947
3201803,5,0.8214285714285714
3201902,4,0.8219895287958116
3202009,5,0.8155339805825242
3202108,3,0.9393939393939394
3202207,4,0.6282722513089005
3202256,4,0.8207547169811321
3202306,4,0.7674418604651163
3202405,4,0.7651363938789089
3202454,3,0.8216374269005848
3202504,4,0.8103448275862069
3202553,3,0.8197674418604651
3202603,4,0.7611940298507462
3202652,3,0.8169014084507042
3202702,4,0.8732394366197183
3202801,3,0.751937984496124
3202900,5,0.8148148148148148
3203007,3,0.7
3203056,3,0.8078703703703703
3203106,4,0.7727272727272727
3203130,4,0.776
3203163,5,0.8985507246376812
3203205,4,0.6783284742468416
3203304,5,0.950920245398773
3203320,4,0.6971830985915493
3203346,4,0.868020304568528
3203353,4,0.782258064516129
3203403,5,0.6548223350253807
3203502,5,0.8045454545454546
3203601,3,0.8405797101449275
3203700,5,0.8171428571428572
3203809,4,0.7571428571428571
3203908,5,0.8356435643564356
3204005,5,0.863013698630137
3204054,5,0.8178913738019169
3204104,3,0.8439716312056738
3204203,4,0.709375
3204252,5,0.8
3204302,5,0.6978021978021978
3204351,4,0.8298755186721992
3204401,4,0.7686567164179104
3204500,3,0.7373737373737373
3204559,3,0.8543689320388349
3204609,4,0.825531914893617
3204658,5,0.8541666666666666
3204708,4,0.8106508875739645
3204807,5,0.6237623762376238
3204906,4,0.7060766182298547
3204955,5,0.8932038834951457
3205002,4,0.6072545340838024
3205010,3,0.7122969837587007
3205036,4,0.71875
3205069,4,0.8790035587188612
3205101,3,0.6907407407407408
3205150,4,0.6129032258064516
3205176,4,0.7973568281938326
3205200,4,0.6838009903324688
3205309,4,0.7338769458858414
3300100,4,0.6088913899831176
3300159,5,0.6813186813186813
3300209,5,0.5598194130925508
3300225,5,0.6304347826086957
3300233,4,0.6861198738170347
3300258,4,0.583554376657825
3300308,4,0.48735955056179775
3300407,4,0.6423135464231354
3300456,3,0.391304347826087
3300506,5,0.6740088105726872
3300605,5,0.7068273092369478
3300704,4,0.5524412296564195
3300803,3,0.4978902953586498
3300902,5,0.6422018348623854
3300936,5,0.6014492753623188
3300951,4,0.67
3301009,3,0.39580171977744055
3301108,5,0.5308641975308642
3301157,5,0.3619631901840491
3301207,5,0.6857142857142857
3301306,4,0.588
3301405,5,0.5586592178770949
3301504,4,0.648936170212766
3301603,5,0.6521739130434783
3301702,3,0.45661753532897736
3301801,5,0.5476190476190477
3301850,3,0.47386172006745364
3301876,4,0.6950819672131148
3301900,3,0.5127153404429861
3302007,3,0.41993127147766324
3302056,5,0.625
3302106,5,0.6914893617021277
3302205,4,0.6553755522827688
3302254,4,0.6810344827586207
3302270,3,0.36589861751152075
3302304,5,0.484375
3302403,4,0.5938993017273061
3302452,4,0.780952380952381
3302502,3,0.46783428763893564
3302601,4,0.4172494172494173
3302700,4,0.5976361767728674
3302809,5,0.5714285714285714
3302858,3,0.3545232273838631
3302908,4,0.7040358744394619
3303005,4,0.696969696969697
3303104,5,0.5727272727272728
3303203,4,0.4735605170387779
3303302,4,0.5124947056332063
3303401,4,0.6897001303780965
3303500,3,0.3360501567398119
3303609,4,0.7002724795640327
3303708,4,0.5128939828080229
3303807,4,0.4891566265060241
3303856,3,0.7534246575342466
3303906,4,0.6533687943262412
3303955,4,0.6347517730496454
3304003,5,0.6137184115523465
3304102,4,0.5284552845528455
3304110,4,0.6311111111111111
3304128,5,0.6052631578947368
3304144,3,0.38095238095238093
3304151,3,0.7061068702290076
3304201,4,0.7273652085452695
3304300,5,0.571969696969697
3304409,5,0.6530612244897959
3304508,5,0.68
3304524,4,0.6889589905362776
3304557,4,0.6428785330906913
3304607,5,0.6714285714285714
3304706,5,0.7462235649546828
3304755,2,0.4681724845995893
3304805,5,0.4822485207100592
3304904,4,0.4378255945639864
3305000,5,0.592057761732852
3305109,3,0.36059771922925676
3305133,5,0.8055555555555556
3305158,5,0.7658730158730159
3305208,4,0.5564236111111112
3305307,5,0.4915254237288136
3305406,5,0.6717171717171717
3305505,4,0.6256323777403036
3305554,3,0.5091836734693878
3305604,3,0.5769230769230769
3305703,3,0.753731343283582
3305752,3,0.551622418879056
3305802,4,0.6473000683526999
3305901,5,0.7868852459016393
3306008,4,0.5172955974842768
3306107,4,0.5571030640668524
3306156,5,0.8333333333333334
3306206,5,0.603448275862069
3306305,4,0.634185952090946
3500105,4,0.66
3500204,4,0.8636363636363636
3500303,4,0.6169014084507042
3500402,5,0.6037735849056604
3500501,4,0.44505494505494503
3500550,4,0.49038461538461536
3500600,4,0.8095238095238095
3500709,4,0.6515151515151515
3500758,5,0.6290322580645161
3500808,4,0.75
3501004,4,0.676829268292683
3501103,4,0.717948717948718
3501152,4,0.5396825396825397
3501301,4,0.7246963562753036
3501400,5,0.6
3501509,5,0.9166666666666666
3501608,4,0.649736147757256
3501707,4,0.7075208913649025
3501806,4,0.7837837837837838
3501905,4,0.6257796257796258
3502002,5,0.6875
3502101,4,0.6529774127310062
3502200,4,0.6077586206896551
3502309,5,0.4696969696969697
3502408,5,0.575
3502507,4,0.5389408099688473
3502606,5,0.868421052631579
3502705,4,0.7452471482889734
3502754,4,0.5442477876106194
3502804,4,0.7417173766058147
3502903,4,0.5641711229946524
3503000,4,0.7222222222222222
3503109,4,0.5679012345679012
3503208,4,0.6627091203453859
3503307,4,0.6529242569511026
3503406,5,0.7906976744186046
3503505,4,0.5666666666666667
3503604,4,0.7480916030534351
3503703,4,0.8688524590163934
3503802,4,0.5445544554455446
3503901,4,0.610236220472441
3504008,4,0.5512082853855006
3504107,4,0.6535061873895109
3504206,4,0.78
3504305,4,0.6363636363636364
3504404,4,0.7711864406779662
3504503,4,0.5264452644526445
3504602,4,0.615686274509804
3504800,4,0.8333333333333334
3504909,5,0.6
3505005,4,0.65
3505104,4,0.6486486486486487
3505203,4,0.7297297297297297
3505302,5,0.8095238095238095
3505351,3,0.6530612244897959
3505401,3,0.34545454545454546
3505500,4,0.5881826320501343
3505609,4,0.5140449438202247
3505708,4,0.6832052177964127
3505807,4,0.47058823529411764
3505906,4,0.5894736842105263
3506003,4,0.5997846374730796
3506102,4,0.5537918871252204
3506201,5,0.84375
3506300,4,0.4782608695652174
3506359,4,0.6988577362409139
3506409,4,0.75
3506508,4,0.7820636451301832
3506607,4,0.5231788079470199
3506706,5,0.5531914893617021
3506805,4,0.4927536231884058
3506904,4,0.6869565217391305
3507001,4,0.6986089644513137
3507100,4,0.5376712328767124
3507159,3,0.5555555555555556
3507308,4,0.6666666666666666
3507407,4,0.8559322033898306
3507456,4,0.5384615384615384
3507506,4,0.5720486111111112
3507605,4,0.5340350877192982
3507704,4,0.7407407407407407
3507803,4,0.5397489539748954
3507902,4,0.5601851851851852
3508009,3,0.6330935251798561
3508108,4,0.6770186335403726
3508207,4,0.5714285714285714
3508306,5,0.7755102040816326
3508405,4,0.6452095808383234
3508504,4,0.449468085106383
3508603,4,0.4148471615720524
3508702,5,0.7073170731707317
3508801,4,0.601123595505618
3509007,4,0.5248780487804878
3509205,4,0.5305067218200621
3509254,4,0.574025974025974
3509304,4,0.6041666666666666
3509403,4,0.5504587155963303
3509452,4,0.4307692307692308
3509502,4,0.6624339813462187
3509601,4,0.4905437352245863
3509700,4,0.5701357466063348
3509809,5,0.8688524590163934
3509908,4,0.6
3509957,4,0.49056603773584906
3510005,4,0.6791044776119403
3510153,4,0.7931034482758621
3510203,4,0.746031746031746
3510302,4,0.4753521126760563
3510401,4,0.6666666666666666
3510500,4,0.5824468085106383
3510609,4,0.579834045763138
3510708,4,0.5979381443298969
3510807,4,0.6221198156682027
3510906,4,0.75
3511003,4,0.45933014354066987
3511102,4,0.7058029689608637
3511201,4,0.8484848484848485
3511300,4,0.5454545454545454
3511409,4,0.4025423728813559
3511508,4,0.6919191919191919
3511607,4,0.5113636363636364
3511706,4,0.6229508196721312
3511904,4,0.5454545454545454
3512001,4,0.5797872340425532
3512100,4,0.7289719626168224
3512209,4,0.5548961424332344
3512308,4,0.6944444444444444
3512407,4,0.6975308641975309
3512506,4,0.7368421052631579
3512605,5,0.38636363636363635
3512704,4,0.8409090909090909
3512803,4,0.5954631379962193
3512902,4,0.5588235294117647
3513009,4,0.4946533287340462
3513108,4,0.5880597014925373
3513207,4,0.5
3513405,4,0.5631929046563193
3513504,4,0.45105215004574567
3513603,5,0.5777777777777777
3513702,4,0.8068669527896996
3513801,4,0.6
3513900,4,0.6144578313253012
3514007,4,0.9347826086956522
3514106,4,0.5742971887550201
3514304,5,0.7215189873417721
3514403,4,0.6269113149847095
3514502,4,0.7727272727272727
3514601,4,0.6436781609195402
3514700,5,0.9518072289156626
3514809,3,0.7529411764705882
3514908,4,0.5652173913043478
3514924,4,0.8484848484848485
3515004,4,0.4949913644214162
3515103,4,0.5753968253968254
3515152,4,0.48066298342541436
3515186,4,0.7602739726027398
3515194,4,0.5625
3515202,4,0.5949367088607594
3515350,4,0.6984126984126984
3515400,4,0.8291139240506329
3515509,5,0.6149312377210217
3515608,4,0.859375
3515707,4,0.6522182559918409
3516002,4,0.5476190476190477
3516101,4,0.8571428571428571
3516200,4,0.7111244019138756
3516309,3,0.5097222222222222
3516408,4,0.4838169642857143
3516606,5,0.6764705882352942
3516705,4,0.5775577557755776
3516804,4,0.5333333333333333
3516853,5,0.7377049180327869
3516903,4,0.6875
3517000,4,0.6666666666666666
3517109,4,0.868421052631579
3517208,4,0.6031746031746031
3517307,4,0.8367346938775511
3517406,4,0.5359477124183006
3517505,4,0.7150537634408602
3517604,5,0.6041666666666666
3517703,4,0.7777777777777778
3517802,5,0.6111111111111112
3517901,4,0.7326732673267327
3518107,4,0.4727272727272727
3518206,4,0.7219917012448133
3518305,4,0.7688311688311689
3518404,4,0.5597345132743363
3518503,5,0.6821192052980133
3518602,4,0.7868421052631579
3518701,4,0.48891829308633805
3518800,4,0.4997335363532547
3518859,4,0.3389830508474576
3518909,5,0.8095238095238095
3519006,4,0.813953488372093
3519055,4,0.6153846153846154
3519071,4,0.5536676336510568
3519105,4,0.9772727272727273
3519204,4,0.74
3519253,5,0.42592592592592593
3519303,4,0.6928934010152284
3519402,4,0.6239316239316239
3519501,5,0.7076923076923077
3519600,4,0.49510763209393344
3519709,5,0.5316718587746625
3519808,4,0.82
3519907,5,0.5365853658536586
3520004,4,0.7751196172248804
3520103,4,0.5598086124401914
3520202,4,0.5076923076923077
3520301,4,0.6206896551724138
3520400,4,0.43414634146341463
3520426,4,0.6766467065868264
3520442,4,0.8038277511961722
3520509,4,0.6285357737104825
3520608,4,0.7058823529411765
3520707,5,0.7894736842105263
3520806,5,0.9487179487179487
3520905,4,0.55
3521002,4,0.4421052631578947
3521101,4,0.6262626262626263
3521150,4,0.4264705882352941
3521200,3,0.65625
3521309,4,0.6433566433566433
3521408,4,0.6286919831223629
3521507,4,0.7631578947368421
3521606,5,0.9574468085106383
3521705,5,0.8618421052631579
3521804,4,0.4716312056737589
3521903,4,0.8299319727891157
3522000,5,0.4473684210526316
3522109,4,0.48412083656080557
3522208,4,0.5537806176783813
3522307,4,0.54312047399605
3522406,4,0.5642857142857143
3522505,3,0.5561020596372579
3522604,4,0.6307692307692307
3522653,3,0.2982456140350877
3522703,4,0.76
3522802,4,0.7049180327868853
3522901,4,0.5306122448979592
3523008,5,0.7872340425531915
3523107,3,0.5770296185808651
3523206,4,0.5329218106995884
3523305,5,0.6417910447761194
3523404,4,0.7328699106256207
3523503,4,0.5428571428571428
3523602,4,0.7
3523701,4,0.8125
3523800,4,0.6956521739130435
3523909,4,0.6195307545973368
3524006,4,0.48297213622291024
3524105,4,0.5017543859649123
3524204,4,0.6716417910447762
3524303,4,0.5835189309576837
3524402,4,0.5192965315095261
3524501,4,0.6701030927835051
3524600,4,0.5503875968992248
3524709,4,0.7032967032967034
3524808,4,0.7064935064935065
3524907,4,0.5714285714285714
3525003,4,0.5131578947368421
3525102,4,0.4577114427860697
3525201,4,0.4418145956607495
3525300,4,0.55078125
3525409,4,0.5
3525508,4,0.582089552238806
3525607,5,0.65
3525706,4,0.59375
3525805,4,0.5510204081632653
3525854,4,0.5121951219512195
3525904,4,0.705058588168048
3526001,4,0.806282722513089
3526100,4,0.5515463917525774
3526209,4,0.6361031518624641
3526308,5,0.6507936507936508
3526407,4,0.5977859778597786
3526506,5,0.6
3526605,5,0.4578313253012048
3526704,4,0.6193353474320241
3526803,4,0.6359143327841845
3526902,4,0.6321649484536083
3527009,4,0.6103896103896104
3527108,4,0.8145800316957211
3527207,4,0.4801829268292683
3527306,4,0.5801282051282052
3527405,4,0.6842105263157895
3527603,5,0.43089430894308944
3527702,4,0.5531914893617021
3527801,5,0.6111111111111112
3528007,4,0.6263736263736264
3528106,4,0.9629629629629629
3528205,4,0.725
3528304,4,0.9393939393939394
3528403,4,0.49356223175965663
3528502,4,0.6347438752783965
3528601,5,0.6517857142857143
3528809,4,0.9090909090909091
3528858,4,1.0
3528908,5,0.4838709677419355
3529005,4,0.6578631452581032
3529203,4,0.6321243523316062
3529302,4,0.7191679049034175
3529401,4,0.7333333333333333
3529500,4,0.7846153846153846
3529609,4,0.6739130434782609
3529708,4,0.3096774193548387
3529807,5,0.6804123711340206
3529906,4,0.6478260869565218
3530102,4,0.5370370370370371
3530201,4,0.8793103448275862
3530300,4,0.6134969325153374
3530409,4,0.5625
3530508,4,0.7080867850098619
3530607,4,0.48118719326945547
3530706,4,0.6365655070318282
3530805,4,0.5814307458143074
3530904,4,0.75
3531100,4,0.42112299465240643
3531209,4,0.5666666666666667
3531308,4,0.5888157894736842
3531407,4,0.6818181818181818
3531506,4,0.552
3531605,4,0.9375
3531704,4,0.5098039215686274
3531803,4,0.47214854111405835
3531902,4,0.44802867383512546
3532009,4,0.46875
3532058,4,0.7804878048780488
3532108,4,1.0
3532157,4,0.375
3532207,4,0.611764705882353
3532306,5,0.578125
3532405,4,0.6018957345971564
3532504,4,0.7435897435897436
3532603,5,0.7
3532702,4,0.8070175438596491
3532801,4,0.7377049180327869
3532827,3,0.6146788990825688
3532900,4,0.686046511627907
3533007,4,0.5966850828729282
3533205,4,0.8888888888888888
3533254,4,0.6410256410256411
3533304,5,0.7317073170731707
3533403,4,0.5824847250509165
3533502,4,0.7535014005602241
3533601,4,0.6493506493506493
3533700,5,0.9038461538461539
3533908,4,0.7486136783733827
3534005,4,0.7441860465116279
3534104,4,0.3953488372093023
3534203,4,0.4805194805194805
3534302,4,0.5699658703071673
3534401,4,0.4918967587034814
3534609,4,0.5919282511210763
3534708,4,0.5386289445048966
3534757,4,0.9
3534807,4,0.7613636363636364
3534906,5,0.5375
3535002,5,0.7230769230769231
3535101,4,0.7755102040816326
3535200,5,0.8421052631578947
3535309,4,0.6058823529411764
3535408,4,0.9239766081871345
3535507,4,0.5742574257425742
3535606,5,0.5846994535519126
3535705,4,0.8695652173913043
3535804,5,0.4339622641509434
3535903,4,0.8275862068965517
3536000,4,0.7346938775510204
3536109,4,0.5684210526315789
3536208,4,0.6127167630057804
3536257,5,0.90625
3536307,4,0.6684210526315789
3536406,4,0.7589285714285714
3536505,4,0.6192307692307693
3536604,4,0.8
3536703,4,0.465
3536802,4,0.4878048780487805
3537008,5,0.5176470588235295
3537107,4,0.9416058394160584
3537156,4,0.6774193548387096
3537206,4,0.46226415094339623
3537305,4,0.6336448598130842
3537404,4,0.8390243902439024
3537503,4,0.673469387755102
3537602,4,0.4727272727272727
3537701,4,0.7580645161290323
3537800,4,0.6334405144694534
3537909,4,0.6329113924050633
3538006,4,0.6402266288951841
3538105,4,0.6283185840707964
3538204,4,0.7898550724637681
3538303,5,0.4444444444444444
3538501,5,0.7011494252873564
3538600,4,0.5740072202166066
3538709,4,0.603390772651473
3538808,4,0.7153024911032029
3538907,4,0.4689655172413793
3539004,4,0.7572815533980582
3539103,3,0.4115384615384615
3539202,4,0.6956521739130435
3539301,4,0.5673913043478261
3539400,4,0.4411764705882353
3539509,4,0.672566371681416
3539608,4,0.84
3539707,5,0.8461538461538461
3539806,4,0.5213310580204779
3539905,4,0.5777777777777777
3540002,4,0.6058823529411764
3540101,5,0.9090909090909091
3540200,4,0.6462765957446809
3540259,5,0.5263157894736842
3540408,4,0.8
3540507,4,0.6097560975609756
3540606,4,0.7013487475915221
3540705,4,0.5043478260869565
3540754,4,0.4720812182741117
3540804,4,0.6224489795918368
3540903,4,0.6282722513089005
3541000,4,0.5112899039709318
3541059,4,0.573170731707317
3541208,5,0.796875
3541307,4,0.7223587223587223
3541406,4,0.6118266978922716
3541505,4,0.7637795275590551
3541604,4,0.7326007326007326
3541653,4,0.6610169491525424
3541703,4,0.6818181818181818
3541901,4,0.6736842105263158
3542008,4,0.6470588235294118
3542107,4,0.7142857142857143
3542206,4,0.5982658959537572
3542305,4,0.8431372549019608
3542404,4,0.6058823529411764
3542503,4,0.8450704225352113
3542602,4,0.6439688715953308
3542701,4,0.5523809523809524
3542909,5,0.5445544554455446
3543006,3,0.6478260869565218
3543105,4,0.7457627118644068
3543204,4,0.5869565217391305
3543253,5,0.6097560975609756
3543303,4,0.6706586826347305
3543402,4,0.5618000829531314
3543501,5,0.6385542168674698
3543709,4,0.7640449438202247
3543808,4,0.6352941176470588
3543907,4,0.5449029126213593
3544004,4,0.589041095890411
3544103,4,0.616751269035533
3544202,4,0.8470588235294118
3544251,4,0.8238993710691824
3544301,4,0.6744186046511628
3544509,5,0.75
3544608,5,0.46511627906976744
3544806,4,0.6811594202898551
3544905,4,0.49473684210526314
3545001,4,0.6515151515151515
3545100,4,0.6296296296296297
3545159,4,0.6435643564356436
3545209,4,0.6784343821949348
3545308,4,0.46794871794871795
3545407,4,0.45054945054945056
3545506,5,0.9
3545605,5,0.6416666666666667
3545704,4,0.5846153846153846
3545803,4,0.6694110196326789
3546009,4,0.49056603773584906
3546207,5,0.7333333333333333
3546306,4,0.6007194244604317
3546405,4,0.7061855670103093
3546504,4,0.9148936170212766
3546603,4,0.5414201183431953
3546702,4,0.6413793103448275
3546801,4,0.6758893280632411
3546900,4,0.7096774193548387
3547007,5,0.8732394366197183
3547106,5,0.8055555555555556
3547304,4,0.6064896755162242
3547502,4,0.6835443037974683
3547601,4,0.7537688442211056
3547700,4,0.7931034482758621
3547809,4,0.6096316023080337
3547908,4,0.671875
3548005,4,0.6150234741784038
3548054,4,0.632183908045977
3548104,4,0.7246376811594203
3548203,4,0.7361111111111112
3548401,4,0.7741935483870968
3548500,4,0.5283516483516484
3548609,4,0.5866666666666667
3548708,4,0.5430355284673704
3548807,4,0.6624087591240876
3548906,4,0.62548828125
3549102,4,0.6172248803827751
3549409,4,0.6826923076923077
3549508,5,0.5061728395061729
3549607,5,0.5294117647058824
3549706,4,0.6795180722891566
3549805,4,0.5700849514563107
3549904,4,0.6461629454384149
3549953,5,0.583941605839416
3550001,5,0.5909090909090909
3550100,4,0.606280193236715
3550209,4,0.7396825396825397
3550308,4,0.5659245758850519
3550407,4,0.588957055214724
3550506,5,0.7142857142857143
3550605,4,0.5158620689655172
3550704,4,0.43959390862944164
3550803,5,0.6836734693877551
3550902,4,0.6746987951807228
3551009,4,0.4868766404199475
3551108,4,0.5327102803738317
3551207,4,0.8
3551306,4,0.7647058823529411
3551405,5,0.46153846153846156
3551504,4,0.4462474645030426
3551603,4,0.6966292134831461
3551702,4,0.5440115440115441
3551801,3,0.5244755244755245
3551900,4,0.6086956521739131
3552007,5,0.4714285714285714
3552106,4,0.611336032388664
3552205,4,0.5509946321439848
3552304,4,0.5692307692307692
3552403,4,0.5810510732790526
3552502,4,0.5153930731170973
3552551,5,0.90625
3552601,4,0.9882352941176471
3552700,4,0.6198830409356725
3552809,4,0.49330628803245435
3552908,4,0.6710526315789473
3553005,4,0.7238805970149254
3553104,4,0.391304347826087
3553203,4,0.5737704918032787
3553302,5,0.6031746031746031
3553401,4,0.7424892703862661
3553500,3,0.5728155339805825
3553609,4,0.8018018018018018
3553708,4,0.7364532019704434
3553807,5,0.5720524017467249
3553856,5,0.46987951807228917
3553906,4,0.6794871794871795
3553955,4,0.9166666666666666
3554003,4,0.5396440129449838
3554102,4,0.540064844835572
3554201,5,0.59375
3554300,5,0.7219730941704036
3554409,4,0.7397260273972602
3554508,4,0.6312292358803987
3554706,4,0.6629213483146067
3554805,4,0.5384615384615384
3554904,4,0.6973684210526315
3554953,4,0.5538461538461539
3555000,4,0.5522388059701493
3555109,4,0.9344262295081968
3555356,4,0.7391304347826086
3555406,4,0.3683127572016461
3555505,4,0.5606060606060606
3555604,4,0.8775510204081632
3555802,4,0.7671232876712328
3556008,4,0.6578947368421053
3556107,4,0.8582089552238806
3556206,4,0.48492159227985526
3556305,4,0.7063197026022305
3556354,4,0.6627906976744186
3556404,4,0.6189189189189189
3556453,4,0.6440366972477064
3556503,4,0.531986531986532
3556602,4,0.5106382978723404
3556701,4,0.5590909090909091
3556800,4,0.6037735849056604
3556909,4,0.5287356321839081
3557006,4,0.5485040797824116
3557105,4,0.6191117092866757
3557204,4,0.5089285714285714
3557303,4,0.5238095238095238
4100103,4,0.6052631578947368
4100202,5,0.6142857142857143
4100301,3,0.8714285714285714
4100400,3,0.4586739327883742
4100459,5,0.7446808510638298
4100509,5,0.7860262008733624
4100608,4,0.7051282051282052
4100707,5,0.648
4100806,4,0.7264150943396226
4100905,3,0.7662337662337663
4101002,4,0.7056277056277056
4101051,5,0.696969696969697
4101101,4,0.645
4101150,4,0.8604651162790697
4101200,5,0.6414141414141414
4101309,5,0.8817204301075269
4101408,4,0.7875734676742233
4101507,4,0.7141659681475272
4101606,4,0.6812865497076024
4101655,5,0.7551020408163265
4101705,5,0.7745664739884393
4101804,4,0.6906845084920227
4101903,4,0.80625
4102000,4,0.806615776081425
4102109,4,0.75390625
4102208,4,0.8863636363636364
4102307,4,0.7566371681415929
4102406,5,0.7284768211920529
4102505,5,0.7741935483870968
4102604,4,0.744
4102703,4,0.7272727272727273
4102752,5,0.8780487804878049
4102802,5,0.5506329113924051
4102901,5,0.7030567685589519
4103008,5,0.9259259259259259
4103040,5,0.59375
4103057,5,0.5333333333333333
4103107,3,0.5764192139737991
4103156,4,0.9285714285714286
4103206,4,0.7415730337078652
4103222,4,0.7142857142857143
4103305,5,0.7532467532467533
4103354,4,0.8541666666666666
4103370,5,0.7777777777777778
4103404,5,0.6363636363636364
4103453,4,0.7854671280276817
4103479,5,0.6326530612244898
4103503,4,0.6923076923076923
4103602,4,0.5810055865921788
4103701,4,0.7705357142857143
4103800,4,0.8351648351648352
4103909,4,0.7797356828193832
4103958,3,0.8461538461538461
4104006,4,0.670487106017192
4104055,5,0.7872340425531915
4104105,3,0.8080808080808081
4104204,4,0.6941624365482234
4104253,4,0.5797101449275363
4104303,4,0.7721280602636534
4104402,5,0.8562091503267973
4104428,3,0.6481481481481481
4104451,3,0.717391304347826
4104501,5,0.8
4104600,5,0.7832512315270936
4104659,4,0.697452229299363
4104709,4,0.6666666666666666
4104808,4,0.7445168938944873
4104907,4,0.746384872080089
4105003,5,0.5641025641025641
4105102,4,0.7340425531914894
4105201,3,0.5054347826086957
4105300,4,0.8461538461538461
4105409,4,0.7112068965517241
4105508,4,0.7522321428571429
4105607,4,0.632258064516129
4105706,4,0.7487437185929648
4105805,4,0.6091583360206385
4105904,4,0.7843137254901961
4106001,5,0.4077669902912621
4106100,5,0.6938775510204082
4106209,4,0.774074074074074
4106308,4,0.851528384279476
4106407,4,0.7396907216494846
4106456,5,0.6282051282051282
4106506,4,0.7475083056478405
4106555,5,0.8793103448275862
4106571,4,0.868421052631579
4106605,4,0.7344398340248963
4106704,4,0.7142857142857143
4106803,5,0.8469945355191257
4106852,5,0.9444444444444444
4106902,4,0.6617658438443086
4107009,3,0.6855345911949685
4107108,4,0.7857142857142857
4107124,5,0.8333333333333334
4107157,3,0.7432432432432432
4107207,4,0.8264150943396227
4107256,4,0.6909090909090909
4107306,4,0.6166666666666667
4107405,5,0.8636363636363636
4107504,5,0.8264462809917356
4107520,5,0.7096774193548387
4107538,4,0.96
4107546,5,0.8205128205128205
4107553,5,0.9591836734693877
4107603,4,0.7216981132075472
4107652,3,0.6481195260175168
4107702,4,0.6190476190476191
4107736,5,0.7974683544303798
4107751,5,0.7717391304347826
4107801,5,0.8518518518518519
4107850,5,0.8548387096774194
4107900,4,0.7425149700598802
4108007,4,0.6428571428571429
4108205,5,0.8507462686567164
4108304,4,0.7230869001297017
4108320,5,0.8
4108403,4,0.7617675312199808
4108452,5,0.7804878048780488
4108502,3,0.5616438356164384
4108601,4,0.6412213740458015
4108650,3,0.9047619047619048
4108700,5,0.6206896551724138
4108809,4,0.6965699208443272
4108908,4,0.8214285714285714
4108957,5,0.7191011235955056
4109005,5,0.7536231884057971
4109203,5,0.75
4109302,5,0.7103825136612022
4109401,4,0.6705780095610604
4109500,2,0.5555555555555556
4109609,4,0.6693163751987281
4109658,5,0.7285714285714285
4109708,4,0.7142857142857143
4109757,3,0.7045454545454546
4109807,4,0.656786271450858
4109906,5,0.5238095238095238
4110003,4,0.582089552238806
4110078,3,0.6994535519125683
4110102,5,0.782051282051282
4110201,3,0.7006802721088435
4110300,5,0.696969696969697
4110409,4,0.6981132075471698
4110508,5,0.826530612244898
4110607,4,0.6821705426356589
4110706,4,0.8818316100443131
4110805,4,0.803921568627451
4110904,4,0.7592592592592593
4110953,4,0.8439306358381503
4111001,5,0.8
4111100,4,0.873015873015873
4111209,4,0.7526315789473684
4111258,3,0.5327313769751693
4111308,4,0.4
4111407,5,0.8265895953757225
4111506,4,0.7237354085603113
4111555,4,0.7710843373493976
4111704,4,0.7380952380952381
4111803,4,0.4838709677419355
4111902,4,0.6173469387755102
4112009,4,0.7931818181818182
4112108,4,0.6902173913043478
4112207,5,0.7678571428571429
4112306,5,0.6444444444444445
4112405,4,0.8111111111111111
4112504,4,0.776595744680851
4112702,4,0.6136363636363636
4112751,4,0.9032258064516129
4112801,5,0.8545454545454545
4112900,5,0.5531914893617021
4112959,5,0.6376811594202898
4113007,4,0.6623376623376623
4113106,5,0.7804878048780488
4113205,5,0.7504950495049505
4113254,2,0.4731182795698925
4113304,4,0.6887254901960784
4113403,5,0.8974358974358975
4113429,5,0.8372093023255814
4113452,5,0.7333333333333333
4113502,4,0.7373271889400922
4113601,4,0.5576923076923077
4113700,4,0.7356514453288647
4113734,4,0.8695652173913043
4113759,5,0.7037037037037037
4113809,5,0.78125
4113908,5,0.8757396449704142
4114005,4,0.7518796992481203
4114104,4,0.6242603550295858
4114203,4,0.8170731707317073
4114302,3,0.6402439024390244
4114351,5,0.7096774193548387
4114401,5,0.6686746987951807
4114500,4,0.7213114754098361
4114609,4,0.7647951441578149
4114708,5,0.5
4114807,4,0.7313131313131314
4114906,4,0.8518518518518519
4115002,4,0.7558139534883721
4115101,3,0.5377358490566038
4115200,4,0.7869840313347394
4115309,4,0.675
4115358,4,0.7685185185185185
4115408,4,0.847953216374269
4115457,5,0.821917808219178
4115507,4,0.7380952380952381
4115606,4,0.7090163934426229
4115705,4,0.6391752577319587
4115754,3,0.8120805369127517
4115804,4,0.793984962406015
4115853,4,0.9320388349514563
4116059,4,0.8308823529411765
4116109,5,0.7830188679245284
4116208,4,0.6060606060606061
4116307,4,0.8
4116406,4,0.9487179487179487
4116604,5,0.7878787878787878
4116703,4,0.7538461538461538
4116802,5,0.8787878787878788
4116901,4,0.7478260869565218
4116950,4,0.8809523809523809
4117008,5,0.7971014492753623
4117057,3,0.6794871794871795
4117107,4,0.7394366197183099
4117206,4,0.9154929577464789
4117214,5,0.7962962962962963
4117222,4,0.7266187050359713
4117255,4,0.7272727272727273
4117271,5,0.8536585365853658
4117297,5,0.9714285714285714
4117305,5,0.5755102040816327
4117404,4,0.575
4117453,4,0.9014084507042254
4117503,4,0.6276315789473684
4117602,3,0.5453100158982512
4117701,4,0.6641025641025641
4117800,5,0.6946564885496184
4117909,4,0.745049504950495
4118006,4,0.6887417218543046
4118105,4,0.8015267175572519
4118204,4,0.6226114649681529
4118303,5,0.6153846153846154
4118402,4,0.744466800804829
4118451,4,0.9090909090909091
4118501,4,0.7111834961997828
4118600,5,0.7543859649122807
4118709,5,0.8433734939759037
4118808,4,0.7435897435897436
4118857,4,0.7
4118907,4,0.6222222222222222
4119004,5,0.8852459016393442
4119103,4,0.8351063829787234
4119152,4,0.5733840304182509
4119202,5,0.7727272727272727
4119251,5,0.9705882352941176
4119301,3,0.6112359550561798
4119400,4,0.7461538461538462
4119509,3,0.5094625283875852
4119608,4,0.7342857142857143
4119657,5,0.8285714285714286
4119707,5,0.8
4119806,5,0.7983870967741935
4119905,4,0.7599498589783766
4119954,4,0.6082474226804123
4120002,4,0.8735632183908046
4120101,5,0.7719298245614035
4120200,4,0.7192982456140351
4120309,5,0.75
4120333,5,0.7547169811320755
4120358,4,0.8
4120408,5,0.627906976744186
4120507,5,0.6235294117647059
4120606,5,0.8251028806584362
4120655,5,0.5945945945945946
4120705,4,0.9042553191489362
4120804,4,0.6728395061728395
4120853,4,0.8970588235294118
4120903,5,0.6211453744493393
4121000,3,0.5069444444444444
4121109,4,0.7333333333333333
4121208,4,0.7581967213114754
4121257,5,0.7741935483870968
4121307,5,0.8571428571428571
4121406,4,0.7980769230769231
4121505,4,0.772020725388601
4121604,4,0.8292682926829268
4121703,3,0.8106312292358804
4121752,3,0.8222222222222222
4121802,4,0.8601398601398601
4121901,4,0.8461538461538461
4122008,5,0.8936170212765957
4122107,5,0.6944444444444444
4122156,5,0.7434782608695653
4122172,3,0.7272727272727273
4122206,3,0.6173120728929385
4122305,4,0.8867924528301887
4122404,4,0.7199074074074074
4122503,5,0.7588652482269503
4122602,4,0.422680412371134
4122651,5,0.7714285714285715
4122701,4,0.7986111111111112
4122800,5,0.9310344827586207
4122909,5,0.7288135593220338
4123006,4,0.7738095238095238
4123105,5,0.9142857142857143
4123204,4,0.8
4123303,5,0.5794392523364486
4123402,4,0.6535433070866141
4123501,4,0.793002915451895
4123709,5,0.7476635514018691
4123808,4,0.8275862068965517
4123824,5,0.8571428571428571
4123857,3,0.7089552238805971
4123907,5,0.8350515463917526
4123956,5,0.8
4124004,5,0.5454545454545454
4124020,4,0.7777777777777778
4124053,4,0.7899543378995434
4124103,4,0.555956678700361
4124202,5,0.8823529411764706
4124400,4,0.8155737704918032
4124509,4,0.8023255813953488
4124608,5,0.7333333333333333
4124707,5,0.7159090909090909
4124806,5,0.8731343283582089
4124905,5,0.9310344827586207
4125001,5,0.7352941176470589
4125100,5,0.8010471204188482
4125209,4,0.8484848484848485
4125308,4,0.7090909090909091
4125357,4,0.9014084507042254
4125407,4,0.7611940298507462
4125456,4,0.7454545454545455
4125506,4,0.6463928383359663
4125605,4,0.7080867850098619
4125704,5,0.781437125748503
4125753,4,0.8088235294117647
4125803,5,0.8611111111111112
4126009,5,0.8823529411764706
4126108,4,0.6986301369863014
4126207,5,0.8314606741573034
4126256,3,0.5658703071672355
4126272,4,0.8571428571428571
4126306,3,0.8230088495575221
4126355,4,0.8269230769230769
4126405,5,0.9076923076923077
4126504,4,0.6090225563909775
4126603,4,0.8308270676691729
4126652,5,0.7567567567567568
4126678,3,0.671875
4126702,4,0.46808510638297873
4126801,4,0.610738255033557
4126900,5,0.7727272727272727
4127007,5,0.8823529411764706
4127106,4,0.6243213897937026
4127205,4,0.8940092165898618
4127304,4,0.8160919540229885
4127403,4,0.7621621621621621
4127502,5,0.7805755395683454
4127601,5,0.6859504132231405
4127700,4,0.8188679245283019
4127809,4,0.835820895522388
4127858,4,0.75
4127882,3,0.7580645161290323
4127908,5,0.6823529411764706
4127957,5,0.7938144329896907
4127965,5,0.8497652582159625
4128005,4,0.7755905511811023
4128104,4,0.6326714801444043
4128203,4,0.7361623616236163
4128401,5,0.6615384615384615
4128500,4,0.7403846153846154
4128534,3,0.7692307692307693
4128559,4,0.7657657657657657
4128609,4,0.6770833333333334
4128625,5,0.7045454545454546
4128633,2,0.703125
4128658,4,0.8166666666666667
4128708,4,0.6956521739130435
4128807,5,0.5540540540540541
4200051,4,0.7692307692307693
4200101,3,0.588
4200200,4,0.7662337662337663
4200309,4,0.7169811320754716
4200408,5,0.7066666666666667
4200507,5,0.6666666666666666
4200606,5,0.8
4200705,5,0.4824561403508772
4200804,5,0.803030303030303
4200903,4,0.725
4201000,5,0.7887323943661971
4201208,4,0.7352941176470589
4201257,4,0.7096774193548387
4201273,4,0.9636363636363636
4201307,3,0.49466192170818507
4201406,4,0.61198738170347
4201505,4,0.7950819672131147
4201604,4,0.7555555555555555
4201703,4,0.6206896551724138
4201802,4,0.7317073170731707
4201901,4,0.765625
4201950,4,0.5126050420168067
4202057,4,0.5
4202073,4,0.5166666666666667
4202081,5,0.5555555555555556
4202107,4,0.48265895953757226
4202131,5,0.8153846153846154
4202156,5,0.8
4202206,4,0.7024793388429752
4202305,4,0.459552495697074
4202404,4,0.6477761836441894
4202438,5,0.2765957446808511
4202453,4,0.6782608695652174
4202503,5,0.3469387755102041
4202537,5,0.55
4202602,5,0.45794392523364486
4202701,5,0.6455696202531646
4202800,4,0.5923076923076923
4202859,4,0.6585365853658537
4202909,4,0.6620689655172414
4203006,4,0.6618037135278515
4203105,5,0.53125
4203154,3,0.5866666666666667
4203303,4,0.6
4203402,5,0.4603174603174603
4203501,4,0.4918032786885246
4203600,4,0.6430379746835443
4203709,4,0.43037974683544306
4203808,4,0.7810858143607706
4203907,4,0.6996466431095406
4203956,4,0.6143497757847534
4204004,4,0.7394366197183099
4204103,5,0.5869565217391305
4204152,5,0.7555555555555555
4204194,4,0.6595744680851063
4204202,4,0.592168452161064
4204251,4,0.6355140186915887
4204301,4,0.7178947368421053
4204350,4,0.648936170212766
4204400,4,0.8627450980392157
4204459,4,0.9032258064516129
4204509,4,0.8042328042328042
4204558,5,0.5654761904761905
4204608,4,0.6043521266073195
4204707,5,0.7479674796747967
4204806,4,0.5679611650485437
4204905,5,0.6617647058823529
4205001,4,0.7209302325581395
4205100,4,0.8888888888888888
4205159,4,0.7894736842105263
4205175,3,0.65625
4205191,4,0.6938775510204082
4205209,5,0.5918367346938775
4205308,4,0.6666666666666666
4205407,4,0.5103110800419434
4205431,5,0.7666666666666667
4205456,4,0.6320987654320988
4205506,4,0.7743362831858407
4205605,5,0.7021276595744681
4205704,4,0.7543859649122807
4205803,4,0.6739130434782609
4205902,4,0.6778846153846154
4206009,4,0.6869565217391305
4206108,4,0.7051282051282052
4206207,5,0.6578947368421053
4206306,4,0.7298245614035088
4206405,4,0.8352941176470589
4206504,4,0.6516393442622951
4206603,5,0.6021505376344086
4206652,4,0.432
4206702,4,0.6266666666666667
4206801,4,0.5428571428571428
4206900,4,0.7241379310344828
4207007,4,0.6953242835595776
4207106,4,0.46808510638297873
4207205,5,0.45045045045045046
4207304,4,0.5608247422680412
4207403,4,0.7976190476190477
4207502,4,0.669683257918552
4207577,4,0.9696969696969697
4207601,5,0.8461538461538461
4207650,5,0.896551724137931
4207684,3,0.7796610169491526
4207700,4,0.6413043478260869
4207759,5,0.696969696969697
4207809,5,0.6585365853658537
4207908,4,0.7984496124031008
4208005,5,0.7083333333333334
4208104,5,0.6153846153846154
4208203,4,0.5584295612009238
4208302,4,0.7047184170471842
4208401,4,0.8225108225108225
4208450,4,0.5450643776824035
4208500,5,0.7248322147651006
4208609,4,0.775
4208708,5,0.6548672566371682
4208807,4,0.5960264900662252
4208906,4,0.725748502994012
4209003,4,0.7405405405405405
4209102,4,0.6929163526752072
4209151,3,0.4657534246575342
4209201,5,0.75
4209300,4,0.5230040595399188
4209409,5,0.5208333333333334
4209458,5,0.6666666666666666
4209508,4,0.6071428571428571
4209607,4,0.6975308641975309
4209706,3,0.5942028985507246
4209854,4,0.8478260869565217
4209904,4,0.6033519553072626
4210001,4,0.6290322580645161
4210035,4,0.7966101694915254
4210100,4,0.7424242424242424
4210308,4,0.7415730337078652
4210407,4,0.6161616161616161
4210506,4,0.7628571428571429
4210605,4,0.7660550458715596
4210704,3,0.38461538461538464
4210803,4,0.4819277108433735
4210902,4,0.9512195121951219
4211009,4,0.6057692307692307
4211058,3,0.5338983050847458
4211108,5,0.5462962962962963
4211207,4,0.6931818181818182
4211256,5,0.7368421052631579
4211306,4,0.5286236297198539
4211405,4,0.7285714285714285
4211454,5,0.7111111111111111
4211504,4,0.5462962962962963
4211603,4,0.743421052631579
4211702,5,0.6413502109704642
4211751,4,0.6706349206349206
4211801,4,0.8305084745762712
4211900,4,0.48552338530066813
4212007,5,0.8089887640449438
4212106,5,0.6441717791411042
4212205,4,0.6779661016949152
4212239,5,0.8387096774193549
4212254,4,0.5974842767295597
4212270,5,0.6862745098039216
4212304,4,0.3983050847457627
4212403,4,0.7
4212502,4,0.5125
4212650,5,0.4666666666666667
4212700,4,0.6710526315789473
4212809,4,0.5347593582887701
4212908,4,0.7510204081632653
4213005,4,0.7884615384615384
4213104,5,0.835820895522388
4213153,4,0.90625
4213203,4,0.702247191011236
4213302,5,0.5490196078431373
4213351,5,0.7021276595744681
4213401,5,0.5487804878048781
4213500,4,0.6274509803921569
4213609,4,0.6746987951807228
4213708,4,0.6285714285714286
4213807,5,0.7181818181818181
4214003,4,0.5919282511210763
4214102,5,0.5833333333333334
4214151,4,0.6388888888888888
4214201,4,0.6949152542372882
4214300,5,0.8157894736842105
4214409,5,0.46875
4214508,5,0.8070175438596491
4214607,4,0.6825396825396826
4214706,4,0.6857142857142857
4214805,4,0.510593220338983
4214904,4,0.6825396825396826
4215000,4,0.6790123456790124
4215075,5,0.717948717948718
4215109,5,0.6833333333333333
4215208,5,0.7804878048780488
4215307,4,0.6818181818181818
4215406,4,0.7254901960784313
4215455,4,0.49044585987261147
4215505,4,0.5739130434782609
4215604,5,0.8648648648648649
4215653,4,0.7413793103448276
4215679,5,0.7373737373737373
4215703,4,0.6259541984732825
4215752,4,0.7
4215802,4,0.798234552332913
4216008,4,0.7265625
4216057,5,0.5
4216107,4,0.7922077922077922
4216206,4,0.5421412300683371
4216255,4,0.9230769230769231
4216305,4,0.6967509025270758
4216354,4,0.640625
4216404,4,0.782608695652174
4216503,5,0.43859649122807015
4216602,4,0.5783324482209241
4216701,4,0.8238993710691824
4216800,5,0.5945945945945946
4216909,4,0.7152317880794702
4217006,4,0.6878306878306878
4217105,5,0.5581395348837209
4217204,4,0.6963470319634704
4217253,5,0.6129032258064516
4217303,4,0.8285714285714286
4217402,4,0.7452471482889734
4217501,4,0.6317991631799164
4217550,4,0.975
4217600,4,0.5691056910569106
4217709,4,0.5210843373493976
4217808,4,0.7159090909090909
4217907,4,0.7674418604651163
4217956,5,0.918918918918919
4218004,4,0.34
4218103,4,0.8
4218202,4,0.7540603248259861
4218251,3,0.4444444444444444
4218301,4,0.5170940170940171
4218350,4,0.5294117647058824
4218400,4,0.6222222222222222
4218509,4,0.7246376811594203
4218608,4,0.632183908045977
4218707,4,0.6087962962962963
4218756,4,0.78
4218806,4,0.7286821705426356
4218905,4,0.7610619469026548
4218954,5,0.3488372093023256
4219002,4,0.7083333333333334
4219101,4,0.525
4219176,4,0.7105263157894737
4219200,5,0.8382352941176471
4219309,4,0.6438356164383562
4219358,5,0.75
4219408,5,0.7727272727272727
4219507,4,0.7070484581497798
4219606,5,0.8
4219705,5,0.6037735849056604
4219853,4,0.5733333333333334
4220000,4,0.5167464114832536
4300034,5,0.5217391304347826
4300109,5,0.5740740740740741
4300208,5,0.7391304347826086
4300307,5,0.421875
4300406,5,0.45109780439121755
4300455,5,0.65625
4300505,5,0.6721311475409836
4300570,5,0.5806451612903226
4300604,3,0.3619289340101523
4300638,5,0.5609756097560976
4300646,5,0.7313432835820896
4300703,5,0.7096774193548387
4300802,4,0.5632183908045977
4300877,5,0.43434343434343436
4300901,4,0.4
4301008,4,0.6303030303030303
4301057,5,0.47058823529411764
4301107,4,0.4076923076923077
4301206,5,0.6571428571428571
4301305,5,0.4482758620689655
4301404,5,0.7625
4301602,5,0.4309576837416481
4301636,5,0.44785276073619634
4301651,4,0.5483870967741935
4301701,5,0.76
4301800,5,0.5581395348837209
4301875,3,0.265625
4301909,5,0.3472222222222222
4302006,5,0.6046511627906976
4302105,4,0.49080348499515974
4302204,4,0.6666666666666666
4302303,3,0.4140625
4302352,5,0.5029239766081871
4302402,4,0.648854961832061
4302501,5,0.4772727272727273
4302600,5,0.42424242424242425
4302659,5,0.5666666666666667
4302709,5,0.5
4302808,5,0.48727272727272725
4302907,5,0.4647887323943662
4303004,5,0.4031620553359684
4303103,4,0.41049913941480204
4303509,5,0.5946428571428571
4303558,4,0.5555555555555556
4303608,5,0.5384615384615384
4303707,5,0.5
4303806,5,0.6458333333333334
4303905,4,0.4645799011532125
4304002,5,0.4642857142857143
4304101,5,0.3023255813953488
4304200,5,0.5307017543859649
4304309,5,0.5660377358490566
4304358,5,0.3854166666666667
4304408,4,0.4752688172043011
4304507,5,0.5680473372781065
4304606,4,0.44026635330983155
4304630,4,0.3640776699029126
4304663,3,0.3112033195020747
4304671,5,0.4444444444444444
4304689,5,0.5294117647058824
4304697,4,0.5757575757575758
4304705,4,0.46617915904936014
4304713,5,0.625
4304804,4,0.6293436293436293
4304903,4,0.7738095238095238
4305009,5,0.7142857142857143
4305108,4,0.4375
4305124,5,0.3902439024390244
4305173,5,0.4268292682926829
4305207,4,0.48672566371681414
4305306,5,0.4745762711864407
4305355,5,0.5124223602484472
4305405,5,0.78125
4305439,5,0.45454545454545453
4305447,5,0.6829268292682927
4305454,5,0.3310344827586207
4305504,5,0.8387096774193549
4305702,5,0.6065573770491803
4305801,5,0.49523809523809526
4305871,4,0.6774193548387096
4305900,5,0.44155844155844154
4305959,5,0.4411764705882353
4305975,4,0.525
4306007,4,0.5689655172413793
4306056,5,0.6307692307692307
4306106,5,0.5626168224299065
4306205,5,0.3728813559322034
4306304,5,0.6097560975609756
4306403,4,0.5777126099706745
4306452,5,0.5277777777777778
4306502,5,0.44761904761904764
4306601,5,0.4807692307692308
4306734,4,0.6341463414634146
4306767,4,0.2950310559006211
4306809,4,0.5797872340425532
4306908,5,0.5186721991701245
4306932,4,0.4626865671641791
4306957,5,0.7272727272727273
4307005,4,0.4682454251883746
4307104,5,0.5681818181818182
4307203,5,0.4716981132075472
4307302,4,0.5
4307401,5,0.4864864864864865
4307450,5,0.8
4307500,5,0.5109489051094891
4307559,4,0.45588235294117646
4307609,5,0.43669724770642204
4307708,5,0.46614173228346456
4307807,4,0.5115384615384615
4307906,4,0.5604551920341394
4308003,5,0.8285714285714286
4308078,4,0.6481481481481481
4308102,4,0.4580152671755725
4308201,4,0.5949820788530465
4308300,5,0.6610169491525424
4308409,5,0.5681818181818182
4308508,5,0.6428571428571429
4308607,4,0.5841584158415841
4308706,4,0.7446808510638298
4308805,5,0.23076923076923078
4308904,4,0.5925925925925926
4309001,5,0.5255474452554745
4309050,4,0.3382352941176471
4309100,4,0.5769230769230769
4309209,4,0.4066213921901528
4309308,4,0.3266384778012685
4309407,4,0.49583333333333335
4309506,5,0.7457627118644068
4309555,5,0.6756756756756757
4309605,4,0.5775401069518716
4309654,5,0.36507936507936506
4309704,4,0.6122448979591837
4309753,5,0.4878048780487805
4309803,5,0.6
4309902,5,0.49056603773584906
4310009,5,0.6321243523316062
4310108,4,0.47733333333333333
4310207,4,0.5645371577574967
4310330,4,0.3715277777777778
4310405,4,0.574468085106383
4310439,5,0.6078431372549019
4310504,5,0.5918367346938775
4310538,4,0.37735849056603776
4310603,5,0.4892966360856269
4310652,5,0.65625
4310801,4,0.5707964601769911
4310850,5,0.4
4311007,5,0.47317073170731705
4311106,5,0.603448275862069
4311122,5,0.38095238095238093
4311155,5,0.55
4311205,5,0.4166666666666667
4311254,5,0.6571428571428571
4311304,5,0.5225563909774437
4311403,4,0.4829467939972715
4311502,5,0.45
4311601,5,0.6176470588235294
4311627,5,0.3875
4311700,5,0.6481481481481481
4311718,5,0.5
4311734,5,0.5555555555555556
4311759,5,0.4791666666666667
4311775,5,0.38
4311809,4,0.4652777777777778
4311908,5,0.7741935483870968
4312153,5,0.6226415094339622
4312203,5,0.43243243243243246
4312252,5,0.5647058823529412
4312302,5,0.46296296296296297
4312377,5,0.36363636363636365
4312401,4,0.4362519201228879
4312443,5,0.6333333333333333
4312450,5,0.4918032786885246
4312476,4,0.6666666666666666
4312500,5,0.4076923076923077
4312609,5,0.47368421052631576
4312617,5,0.5555555555555556
4312658,4,0.6050955414012739
4312708,4,0.4485294117647059
4312757,4,0.6470588235294118
4312807,4,0.5901639344262295
4312906,5,0.6133333333333333
4313011,5,0.6
4313037,5,0.72
4313060,5,0.45491803278688525
4313102,5,0.6285714285714286
4313201,4,0.5655737704918032
4313300,4,0.6016260162601627
4313359,5,0.8333333333333334
4313375,4,0.6470588235294118
4313391,5,0.7692307692307693
4313409,4,0.37359413202933983
4313490,5,0.37142857142857144
4313508,4,0.4236559139784946
4313607,5,0.5333333333333333
4313656,5,0.4966887417218543
4313706,5,0.5302491103202847
4313805,5,0.7191011235955056
4313904,4,0.5497076023391813
4313953,5,0.3106796116504854
4314001,4,0.6530612244897959
4314027,5,0.5454545454545454
4314035,5,0.5416666666666666
4314050,4,0.37898089171974525
4314076,5,0.5769230769230769
4314100,4,0.37277777777777776
4314159,5,0.4666666666666667
4314209,5,0.35294117647058826
4314308,5,0.5581395348837209
4314407,5,0.39072847682119205
4314423,4,0.5769230769230769
4314472,5,0.43902439024390244
4314498,5,0.75
4314506,5,0.4567901234567901
4314605,5,0.5441176470588235
4314704,5,0.5612244897959183
4314803,4,0.41009463722397477
4314902,4,0.2829882257409663
4315008,5,0.84375
4315107,5,0.5797101449275363
4315149,4,0.5777777777777777
4315305,5,0.4732510288065844
4315354,5,0.9
4315404,1,0.6440677966101694
4315503,5,0.4444444444444444
4315602,5,0.4420289855072464
4315701,5,0.61198738170347
4315800,4,0.4578313253012048
4315909,5,0.5362318840579711
4316006,4,0.6631578947368421
4316105,4,0.5324675324675324
4316204,5,0.75
4316303,5,0.7058823529411765
4316402,5,0.37142857142857144
4316451,5,0.5866666666666667
4316477,5,0.6111111111111112
4316501,5,0.7049180327868853
4316600,5,0.5375
4316709,5,0.42857142857142855
4316758,4,0.46835443037974683
4316808,4,0.4932170542635659
4316907,4,0.41043890865954924
4316956,5,0.5945945945945946
4316972,5,0.2571428571428571
4317004,5,0.35714285714285715
4317103,5,0.4764705882352941
4317202,4,0.5148095909732017
4317301,5,0.4624505928853755
4317400,4,0.5994897959183674
4317509,5,0.43137254901960786
4317608,5,0.5824915824915825
4317707,5,0.5463917525773195
4317806,4,0.6462585034013606
4317905,4,0.5971223021582733
4318002,5,0.4715447154471545
4318101,5,0.6106194690265486
4318200,4,0.44129554655870445
4318309,5,0.399624765478424
4318408,5,0.6240601503759399
4318424,5,0.7358490566037735
4318481,5,0.4375
4318507,5,0.43388429752066116
4318606,5,0.38333333333333336
4318622,3,0.3617021276595745
4318705,4,0.38440567066521264
4318804,5,0.5681818181818182
4318903,4,0.49728260869565216
4319000,4,0.4473684210526316
4319109,4,0.6440677966101694
4319125,5,0.3548387096774194
4319158,5,0.5066666666666667
4319208,5,0.3902439024390244
4319307,5,0.6176470588235294
4319356,4,0.5925925925925926
4319406,5,0.5784313725490197
4319505,5,0.44019138755980863
4319604,5,0.5277777777777778
4319752,5,0.41935483870967744
4319802,5,0.4634146341463415
4319901,4,0.4467312348668281
4320008,4,0.48054755043227665
4320107,4,0.5
4320206,5,0.6666666666666666
4320263,5,0.7647058823529411
4320305,4,0.6730769230769231
4320354,5,0.23333333333333334
4320404,4,0.5416666666666666
4320602,4,0.3548387096774194
4320677,5,0.36507936507936506
4320701,4,0.6416666666666667
4320800,5,0.6290322580645161
4320859,5,0.22033898305084745
4320909,4,0.46808510638297873
4321006,5,0.7821782178217822
4321105,5,0.5227272727272727
4321204,5,0.45194274028629855
4321303,5,0.26548672566371684
4321329,5,0.8292682926829268
4321352,5,0.3076923076923077
4321402,5,0.625
4321436,5,0.5714285714285714
4321451,4,0.6305970149253731
4321469,5,0.696969696969697
4321501,4,0.4863013698630137
4321600,4,0.41638795986622074
4321667,4,0.5350877192982456
4321709,5,0.4225941422594142
4321808,4,0.5213270142180095
4321857,5,0.6428571428571429
4321907,4,0.5697674418604651
4321956,4,0.5584415584415584
4322004,5,0.6602564102564102
4322103,5,0.5106382978723404
4322202,5,0.4350282485875706
4322251,5,0.546875
4322301,5,0.5263157894736842
4322327,5,0.6153846153846154
4322400,4,0.4668737060041408
4322509,5,0.41899441340782123
4322525,5,0.4666666666666667
4322533,5,0.5652173913043478
4322541,5,0.40625
4322608,4,0.6119096509240246
4322707,5,0.45544554455445546
4322806,4,0.5728155339805825
4322905,5,0.8333333333333334
4323002,4,0.3781443298969072
4323101,5,0.7027027027027027
4323408,5,0.5757575757575758
4323457,5,0.4375
4323804,4,0.3872549019607843
5000203,3,0.7789757412398922
5000252,4,0.6376811594202898
5000609,3,0.702020202020202
5000708,3,0.4148148148148148
5000807,4,0.8
5000856,3,0.845771144278607
5000906,3,0.5655172413793104
5001003,3,0.5806451612903226
5001102,3,0.5807453416149069
5001243,3,0.7338129496402878
5001508,5,0.5234375
5001904,4,0.5264797507788161
5002001,3,0.6756756756756757
5002100,3,0.48598130841121495
5002159,3,0.45985401459854014
5002209,3,0.5904522613065326
5002308,3,0.6132596685082873
5002407,3,0.6564885496183206
5002605,4,0.5879120879120879
5002704,4,0.5169483051694831
5002803,3,0.5591397849462365
5002902,4,0.5478260869565217
5002951,4,0.6357308584686775
5003108,5,0.5882352941176471
5003157,1,0.6187683284457478
5003207,3,0.3848
5003256,3,0.5476718403547672
5003306,3,0.3961456102783726
5003454,3,0.664804469273743
5003488,3,0.4019607843137255
5003504,3,0.6862745098039216
5003702,4,0.5388681592039801
5003751,3,0.5738636363636364
5003801,4,0.5952380952380952
5003900,5,0.8636363636363636
5004007,4,0.74
5004106,3,0.6580645161290323
5004304,3,0.6016597510373444
5004403,4,0.5163934426229508
5004502,3,0.5473251028806584
5004601,3,0.7942857142857143
5004700,4,0.6878306878306878
5004809,1,0.4462809917355372
5004908,5,0.4482758620689655
5005004,4,0.5416666666666666
5005103,5,0.5882352941176471
5005152,3,0.48125
5005202,3,0.3373493975903614
5005251,3,0.7737226277372263
5005400,4,0.4722222222222222
5005608,3,0.39646464646464646
5005681,3,0.4895397489539749
5005707,3,0.6017478152309613
5005806,3,0.6174863387978142
5006002,3,0.5695538057742782
5006200,4,0.6972477064220184
5006259,3,0.7848101265822784
5006275,3,0.7851851851851852
5006309,4,0.5521064301552107
5006358,1,0.6739130434782609
5006408,5,0.5636363636363636
5006606,3,0.682654768544339
5006903,3,0.6754385964912281
5007109,3,0.42720763723150357
5007208,3,0.5272407732864675
5007307,4,0.5308641975308642
5007406,3,0.5034722222222222
5007505,3,0.5
5007554,3,0.5109489051094891
5007695,3,0.6200417536534447
5007703,5,0.5308641975308642
5007802,5,0.5979381443298969
5007901,3,0.38980716253443526
5007935,3,0.7863636363636364
5007950,1,0.5668449197860963
5007976,5,0.8545454545454545
5008008,3,0.48736462093862815
5008305,4,0.8298653610771114
5008404,5,0.5434782608695652
5100102,2,0.4032258064516129
5100201,4,0.7971428571428572
5100250,4,0.7168949771689498
5100300,5,0.7712418300653595
5100359,3,0.4895833333333333
5100409,4,0.5290697674418605
5100508,3,0.5342465753424658
5100607,3,0.6975308641975309
5100805,3,0.7421875
5101001,4,0.918918918918919
5101258,4,0.6055555555555555
5101308,3,0.5873015873015873
5101407,3,0.6266318537859008
5101605,2,0.5263157894736842
5101704,3,0.7268292682926829
5101803,4,0.6685159500693482
5101852,3,0.8230088495575221
5101902,3,0.6912442396313364
5102504,3,0.5163776493256262
5102603,1,0.4351145038167939
5102637,4,0.6713735558408216
5102678,4,0.645
5102686,4,0.6583850931677019
5102694,3,0.7808219178082192
5102702,3,0.42244224422442245
5102793,3,0.9917355371900827
5102850,5,0.654320987654321
5103007,3,0.6869918699186992
5103056,3,0.6619718309859155
5103106,3,0.5232558139534884
5103205,4,0.6422976501305483
5103254,3,0.6892230576441103
5103304,3,0.4782608695652174
5103353,3,0.5471698113207547
5103361,5,0.6949152542372882
5103379,3,0.6267605633802817
5103403,4,0.46919673247106874
5103437,4,0.9295774647887324
5103452,3,0.8292682926829268
5103502,4,0.6082474226804123
5103601,3,0.7195121951219512
5103700,3,0.5163398692810458
5103809,4,0.5833333333333334
5103858,3,0.6
5103908,3,0.625
5103957,5,0.8367346938775511
5104104,3,0.5434782608695652
5104203,5,0.8461538461538461
5104500,5,0.6666666666666666
5104526,4,0.5973154362416108
5104542,4,0.7767857142857143
5104559,4,0.6888888888888889
5104609,3,0.5845410628019324
5104807,4,0.5545977011494253
5104906,2,0.5462184873949579
5105002,5,0.7477477477477478
5105101,5,0.5974358974358974
5105150,4,0.5702479338842975
5105176,3,0.7346938775510204
5105200,4,0.6811594202898551
5105234,5,0.5172413793103449
5105259,4,0.7376237623762376
5105507,3,0.475
5105580,3,0.6569767441860465
5105606,4,0.5254237288135594
5105622,5,0.580327868852459
5105903,3,0.5720164609053497
5106000,5,0.6567164179104478
5106109,3,0.8067226890756303
5106158,5,0.7853403141361257
5106182,3,0.6776859504132231
5106190,4,0.75
5106208,3,0.8043478260869565
5106216,5,0.686046511627907
5106224,4,0.7474518686296716
5106232,3,0.575
5106240,3,0.5821596244131455
5106257,4,0.4489795918367347
5106265,3,0.6698113207547169
5106273,4,0.6938775510204082
5106281,5,0.9381443298969072
5106299,3,0.7974683544303798
5106307,3,0.6071428571428571
5106315,5,0.5833333333333334
5106372,3,0.6524822695035462
5106422,3,0.42184154175588867
5106455,3,0.9016393442622951
5106505,3,0.38544474393531
5106653,4,0.5135135135135135
5106703,5,0.96875
5106752,3,0.6695035460992907
5106778,3,0.5253164556962026
5106802,5,0.75
5106828,3,0.49645390070921985
5107008,3,0.4669421487603306
5107040,4,0.5962264150943396
5107065,3,0.7449494949494949
5107107,4,0.6868131868131868
5107180,3,0.7129629629629629
5107198,5,0.5277777777777778
5107206,4,0.8148148148148148
5107248,3,0.9368421052631579
5107263,5,0.8181818181818182
5107297,5,0.7419354838709677
5107305,3,0.6008771929824561
5107354,3,0.3486238532110092
5107404,3,0.7611940298507462
5107578,5,0.5087719298245614
5107602,4,0.6065407956844234
5107701,3,0.5547445255474452
5107743,3,0.7380952380952381
5107750,4,0.9736842105263158
5107768,3,0.6352941176470588
5107776,2,0.4
5107792,3,0.75
5107800,3,0.49019607843137253
5107859,3,0.3235294117647059
5107875,4,0.8391959798994975
5107909,4,0.542319749216301
5107925,4,0.8158971361776739
5107941,3,0.625
5107958,4,0.5924050632911393
5108006,4,0.6875
5108055,4,0.6181818181818182
5108204,4,0.8857142857142857
5108303,3,0.7
5108352,4,0.23809523809523808
5108402,3,0.6044973544973545
5108501,3,0.5284090909090909
5108600,3,0.5527272727272727
5108808,4,0.6756756756756757
5108857,3,0.8064516129032258
5108907,3,0.6176470588235294
5108956,4,0.9328358208955224
5200050,3,0.64576802507837
5200100,3,0.7967032967032966
5200134,3,0.8160919540229885
5200159,4,0.8181818181818182
5200175,5,0.8705882352941177
5200258,3,0.5391070829137294
5200308,3,0.7581863979848866
5200555,4,0.7217391304347827
5200605,3,0.6015625
5200803,3,0.6521739130434783
5200829,5,0.8974358974358975
5200852,4,0.7884615384615384
5200902,5,0.8064516129032258
5201108,4,0.734717416378316
5201306,4,0.9811320754716981
5201405,3,0.6935217471095614
5201454,4,0.8717948717948718
5201504,5,0.6557377049180327
5201603,5,0.9347826086956522
5201702,4,0.7219730941704036
5201801,3,0.6294117647058823
5202155,5,0.6881720430107527
5202353,5,0.8387096774193549
5202502,4,0.9012345679012346
5202601,5,0.9375
5203203,5,0.7862068965517242
5203302,4,0.6225895316804407
5203401,5,0.7333333333333333
5203500,4,0.8154981549815498
5203559,3,0.8617886178861789
5203575,5,0.6170212765957447
5203609,3,0.9056603773584906
5203807,4,0.927710843373494
5203906,5,0.6513761467889908
5203939,4,0.9666666666666667
5203962,5,0.8571428571428571
5204003,3,0.9368421052631579
5204102,4,0.7829457364341085
5204250,4,0.7938144329896907
5204300,5,0.9152542372881356
5204409,4,0.8456375838926175
5204508,4,0.6297608503100088
5204557,3,0.6086956521739131
5204607,3,0.9361702127659575
5204656,5,0.8181818181818182
5204706,4,0.8194444444444444
5204805,4,0.7722772277227723
5204854,3,0.8527131782945736
5204904,3,0.7657657657657657
5204953,3,0.8297872340425532
5205000,5,0.8586956521739131
5205059,5,0.9130434782608695
5205109,4,0.768664563617245
5205208,5,0.8727272727272727
5205307,2,0.8469387755102041
5205406,4,0.9451219512195121
5205455,5,0.7029702970297029
5205471,4,0.8743961352657005
5205497,3,0.6191646191646192
5205513,3,0.8865248226950354
5205521,3,0.5892857142857143
5205802,5,0.8105263157894737
5205901,5,0.8217821782178217
5206206,3,0.6922169811320755
5206305,4,0.82
5206404,5,0.7899159663865546
5206503,5,0.7272727272727273
5206602,4,0.7272727272727273
5206701,5,0.8392857142857143
5206800,5,0.9696969696969697
5207253,4,0.8333333333333334
5207352,5,0.9090909090909091
5207402,4,0.7243589743589743
5207501,4,0.98
5207535,5,0.7058823529411765
5207600,5,1.0
5207808,4,0.7023809523809523
5207907,3,0.6666666666666666
5208004,4,0.6430401366353544
5208103,4,0.8666666666666667
5208152,4,0.7966101694915254
5208301,5,0.8082191780821918
5208400,4,0.6836158192090396
5208509,4,0.7246376811594203
5208608,4,0.826381059751973
5208707,4,0.6970588235294117
5208806,3,0.8070519098922625
5208905,5,0.875
5209101,4,0.7758186397984886
5209150,5,0.8135593220338984
5209200,3,0.704225352112676
5209408,3,0.6458333333333334
5209606,5,0.8387096774193549
5209705,4,0.6564885496183206
5209804,4,0.725
5209903,3,0.6557377049180327
5209937,5,0.8695652173913043
5209952,4,0.8279569892473119
5210000,4,0.8772277227722772
5210109,4,0.7406015037593985
5210208,4,0.8324175824175825
5210406,3,0.814176245210728
5210562,4,0.7763157894736842
5210604,5,0.9
5210802,5,0.8285714285714286
5210901,4,0.8540772532188842
5211008,5,0.7340425531914894
5211206,4,0.8565891472868217
5211305,4,0.8333333333333334
5211404,5,0.9555555555555556
5211503,4,0.7446043165467626
5211701,5,0.8032786885245902
5211800,4,0.8434782608695652
5211909,4,0.7018308631211857
5212055,5,1.0
5212105,4,0.6708860759493671
5212204,5,0.7978142076502732
5212303,4,0.7586206896551724
5212501,3,0.6641247833622184
5212709,3,0.6825396825396826
5212808,5,0.8778625954198473
5212907,4,0.8333333333333334
5212956,5,0.5245901639344263
5213004,3,0.8389830508474576
5213053,5,0.8
5213087,4,0.8175182481751825
5213103,4,0.8411316648531012
5213509,3,0.8125
5213707,4,0.75
5213756,4,0.7866666666666666
5213772,2,0.6571428571428571
5213806,4,0.6594360086767896
5213855,5,0.96875
5213905,4,1.0
5214002,3,0.6666666666666666
5214051,5,0.9405940594059405
5214101,3,1.0
5214408,4,0.8404255319148937
5214507,4,0.7108753315649867
5214606,5,0.8012232415902141
5214838,5,0.7202797202797203
5214861,5,0.8775510204081632
5214879,5,0.95
5215009,3,0.7627118644067796
5215207,5,0.5483870967741935
5215231,3,0.5760649087221096
5215256,5,0.9464285714285714
5215306,5,0.782608695652174
5215405,4,0.9661016949152542
5215504,5,0.8970588235294118
5215603,3,0.6929577464788732
5215652,4,0.7441860465116279
5215702,4,0.8107344632768362
5215900,4,0.8333333333333334
5216007,5,0.84375
5216304,4,0.9705882352941176
5216403,5,0.6824324324324325
5216452,3,0.7777777777777778
5216809,5,0.8524590163934426
5217104,5,0.7211538461538461
5217203,4,0.6974789915966386
5217302,4,0.6448275862068965
5217401,4,0.8117647058823529
5217609,3,0.7524303305249513
5217708,4,0.8650306748466258
5218003,4,0.49859943977591037
5218052,3,0.7534246575342466
5218102,3,0.7611940298507462
5218300,3,0.810126582278481
5218391,5,0.7727272727272727
5218508,4,0.8014705882352942
5218607,4,0.9701492537313433
5218706,4,1.0
5218789,4,0.9607843137254902
5218805,4,0.8980815347721822
5218904,4,0.8786407766990292
5219001,4,0.9204545454545454
5219100,4,1.0
5219209,5,0.8571428571428571
5219258,4,0.9253731343283582
5219357,5,0.7777777777777778
5219407,4,0.8333333333333334
5219506,5,1.0
5219605,5,0.9166666666666666
5219704,4,0.958904109589041
5219712,5,0.9178082191780822
5219738,4,0.8316831683168316
5219753,3,0.539647577092511
5219803,2,0.6595744680851063
5219902,3,0.7523809523809524
5220009,3,0.898876404494382
5220108,4,0.7632398753894081
5220157,3,0.859375
5220207,3,0.9127272727272727
5220264,5,0.6744186046511628
5220405,4,0.8240740740740741
5220454,3,0.6052219321148825
5220504,4,0.6666666666666666
5220603,4,0.91
5220686,3,0.78125
5220702,5,0.7941176470588235
5221007,4,0.75
5221080,2,0.6229508196721312
5221197,3,0.719626168224299
5221403,3,0.7719745222929937
5221452,5,0.9459459459459459
5221502,4,0.8070175438596491
5221551,3,0.8695652173913043
5221601,4,0.780281690140845
5221700,5,0.9772727272727273
5221809,4,0.6764705882352942
5221858,4,0.6427889207258835
5221908,4,0.8478260869565217
5222005,4,0.8954248366013072
5222054,3,0.8421052631578947
5222203,3,0.7868852459016393
5222302,5,0.8
5300108,4,0.5942743430871512
