id_municipio,municipio,uf,regiao,n_alunos,taxa_prevista,taxa_observada,erro_padrao,residuo,residuo_z,risco,residuo_uf,residuo_ajustado,mun_lag_meta_ano_alvo,meta,distancia_ate_meta_pp,prob_nao_atingir,classificacao
4311403,Lajeado,RS,Sul,733,0.5647880137154647,0.4829467939972715,0.018302400001525245,-0.08184121971819325,-4.471611357601896,0.4352119862845353,-0.0742131756906475,-0.007628044027545744,75.49,0.7549,-19.01119649222306,1.0,risco crítico
4101408,Apucarana,PR,Sul,1191,0.6782874888413467,0.7875734676742233,0.013533446205513082,0.1092859788328766,8.07525128288145,0.3217125111586533,0.07813155795034676,0.031154420882529843,80.0,0.8,-12.171252307958225,1.0,risco crítico
4103701,Cambé,PR,Sul,1120,0.649356124553187,0.7705357142857143,0.014257158433584953,0.12117958973252729,8.499561136044468,0.35064387544681297,0.07813155795034676,0.04304803178218053,79.24,0.7924,-14.30438779263662,1.0,risco crítico
4305108,Caxias do Sul,RS,Sul,3664,0.5381489985849466,0.4375,0.008231167898480735,-0.10064899858494658,-12.227790737147256,0.4618510014150534,-0.0742131756906475,-0.026435822894299077,70.89,0.7089,-17.075097623805146,1.0,risco crítico
4323002,Viamão,RS,Sul,2425,0.5321043917754553,0.3781443298969072,0.010124758921549487,-0.1539600618785481,-15.206294102554903,0.4678956082245447,-0.0742131756906475,-0.0797468861879006,62.36,0.6236,-9.149561432806031,1.0,risco crítico
4322608,Venâncio Aires,RS,Sul,487,0.5971000982293642,0.6119096509240246,0.02221711082419382,0.014809552694660444,0.6665831940007811,0.40289990177063584,-0.0742131756906475,0.08902272838530795,78.41,0.78410006,-18.69999574652159,1.0,risco crítico
4113700,Londrina,PR,Sul,4774,0.6390527465801293,0.7356514453288647,0.006946693330386682,0.09659869874873539,13.905709400785986,0.36094725341987066,0.07813155795034676,0.018467140798388626,74.82,0.7482,-10.914725275229864,1.0,risco crítico
3304557,Rio de Janeiro,RJ,Sudeste,43411,0.5552710459895974,0.6428785330906913,0.002384815783790728,0.0876074871010939,36.73553642866263,0.4447289540104026,-0.013487646671521136,0.10109513377261503,60.14,0.6014,-4.612897174874487,1.0,risco crítico
4319901,Sapiranga,RS,Sul,826,0.5762025373919132,0.4467312348668281,0.01718276196237035,-0.1294713025250851,-7.534952925997737,0.4237974626080868,-0.0742131756906475,-0.05525812683443759,73.9,0.739,-16.279748501943324,1.0,risco crítico
3205200,Vila Velha,ES,Sudeste,4241,0.6205001578129801,0.6838009903324688,0.007451257447897144,0.0633008325194887,8.495322160335924,0.37949984218701993,0.07975548994201592,-0.01645465742252722,70.0,0.7,-7.949983026609098,1.0,risco crítico
4107652,Fazenda Rio Grande,PR,Sul,1941,0.6161867019339876,0.6481195260175168,0.01103802457214277,0.031932824083529154,2.892983601804952,0.3838132980660124,0.07813155795034676,-0.04619873386681761,70.65,0.7065,-9.031329186712933,0.9999999999999999,risco crítico
4108403,Francisco Beltrão,PR,Sul,1041,0.6772594340257088,0.7617675312199808,0.01448794006350611,0.08450809719427199,5.832996052153798,0.32274056597429124,0.07813155795034676,0.006376539243925228,79.72,0.7972,-11.994059010225143,0.9999999999999999,risco crítico
4313904,Panambi,RS,Sul,513,0.5952252231342148,0.5497076023391813,0.021658726728132488,-0.04551762079503352,-2.101583410991134,0.4047747768657852,-0.0742131756906475,0.028695554895613984,76.0,0.76,-16.477476732904208,0.999999999999986,risco crítico
2301901,Barbalha,CE,Nordeste,705,0.6650697074897288,0.8794326241134752,0.017773970951292777,0.2143629166237464,12.060496622346221,0.3349302925102712,0.15967059056633892,0.05469232605740748,80.0,0.8,-13.493030443120013,0.9999999999999842,risco crítico
4202909,Brusque,SC,Sul,1305,0.6110843867350017,0.6620689655172414,0.013478697720655807,0.05098457878223972,3.7826042128763655,0.38891561326499835,0.05230326180180411,-0.0013186830195643928,70.5,0.705,-9.39155965756978,0.9999999999983893,risco crítico
4317400,Santiago,RS,Sul,392,0.5671928911247571,0.5994897959183674,0.025016521685149416,0.03229690479361025,1.2910229967255078,0.4328071088752429,-0.0742131756906475,0.10651008048425775,73.95,0.7395,-17.230709504696527,0.9999999999971656,risco crítico
5008305,Três Lagoas,MS,Centro-Oeste,1634,0.6337068040364779,0.8298653610771114,0.011917516743742224,0.19615855704063345,16.459683779645996,0.36629319596352206,-0.04453267849467879,0.24069123553531224,71.48,0.71480006,-8.10932557589017,0.9999999999949315,risco crítico
2313401,Tianguá,CE,Nordeste,1093,0.7107942613349044,0.8600182982616651,0.01370931719209337,0.14922403692676067,10.884862815255545,0.2892057386650956,0.15967059056633892,-0.010446553639578249,80.0,0.8,-8.920575058602454,0.9999999999616523,risco crítico
5201405,Aparecida de Goiânia,GO,Centro-Oeste,5449,0.5970059972216023,0.6935217471095614,0.006644019051352641,0.09651574988795908,14.526711790254373,0.4029940027783977,0.10274857715476204,-0.006232827266802965,63.87,0.6387,-4.169401117073168,0.9999999998256544,risco crítico
2107704,Paraibano,MA,Nordeste,261,0.600055386596976,0.7471264367816092,0.03031457392000866,0.14707105018463318,4.851496530108287,0.399944613403024,0.035901965390226165,0.11116908479440701,79.02,0.7902,-19.014460844391756,0.9999999998222179,risco crítico
5218805,Rio Verde,GO,Centro-Oeste,2502,0.7461105038441215,0.8980815347721822,0.00869706805680007,0.15197103092806075,17.47382335466922,0.2538894961558785,0.10274857715476204,0.0492224537732987,80.0,0.8,-5.388950807680748,0.9999999997109421,risco crítico
2607208,Ipojuca,PE,Nordeste,1323,0.6205566799126283,0.6447467876039304,0.013335891097185443,0.024190107691302143,1.8139101103193245,0.3794433200873717,0.056513547646742324,-0.03232343995544018,70.24,0.70239997,-8.184328918832385,0.9999999995797116,risco crítico
2107803,Parnarama,MA,Nordeste,322,0.6370135244902652,0.5527950310559007,0.02679158427560352,-0.0842184934343645,-3.1434682088230987,0.36298647550973484,0.035901965390226165,-0.12012045882459066,80.0,0.8,-16.29864874306638,0.9999999994120496,risco crítico
2302206,Beberibe,CE,Nordeste,676,0.6774654308502596,0.8165680473372781,0.017975232491989904,0.1391026164870185,7.738571200623146,0.32253456914974044,0.15967059056633892,-0.020567974079320428,78.39,0.7839,-10.64345916564543,0.9999999984018036,risco crítico
4104907,Castro,PR,Sul,899,0.6578283543640462,0.746384872080089,0.015820507489596354,0.08855651771604278,5.597577560282311,0.3421716456359538,0.07813155795034676,0.010424959765696018,75.14,0.7514,-9.35716395324382,0.9999999983363712,risco crítico
2105708,Lago da Pedra,MA,Nordeste,410,0.6667249261255823,0.7975609756097561,0.023276733809015886,0.13083604948417382,5.620893831483199,0.3332750738744177,0.035901965390226165,0.09493408409394766,80.0,0.8,-13.327508579534664,0.999999994848931,risco crítico
2102002,Bom Jardim,MA,Nordeste,332,0.6505181330122536,0.6867469879518072,0.02615964529807688,0.036228854939553634,1.3849138444632116,0.3494818669877464,0.035901965390226165,0.0003268895493274693,80.0,0.8,-14.948187890867537,0.9999999944894719,risco crítico
4313060,Nova Hartz,RS,Sul,244,0.5542748149424005,0.45491803278688525,0.03178490437424391,-0.09935678215551524,-3.125910998053104,0.4457251850575995,-0.0742131756906475,-0.02514360646486774,73.32,0.7332,-17.892519869514224,0.9999999909502975,risco crítico
3304524,Rio das Ostras,RJ,Sudeste,1585,0.6133539679902131,0.6889589905362776,0.012230960584165727,0.0756050225460645,6.1814460136469735,0.38664603200978687,-0.013487646671521136,0.08909266921758563,68.13,0.6813,-6.794601646489551,0.9999999861390871,risco crítico
4112009,Jaguariaíva,PR,Sul,440,0.6762945898287629,0.7931818181818182,0.02230388583628031,0.11688722835305532,5.2406665462267705,0.3237054101712371,0.07813155795034676,0.03875567040270855,80.0,0.8,-12.370542209216605,0.9999999854162579,risco crítico
4102000,Assis Chateaubriand,PR,Sul,393,0.6696068513399969,0.806615776081425,0.023721204778733962,0.13700892474142812,5.775799586041957,0.33039314866000313,0.07813155795034676,0.058877366791081354,80.0,0.8,-13.03931605809321,0.9999999806740365,risco crítico
3304201,Resende,RJ,Sudeste,983,0.6196976874878803,0.7273652085452695,0.015482967316650303,0.10766752105738919,6.953933238727702,0.38030231251211966,-0.013487646671521136,0.12115516772891033,70.45,0.70449996,-8.480227245779837,0.999999978386394,risco crítico
4120606,Prudentópolis,PR,Sul,486,0.6848134484620327,0.8251028806584362,0.0210534627038535,0.14028943219640344,6.663484965384137,0.31518655153796726,0.07813155795034676,0.06215787424605668,80.0,0.8,-11.518656345889621,0.9999999776432341,risco crítico
3202454,Ibatiba,ES,Sudeste,342,0.6636292604907839,0.8216374269005848,0.02554580447182728,0.15800816640980098,6.185288335078951,0.33637073950921614,0.07975548994201592,0.07825267646778505,80.0,0.8,-13.63707514301451,0.999999953084719,risco crítico
4322509,Vacaria,RS,Sul,716,0.5846112322291487,0.41899441340782123,0.018374070410902985,-0.16561681882132745,-9.013616205751129,0.4153887677708513,-0.0742131756906475,-0.09140364313067995,68.24,0.6824,-9.77887559452898,0.9999999487137001,risco crítico
2105427,Itinga do Maranhão,MA,Nordeste,252,0.6403679471161629,0.6031746031746031,0.030218739420060894,-0.03719334394155971,-1.2308039532869688,0.35963205288383715,0.035901965390226165,-0.07309530933178587,79.93,0.7993,-15.893206785652392,0.9999999277320859,risco crítico
3165537,Sarzedo,MG,Sudeste,475,0.6900947472259493,0.8252631578947368,0.021210331146048096,0.1351684106687875,6.372762864382343,0.3099052527740507,0.06756418903215056,0.06760422163663693,80.0,0.8,-10.990526469497963,0.999999890055105,risco crítico
2607752,Itapissuma,PE,Nordeste,274,0.6296639357708345,0.8284671532846716,0.02917008134427219,0.19880321751383712,6.815312414371238,0.37033606422916554,0.056513547646742324,0.1422896698670948,78.03,0.78029996,-15.063602579609059,0.9999998791743676,risco crítico
1100098,Espigão D'Oeste,RO,Norte,392,0.6815342191098386,0.6964285714285714,0.023499438375633896,0.014894352318732818,0.633817373872921,0.3184657808901614,0.014894352318732818,0.0,80.0,0.8,-11.846579281109037,0.9999997687109866,risco crítico
4302352,Bom Princípio,RS,Sul,171,0.5557031470621805,0.5029239766081871,0.0379814578060667,-0.052779170453993385,-1.3896035987740067,0.4442968529378195,-0.0742131756906475,0.02143400523665412,74.68,0.7468,-19.10968583737631,0.9999997564425106,risco crítico
2106607,Matões,MA,Nordeste,269,0.585931130180957,0.3420074349442379,0.030028959977094812,-0.24392369523671908,-8.122948494479221,0.414068869819043,0.035901965390226165,-0.27982566062694525,73.54,0.7354,-14.94688908952454,0.9999996779318325,risco crítico
4127601,Tijucas do Sul,PR,Sul,242,0.6356664087443025,0.6859504132231405,0.030924155443888636,0.050284004478838074,1.6260429349502385,0.36433359125569753,0.07813155795034676,-0.02784755347150869,78.94,0.78940004,-15.373363235906057,0.9999996674937537,risco crítico
4114609,Marechal Cândido Rondon,PR,Sul,659,0.6707185371981178,0.7647951441578149,0.018305366947045074,0.0940766069596971,5.139290964876469,0.3292814628018822,0.07813155795034676,0.015945049009350343,76.01,0.7601,-8.938146985907213,0.999999477053794,risco crítico
4320909,Tapejara,RS,Sul,329,0.5809096457522629,0.46808510638297873,0.027160666843108038,-0.11282453936928416,-4.153967942724247,0.4190903542477371,-0.0742131756906475,-0.038611363678636657,71.34,0.71339995,-13.249030093734282,0.9999994642221768,risco crítico
1502152,Canaã dos Carajás,PA,Norte,1402,0.5870434983261008,0.6533523537803139,0.013146607197358287,0.06630885545421306,5.043799853359681,0.4129565016738992,-0.03835117000600896,0.10466002546022202,65.05,0.65050006,-6.345656080170681,0.9999993064153142,risco crítico
4203808,Canoinhas,SC,Sul,571,0.6552171753582313,0.7810858143607706,0.019868546039650964,0.1258686390025393,6.3350704551479335,0.3447828246417687,0.05230326180180411,0.0735653772007352,74.87,0.7487,-9.34828473392174,0.9999987310892244,risco crítico
4125704,São Miguel do Iguaçu,PR,Sul,334,0.6209546597928448,0.781437125748503,0.026534220105513966,0.16048246595565818,6.048132009062101,0.3790453402071552,0.07813155795034676,0.08235090800531142,74.57,0.7457,-12.474534192376897,0.999998707451158,risco crítico
2605400,Feira Nova,PE,Nordeste,219,0.6496201813562535,0.8356164383561644,0.03222571081426794,0.18599625699991085,5.771672751359792,0.35037981864374645,0.056513547646742324,0.12948270935316852,80.0,0.8,-15.03798305646754,0.9999984677966842,risco crítico
2309607,Pacajus,CE,Nordeste,667,0.718890129073841,0.8785607196401799,0.01739646940964305,0.15967059056633892,9.178333074746293,0.281109870926159,0.15967059056633892,0.0,80.0,0.8,-8.110988284708798,0.9999984375400826,risco crítico
2512507,Queimadas,PB,Nordeste,561,0.7110355747839542,0.928698752228164,0.019130688818508317,0.21766317744420982,11.377696825721602,0.2889644252160458,-0.03568338079084338,0.2533465582350532,80.0,0.8,-8.896443713697478,0.9999983431552008,risco crítico
4106506,Coronel Vivida,PR,Sul,301,0.6754957979279756,0.7475083056478405,0.026983777323972735,0.0720125077198649,2.668733396932091,0.32450420207202435,0.07813155795034676,-0.006119050230481871,80.0,0.8,-12.45042139929533,0.9999980254132407,risco crítico
2516003,Solânea,PB,Nordeste,187,0.6244371446612255,0.45989304812834225,0.03540772998676818,-0.1645440965328832,-4.6471235686211205,0.37556285533877454,-0.03568338079084338,-0.12886071574203983,78.77,0.78769994,-16.32627931592091,0.9999979957047,risco crítico
4312252,Minas do Leão,RS,Sul,85,0.4941489840308135,0.5647058823529412,0.05422101844364492,0.07055689832212769,1.3012831619063299,0.5058510159691865,-0.0742131756906475,0.1447700740127752,74.31,0.7431,-24.895100347605297,0.9999977987075739,risco crítico
4321667,Três Cachoeiras,RS,Sul,114,0.5886575247167883,0.5350877192982456,0.04604785985334459,-0.053569805418542726,-1.1633506006392997,0.41134247528321166,-0.0742131756906475,0.020643370272104777,80.0,0.8,-21.13424872041406,0.9999977798030016,risco crítico
4316451,Salto do Jacuí,RS,Sul,75,0.5455410437757463,0.5866666666666667,0.05742957719584475,0.041125622890920366,0.7161052701237014,0.4544589562242537,-0.0742131756906475,0.11533879858156787,80.0,0.8,-25.445896814518264,0.9999953057923261,risco crítico
3205101,Viana,ES,Sudeste,1080,0.6540373878269786,0.6907407407407408,0.014474020097331055,0.036703352913762144,2.5358091716709774,0.3459626121730214,0.07975548994201592,-0.04305213702825378,71.71,0.71709996,-6.3062576791704235,0.999993405620401,risco crítico
4305801,Constantina,RS,Sul,105,0.5939123887647575,0.49523809523809526,0.04787975235215975,-0.09867429352666224,-2.060877274404099,0.4060876112352425,-0.0742131756906475,-0.024461117836014734,80.0,0.8,-20.608762315617145,0.9999916233287476,risco crítico
1507755,Sapucaia,PA,Norte,84,0.5666286246788674,0.7023809523809523,0.054033829671168244,0.1357523277020849,2.512358063980066,0.43337137532113257,-0.03835117000600896,0.17410349770809386,79.9,0.799,-23.23714001166648,0.9999914785697084,risco crítico
5208806,Goianira,GO,Centro-Oeste,1021,0.6457145530353947,0.8070519098922625,0.01496705777240876,0.1613373568568678,10.779497167057608,0.3542854469646053,0.10274857715476204,0.05858877970210574,70.86,0.7086,-6.288543161044879,0.9999867476243284,risco crítico
4305355,Charqueadas,RS,Sul,322,0.5479225395133265,0.5124223602484472,0.02771952060391053,-0.03550017926487925,-1.2806923962411914,0.4520774604866735,-0.0742131756906475,0.038712996425768254,66.43,0.6643,-11.637748499610346,0.9999865593027538,risco crítico
2931350,Teixeira de Freitas,BA,Nordeste,1367,0.508306663608164,0.35040234089246525,0.013518391564358172,-0.15790432271569876,-11.680703430134423,0.491693336391836,-0.11217652645487203,-0.045727796260826736,56.5,0.565,-5.669333400765019,0.9999862835746449,risco crítico
3303401,Nova Friburgo,RJ,Sudeste,1534,0.6253989137084038,0.6897001303780965,0.012355754375400546,0.06430121666969268,5.2041514193347815,0.37460108629159616,-0.013487646671521136,0.07778886334121382,67.69,0.6769,-5.150111547403025,0.9999846485126895,risco crítico
2609600,Olinda,PE,Nordeste,2716,0.5905625390165274,0.6248159057437408,0.009434622452553686,0.03425336672721335,3.6306028036068296,0.40943746098347256,0.056513547646742324,-0.02226018091952897,62.95,0.62950003,-3.8937492454725,0.9999816304996891,risco crítico
4305124,Cerrito,RS,Sul,41,0.44363433580931927,0.3902439024390244,0.07754801326217889,-0.053390433370294865,-0.6884822850301702,0.5563656641906807,-0.0742131756906475,0.02082274232035264,75.82,0.7582,-31.456565398636556,0.9999750824105922,risco crítico
2110039,Santa Luzia do Paruá,MA,Nordeste,243,0.6800418884982938,0.8600823045267489,0.029917864480507667,0.1800404160284551,6.017823101837918,0.31995811150170617,0.035901965390226165,0.14413845063822894,80.0,0.8,-11.995812342263513,0.9999695868039523,risco crítico
4218202,Timbó,SC,Sul,431,0.6214411954463556,0.7540603248259861,0.02331341679391483,0.1326191293796305,5.688532511212435,0.37855880455364443,0.05230326180180411,0.08031586757782638,71.48,0.71480006,-9.335886434902408,0.9999689272213601,risco crítico
3140902,Matipó,MG,Sudeste,247,0.6841332888149146,0.8097165991902834,0.029561010856077496,0.12558331037536874,4.248275236147747,0.31586671118508536,0.06756418903215056,0.05801912134321818,80.0,0.8,-11.58667231060143,0.9999556481445779,risco crítico
5005681,Mundo Novo,MS,Centro-Oeste,239,0.6824687758131645,0.4895397489539749,0.03009064604268976,-0.19292902685918956,-6.411594705726162,0.31753122418683555,-0.04453267849467879,-0.14839634836451077,80.0,0.8,-11.75312361077645,0.9999530635072162,risco crítico
2100204,Alcântara,MA,Nordeste,110,0.5602846195780373,0.7090909090909091,0.04732006332312928,0.14880628951287178,3.144676466232404,0.4397153804219627,0.035901965390226165,0.11290432412264562,74.47,0.7447,-18.441539501317973,0.9999513428632848,risco crítico
2413607,Severiano Melo,RN,Nordeste,73,0.5016062898836419,0.4794520547945205,0.058492829887961874,-0.022154235089121344,-0.3787512953563014,0.49839371011635814,-0.09364469258257188,0.07149045749345054,72.95,0.7295,-22.78937058248237,0.9999511222599591,risco crítico
4321857,Três Palmeiras,RS,Sul,70,0.5703763071891819,0.6428571428571429,0.059089291326351705,0.07248083566796104,1.2266323396509782,0.42962369281081814,-0.0742131756906475,0.14669401135860854,80.0,0.8,-22.96237047317471,0.9999490548980289,risco crítico
2511905,Pitimbu,PB,Nordeste,182,0.6268211255022677,0.5054945054945055,0.035820209342230035,-0.12132662000776218,-3.3870996913668185,0.37317887449773235,-0.03568338079084338,-0.0856432392169188,76.57,0.7657,-13.887885714085979,0.9999471475019384,risco crítico
1300060,Amaturá,AM,Norte,176,0.5095292994836537,0.6477272727272727,0.03766879889243774,0.13819797324361904,3.668765060394936,0.49047070051634634,-0.068715107700409,0.20691308094402805,65.52,0.65519994,-14.567064548933828,0.9999449411501103,risco crítico
2301208,Aracoiaba,CE,Nordeste,317,0.7015763693503293,0.9085173501577287,0.02567659987866185,0.20694098080739942,8.059516516412852,0.2984236306496707,0.15967059056633892,0.0472703902410605,80.0,0.8,-9.842364257059966,0.9999367574841689,risco crítico
2702108,Colônia Leopoldina,AL,Nordeste,184,0.6679501811349152,0.7336956521739131,0.03467120252386005,0.06574547103899786,1.8962558623039711,0.3320498188650848,-0.0917585721464571,0.15750404318545497,80.0,0.8,-13.204983078601373,0.999930130960149,risco crítico
3201605,Conceição da Barra,ES,Sudeste,396,0.6564261825601271,0.6792929292929293,0.02383675795758674,0.0228667467328022,0.9593060756621978,0.3435738174398729,0.07975548994201592,-0.05688874320921372,74.67,0.7467,-9.027380628188341,0.999923812951295,risco crítico
4317707,Santo Antônio das Missões,RS,Sul,97,0.555176945282422,0.5463917525773195,0.05043467837424357,-0.008785192705102474,-0.1741895257051738,0.444823054717578,-0.0742131756906475,0.06542798298554503,74.48,0.74480003,-18.962308590272812,0.9999149671688063,risco crítico
4121703,Reserva,PR,Sul,301,0.6358126316263693,0.8106312292358804,0.027727204315713797,0.17481859760951113,6.304948584752789,0.36418736837363075,0.07813155795034676,0.09668703965916436,73.98,0.73980004,-10.398740432715247,0.9999117147238715,risco crítico
4105409,Chopinzinho,PR,Sul,232,0.6859009449114668,0.7112068965517241,0.030469563888454947,0.025305951640257285,0.8305321248738261,0.3140990550885332,0.07813155795034676,-0.05282560631008948,80.0,0.8,-11.409906700946216,0.9999096916259531,risco crítico
2100303,Aldeias Altas,MA,Nordeste,212,0.5717283234981823,0.45754716981132076,0.03398012305097249,-0.11418115368686149,-3.3602336729499775,0.42827167650181774,0.035901965390226165,-0.15008311907708766,69.85,0.6985,-12.67716540904713,0.9999045481594414,risco crítico
2105963,Lagoa Grande do Maranhão,MA,Nordeste,106,0.6257737361846543,0.9716981132075472,0.046996069849633955,0.3459243770228929,7.360708632225919,0.37422626381534574,0.035901965390226165,0.31002241163266675,80.0,0.8,-17.42262757362747,0.9998952398008587,risco crítico
4314050,Parobé,RS,Sul,628,0.5421857310478779,0.37898089171974525,0.019873755100794862,-0.16320483932813268,-8.212078618278094,0.45781426895212207,-0.0742131756906475,-0.08899166363748517,61.51,0.61509997,-7.291423547815357,0.999878187820588,risco crítico
4305900,Coronel Bicaco,RS,Sul,77,0.5888253284557924,0.44155844155844154,0.05602493631060544,-0.14726688689735085,-2.628595346916502,0.4111746715442076,-0.0742131756906475,-0.07305371120670334,79.32,0.7932,-20.437468756593614,0.9998678158921058,risco crítico
3305505,Saquarema,RJ,Sudeste,1186,0.6107891072130105,0.6256323777403036,0.014153641109134517,0.014843270527293062,1.0487245234523765,0.3892108927869895,-0.013487646671521136,0.0283309171988142,66.24,0.6624,-5.161090003491431,0.9998670688922182,risco crítico
4313805,Palmitinho,RS,Sul,89,0.6125639383553134,0.7191011235955056,0.05158707144637007,0.10653718524019218,2.065191573259751,0.3874360616446866,-0.0742131756906475,0.18075036093083968,80.0,0.8,-18.743607356561554,0.9998601404398754,risco crítico
2200202,Água Branca,PI,Nordeste,187,0.6790768391039178,0.9197860962566845,0.034129557272094796,0.2407092571527667,7.052809247823932,0.3209231608960822,0.039222924566388706,0.201486332586378,80.0,0.8,-12.092317281701115,0.9998022459242887,risco crítico
2516508,Taperoá,PB,Nordeste,123,0.6320229330297885,0.9105691056910569,0.04345956532272022,0.27854617266126835,6.409317962406018,0.3679770669702115,-0.03568338079084338,0.31422955345211173,78.57,0.7857,-15.367709014449737,0.9997969545961917,risco crítico
1100189,Pimenta Bueno,RO,Norte,472,0.6361102149315715,0.8177966101694916,0.022131580616759145,0.18168639523792007,8.209372768447365,0.3638897850684285,0.014894352318732818,0.16679204291918726,71.37,0.71370006,-7.758984114447831,0.9997724179659717,risco crítico
1100924,Chupinguaia,RO,Norte,154,0.6673734666897599,0.7337662337662337,0.03795724468316479,0.06639276707647379,1.7491461150740752,0.33262653331024006,0.014894352318732818,0.05149841475774097,80.0,0.8,-13.2626545231169,0.9997621717995954,risco crítico
4114203,Mandaguari,PR,Sul,410,0.7229978190292241,0.8170731707317073,0.022098617900035405,0.09407535170248316,4.2570694750250615,0.2770021809707759,0.07813155795034676,0.015943793752136393,80.0,0.8,-7.700219289170485,0.9997534528767845,risco crítico
4119608,Pitanga,PR,Sul,350,0.6530212763715031,0.7342857142857143,0.02543013942289136,0.08126443791421123,3.195595453206981,0.3469787236284969,0.07813155795034676,0.0031328799638644655,74.08,0.7408,-8.777874670741536,0.9997215289117805,risco crítico
4316758,Santa Clara do Sul,RS,Sul,79,0.6172952835044495,0.46835443037974683,0.05459169157012598,-0.14894085312470268,-2.7282696110154436,0.3827047164955505,-0.0742131756906475,-0.07472767743405517,80.0,0.8,-18.270472841647944,0.9995911750148396,risco crítico
2304202,Crato,CE,Nordeste,1210,0.758904562787353,0.9537190082644628,0.012294705758603752,0.1948144454771098,15.845393074232781,0.24109543721264703,0.15967059056633892,0.03514385491077088,80.0,0.8,-4.109544913357599,0.9995849112940536,risco crítico
5211800,Jaraguá,GO,Centro-Oeste,460,0.7310497066499215,0.8434782608695652,0.020662892945144,0.1124285542196437,5.441084872196737,0.2689502933500785,0.10274857715476204,0.009679977064881662,80.0,0.8,-6.895030527100743,0.9995764298449696,risco crítico
2300150,Acarape,CE,Nordeste,168,0.6628267766484099,0.8095238095238095,0.03646165890160875,0.1466970328753996,4.023323054808323,0.33717322335159006,0.15967059056633892,-0.01297355769093933,78.41,0.78410006,-12.127327904617013,0.9995595684367733,risco crítico
4322327,Turuçu,RS,Sul,39,0.5377668127694398,0.6153846153846154,0.07970767553049136,0.07761780261517559,0.973780782071404,0.46223318723056017,-0.0742131756906475,0.1518309783058231,80.0,0.8,-26.223319915148913,0.9994989502078747,risco crítico
4304903,Casca,RS,Sul,84,0.6271080809312769,0.7738095238095238,0.05273812793539201,0.14670144287824693,2.7816960635759904,0.3728919190687231,-0.0742131756906475,0.22091461856889444,80.0,0.8,-17.289193098965207,0.9994778467556327,risco crítico
2411601,São Bento do Norte,RN,Nordeste,56,0.4013650651113051,0.32142857142857145,0.06548404057596736,-0.07993649368273364,-1.220701914232066,0.5986349348886949,-0.09364469258257188,0.013708198899838236,61.45,0.6145,-21.313492106041732,0.9994325614653865,risco crítico
4102406,Bandeirantes,PR,Sul,302,0.6735706221033796,0.7284768211920529,0.026977386315120394,0.054906199088673335,2.0352675551040793,0.3264293778966204,0.07813155795034676,-0.02322535886167343,76.11,0.7611,-8.752937207920708,0.999411810017442,risco crítico
3303302,Niterói,RJ,Sudeste,2361,0.5323216935848893,0.5124947056332063,0.010264991351757903,-0.01982698795168303,-1.931515309877744,0.46767830641511066,-0.013487646671521136,-0.006339341280161892,56.56,0.56560004,-3.3278343989878723,0.9994063761018576,risco crítico
5106240,Nova Ubiratã,MT,Centro-Oeste,213,0.6359815483853349,0.5821596244131455,0.03295584196160609,-0.053821923972189434,-1.6331527513359407,0.36401845161466506,0.0350807253016272,-0.08890264927381664,74.28,0.7428,-10.681844894437697,0.9994049868274278,risco crítico
2912806,Ibirapuã,BA,Nordeste,148,0.5044269153732518,0.3783783783783784,0.04102539266801493,-0.1260485369948734,-3.0724516890034788,0.4955730846267482,-0.11217652645487203,-0.013872010540001367,63.71,0.6371,-13.26730659347316,0.9993894936176455,risco crítico
2306900,Jaguaribe,CE,Nordeste,335,0.7210491574413977,0.8925373134328358,0.024500495074468748,0.17148815599143807,6.9993751338576375,0.27895084255860225,0.15967059056633892,0.011817565425099152,80.0,0.8,-7.895085447953121,0.9993644339217175,risco crítico
2313807,Uruburetama,CE,Nordeste,224,0.7021175660846225,0.8214285714285714,0.030551077418550083,0.1193110053439489,3.905296160570276,0.2978824339153775,0.15967059056633892,-0.040359585222390026,80.0,0.8,-9.788244583630645,0.9993220905587488,risco crítico
2111409,São Luís Gonzaga do Maranhão,MA,Nordeste,132,0.6210086250292616,0.696969696969697,0.042210430246714295,0.07596107194043544,1.7995806130487935,0.3789913749707384,0.035901965390226165,0.04005910655020928,75.6,0.756,-13.499135732776358,0.9993082150897105,risco crítico
4305173,Cerro Grande do Sul,RS,Sul,82,0.43779399282087506,0.4268292682926829,0.05454134189424898,-0.010964724528192138,-0.2010351074502678,0.562206007179125,-0.0742131756906475,0.06324845116245537,61.22,0.6122,-17.440602892289935,0.9993073223242088,risco crítico
1300201,Atalaia do Norte,AM,Norte,164,0.4605916378739746,0.8414634146341463,0.03890613636755817,0.3808717767601717,9.789503978548769,0.5394083621260254,-0.068715107700409,0.4495868844605807,58.48,0.5848,-12.420836708513184,0.999294798335832,risco crítico
5211206,Itapuranga,GO,Centro-Oeste,258,0.709829035906603,0.8565891472868217,0.02824516055868699,0.14676011138021872,5.195938294465869,0.29017096409339704,0.10274857715476204,0.04401153422545667,80.0,0.8,-9.0170976014326,0.9992946183696138,risco crítico
4314209,Pedro Osório,RS,Sul,51,0.47542699490124357,0.35294117647058826,0.06986266152495722,-0.12248581843065531,-1.7532372193821928,0.5245730050987565,-0.0742131756906475,-0.04827264274000781,69.69,0.6969,-22.14730152077042,0.9992381198265508,risco crítico
1506005,Prainha,PA,Norte,452,0.5367629888970546,0.4446902654867257,0.023433918896755456,-0.09207272341032896,-3.9290365310207203,0.46323701110294535,-0.03835117000600896,-0.05372155340432,61.1,0.611,-7.4237012533456825,0.999232357347739,risco crítico
2311355,Quixelô,CE,Nordeste,154,0.6762448105643043,0.8831168831168831,0.037676017785648955,0.20687207255257878,5.490815768522588,0.3237551894356957,0.15967059056633892,0.04720148198623986,79.4,0.794,-11.775521899959951,0.9991123905703565,risco crítico
3205010,Sooretama,ES,Sudeste,431,0.620094325622521,0.7122969837587007,0.023377815099053404,0.09220265813617967,3.944023756946947,0.379905674377479,0.07975548994201592,0.012447168194163749,69.28,0.6928,-7.270565978626198,0.9990646519848075,risco crítico
2109403,Primeira Cruz,MA,Nordeste,89,0.6026325474520701,0.6966292134831461,0.051839046540823344,0.09399666603107604,1.813240642013998,0.39736745254792993,0.035901965390226165,0.05809470064084987,76.22,0.7622,-15.956745044984643,0.998958488387681,risco crítico
4122156,Rio Bonito do Iguaçu,PR,Sul,230,0.7081170797261475,0.7434782608695653,0.029965941690868733,0.0353611811434178,1.1800457168410332,0.29188292027385254,0.07813155795034676,-0.04277037680692897,80.0,0.8,-9.18829321947815,0.9989161735246679,risco crítico
2100808,Anapurus,MA,Nordeste,109,0.6622364617240301,0.3394495412844037,0.04526599525743408,-0.32278692043962637,-7.130891933423573,0.33776353827596994,0.035901965390226165,-0.35868888582985253,80.0,0.8,-13.77635501968989,0.9988304817466832,risco crítico
2307601,Limoeiro do Norte,CE,Nordeste,524,0.7421903158400744,0.8969465648854962,0.019104853370013244,0.15475624904542173,8.100363088278153,0.25780968415992556,0.15967059056633892,-0.004914341520917187,80.0,0.8,-5.780969608085451,0.9987605973475899,risco crítico
4304705,Carazinho,RS,Sul,547,0.60196968083997,0.46617915904936014,0.020896981179865194,-0.1357905217906099,-6.4980927446806405,0.39803031916002996,-0.0742131756906475,-0.061577346099962404,66.52,0.6652,-6.3230314200923505,0.9987601634991037,risco crítico
2111607,São Raimundo das Mangabeiras,MA,Nordeste,254,0.6329361550756691,0.8464566929133859,0.030237998457221315,0.21352053783771674,7.061331726033098,0.36706384492433086,0.035901965390226165,0.17761857244749057,72.44,0.72440004,-9.146388841187969,0.998756010780006,risco crítico
2103703,Cururupu,MA,Nordeste,276,0.5921010674461694,0.6702898550724637,0.029574194444801586,0.07818878762629433,2.6438180005960565,0.4078989325538306,0.035901965390226165,0.04228682223606817,68.14,0.6814,-8.929893360287233,0.9987339895656313,risco crítico
2614600,Tabira,PE,Nordeste,298,0.657572427280406,0.6912751677852349,0.02747814565410635,0.03370274050482891,1.226528926990834,0.342427572719594,0.056513547646742324,-0.022810807141913414,74.03,0.7403,-8.272757243349172,0.9986966312840242,risco crítico
4116901,Nova Esperança,PR,Sul,230,0.6563232682480488,0.7478260869565218,0.031313041843068275,0.09150281870847299,2.922195140512318,0.34367673175195124,0.07813155795034676,0.013371260758126224,75.03,0.7503,-9.397672192910578,0.9986554135500961,risco crítico
1600535,Porto Grande,AP,Norte,337,0.5963439848398077,0.685459940652819,0.0267106755804205,0.08911595581301135,3.3363422630289166,0.40365601516019234,-0.13543326688745677,0.22454922270046812,67.62,0.67620003,-7.985604739438424,0.9986035951086908,risco crítico
4101903,Assaí,PR,Sul,160,0.6908290410379768,0.80625,0.0365304096391187,0.1154209589620232,3.159585674024972,0.3091709589620232,0.07813155795034676,0.03728940101167644,80.0,0.8,-10.917097088295213,0.9985982276175287,risco crítico
4310439,Ipê,RS,Sul,51,0.5960803939645922,0.6078431372549019,0.06866391505478141,0.011762743290309685,0.17130895144742533,0.4039196060354078,-0.0742131756906475,0.08597591898095719,80.0,0.8,-20.391961795633673,0.9985101391320492,risco crítico
4318481,São José do Hortêncio,RS,Sul,32,0.5286761672673189,0.4375,0.08821438599218986,-0.09117616726731892,-1.033574810296716,0.4713238327326811,-0.0742131756906475,-0.016962991576671416,78.94,0.78940004,-26.07238738360441,0.9984395453105377,risco crítico
4104402,Cândido de Abreu,PR,Sul,153,0.6898710373553805,0.8562091503267973,0.03738600131996589,0.16633811297141687,4.449208449649962,0.31012896264461953,0.07813155795034676,0.08820655502107011,80.0,0.8,-11.01289745655485,0.9983890197665135,risco crítico
4103909,Campina da Lagoa,PR,Sul,227,0.7114918414737843,0.7797356828193832,0.03005283868184384,0.06824384134559891,2.2707951840445553,0.2885081585262157,0.07813155795034676,-0.009887716604747854,80.0,0.8,-8.850817044714464,0.9983856712927007,risco crítico
2200301,Alto Longá,PI,Nordeste,84,0.6482795167672266,0.8214285714285714,0.05207334932759357,0.17314905466134478,3.3250992474492786,0.3517204832327734,0.039222924566388706,0.13392613009495608,80.0,0.8,-15.172049515370233,0.9982135174286871,risco crítico
4322533,Vale do Sol,RS,Sul,46,0.590087232527022,0.5652173913043478,0.07216697785999875,-0.024869841222674216,-0.34461525146474586,0.409912767472978,-0.0742131756906475,0.04934333446797329,80.0,0.8,-20.991277939390695,0.9981853808209932,risco crítico
3131208,Ipanema,MG,Sudeste,179,0.6899442379682733,0.770949720670391,0.03456548893109958,0.08100548270211771,2.343536434956507,0.3100557620317267,0.06756418903215056,0.013441293669967158,79.02,0.7902,-10.025575707262025,0.9981369125562131,risco crítico
2101103,Axixá,MA,Nordeste,143,0.6877508362655159,0.7132867132867133,0.03872763081241056,0.025535877021197417,0.6593710094193073,0.3122491637344841,0.035901965390226165,-0.010366088369028748,80.0,0.8,-11.224917565541304,0.9981247965557399,risco crítico
4319505,São Sebastião do Caí,RS,Sul,209,0.5143123234146839,0.44019138755980863,0.03449877273095781,-0.07412093585487528,-2.148509352286672,0.4856876765853161,-0.0742131756906475,9.223983577222317e-05,61.4,0.614,-9.968769899666253,0.9980713465573752,risco crítico
2312601,São Luís do Curu,CE,Nordeste,111,0.6714454309865006,0.6576576576576577,0.04457321715347654,-0.013787773328842845,-0.30932865539788507,0.32855456901349944,0.15967059056633892,-0.17345836389518177,80.0,0.8,-12.85545809344284,0.9980374645663962,risco crítico
5003751,Eldorado,MS,Centro-Oeste,176,0.6579091785547262,0.5738636363636364,0.035746117199495255,-0.08404554219108984,-2.3511796182517015,0.3420908214452738,-0.04453267849467879,-0.03951286369641105,76.1,0.761,-10.309079903392737,0.9980365312995565,risco crítico
4106605,Cruzeiro do Oeste,PR,Sul,241,0.6619734626411231,0.7344398340248963,0.030464616176091138,0.07246637138377321,2.3787062001669126,0.3380265373588769,0.07813155795034676,-0.005665186566573555,74.97,0.7497,-8.772654718172234,0.9980092323181712,risco crítico
4307005,Erechim,RS,Sul,929,0.5968159528811218,0.4682454251883746,0.016084685825294695,-0.12857052769274718,-7.993350264296604,0.40318404711887823,-0.0742131756906475,-0.05435735200209968,64.31,0.64309996,-4.628401078388677,0.9979959297130158,risco crítico
2612703,Santa Maria do Cambucá,PE,Nordeste,90,0.6563466591034688,0.7222222222222222,0.04998039778128373,0.06587556311875342,1.3180279878329018,0.3436533408965312,0.056513547646742324,0.009362015472011098,80.0,0.8,-14.365335281746017,0.997974698798886,risco crítico
2912301,Ibicuí,BA,Nordeste,84,0.46866007659505166,0.5,0.05439920731232536,0.031339923404948344,0.5761099279446226,0.5313399234049483,-0.11217652645487203,0.14351644985982037,62.43,0.6243,-15.563992645670616,0.9978889292445695,risco crítico
5106257,Nova Xavantina,MT,Centro-Oeste,245,0.6420193259753847,0.4489795918367347,0.0306204881994829,-0.19303973413865,-6.304267028045292,0.3579806740246153,0.0350807253016272,-0.2281204594402772,72.93,0.7293,-8.728069614985944,0.9978167987715254,risco crítico
4314001,Paraí,RS,Sul,98,0.6651266733650246,0.6530612244897959,0.0475224386494154,-0.012065448875228757,-0.2538895144720689,0.3348733266349754,-0.0742131756906475,0.06214772681541875,80.0,0.8,-13.487333855590434,0.9977308377556583,risco crítico
4306056,Cristal,RS,Sul,65,0.50976958325826,0.6307692307692307,0.06190064912232141,0.1209996475109707,1.9547395580919384,0.49023041674173995,-0.0742131756906475,0.1952128232016182,68.53,0.6853,-17.55304093030803,0.9977135853679223,risco crítico
4303004,Cachoeira do Sul,RS,Sul,506,0.5497869731078588,0.4031620553359684,0.02210679401488265,-0.14662491777189046,-6.632572668528065,0.45021302689214115,-0.0742131756906475,-0.07241174208124296,61.21,0.6121,-6.231303204198246,0.9975892797642196,risco crítico
4105904,Colorado,PR,Sul,204,0.7107357679035239,0.7843137254901961,0.03174034375483765,0.07357795758667218,2.3181210057139956,0.2892642320964761,0.07813155795034676,-0.004553600363674581,80.0,0.8,-8.926424401740507,0.9975407807375244,risco crítico
2110237,Santana do Maranhão,MA,Nordeste,60,0.6248748042611149,0.5333333333333333,0.06247957775299748,-0.09154147092778153,-1.46514227880469,0.37512519573888514,0.035901965390226165,-0.1274434363180077,80.0,0.8,-17.51252076598141,0.9974678821910451,risco crítico
4203907,Capinzal,SC,Sul,283,0.6559553330042363,0.6996466431095406,0.02823531833821836,0.04369131010530436,1.5473992388520479,0.34404466699576375,0.05230326180180411,-0.008611951696499753,73.49,0.7349,-7.894466470694539,0.9974126655617266,risco crítico
1506559,Santa Luzia do Pará,PA,Norte,158,0.49283255372603396,0.4050632911392405,0.03977040465652239,-0.08776926258679346,-2.2068989074869574,0.507167446273966,-0.03835117000600896,-0.0494180925807845,60.36,0.6036,-11.0767471450968,0.9973250444000133,risco crítico
4219507,Xanxerê,SC,Sul,454,0.6258506436898084,0.7070484581497798,0.022698182542749766,0.08119781445997143,3.5772826439757206,0.37414935631019164,0.05230326180180411,0.028894552658167316,68.79,0.6879,-6.2049363081279285,0.9968683702925744,risco crítico
4213708,Pouso Redondo,SC,Sul,245,0.6015925989978055,0.6285714285714286,0.03125132835590306,0.026978829573623075,0.8632858503285684,0.3984074010021945,0.05230326180180411,-0.025324432228181037,68.69,0.6869,-8.530742064788544,0.9968306067931392,risco crítico
4316600,Sananduva,RS,Sul,160,0.6503108164177809,0.5375,0.037654734768415535,-0.1128108164177809,-2.995926464801596,0.3496891835822191,-0.0742131756906475,-0.0385976407271334,75.28,0.7528,-10.248917137518788,0.9967537629835408,risco crítico
3143807,Munhoz,MG,Sudeste,91,0.645953074861983,0.8241758241758241,0.05011663486852148,0.1782227493138412,3.556159542263757,0.35404692513801705,0.06756418903215056,0.11065856028169063,78.23,0.78230006,-13.634698016502512,0.9967417558438453,risco crítico
4104600,Capitão Leônidas Marques,PR,Sul,203,0.6504212968890825,0.7832512315270936,0.03343813906983831,0.13282993463801118,3.9724081044278488,0.34957870311091754,0.07813155795034676,0.05469837668766442,74.06,0.7406,-9.01786930019698,0.9965003895898431,risco crítico
2613305,São Joaquim do Monte,PE,Nordeste,233,0.6177069341060236,0.721030042918455,0.03181587231317117,0.10332310881243134,3.2475334259390247,0.3822930658939764,0.056513547646742324,0.04680956116568902,70.35,0.7035,-8.579303871425836,0.9964968889591287,risco crítico
2311801,Russas,CE,Nordeste,763,0.7584242189026563,0.944954128440367,0.015488929153683125,0.18652990953771065,12.042789252048166,0.24157578109734368,0.15967059056633892,0.026859318971371726,80.0,0.8,-4.157579301827264,0.9963651074126098,risco crítico
2604007,Carpina,PE,Nordeste,570,0.6225393278732293,0.5929824561403508,0.020302227158235833,-0.029556871732878465,-1.4558438097708102,0.3774606721267707,0.056513547646742324,-0.08607041937962079,67.68,0.6768,-5.426068471527168,0.9962372292858914,risco crítico
3204500,Santa Leopoldina,ES,Sudeste,99,0.6764155664541924,0.7373737373737373,0.04701333679256278,0.06095817091954492,1.2966144306776395,0.32358443354580757,0.07975548994201592,-0.018797319022471004,80.0,0.8,-12.358444546673653,0.9957145336518507,risco crítico
3202306,Guaçuí,ES,Sudeste,344,0.6843856758550756,0.7674418604651163,0.02505286303985091,0.08305618461004072,3.315237243660555,0.3156143241449244,0.07975548994201592,0.003300694668024795,74.96,0.7496,-6.521431737383676,0.9953803247656957,risco crítico
2104503,Governador Archer,MA,Nordeste,93,0.6738559791540487,0.7849462365591398,0.04859099698209129,0.11109025740509104,2.2862312836683407,0.3261440208459513,0.035901965390226165,0.07518829201486488,80.0,0.8,-12.614403276688025,0.9952847064350604,risco crítico
1700350,Aliança do Tocantins,TO,Norte,65,0.6463524954564834,0.7538461538461538,0.05924110053131674,0.1074936583896704,1.8145115034256634,0.35364750454351657,-0.06871734061086132,0.17621099900053172,80.0,0.8,-15.364751646444553,0.9952511072176398,risco crítico
2605103,Custódia,PE,Nordeste,366,0.7407221343174127,0.8469945355191257,0.022892923759943045,0.106272401201713,4.642150662628048,0.25927786568258726,0.056513547646742324,0.04975885355497067,80.0,0.8,-5.927787760351622,0.995192186862353,risco crítico
1100338,Nova Mamoré,RO,Norte,404,0.5950009670967458,0.45792079207920794,0.02441162232794484,-0.13708017501753783,-5.615365221369059,0.40499903290325423,0.014894352318732818,-0.15197452733627065,65.81,0.65809995,-6.309898226314803,0.9951281214057552,risco crítico
1506187,Rondon do Pará,PA,Norte,376,0.5686119123042576,0.699468085106383,0.02552930587863886,0.13085617280212547,5.125723880789754,0.43138808769574244,-0.03835117000600896,0.16920734280813443,63.45,0.6345,-6.588811439862329,0.9950725805079688,risco crítico
2201606,Beneditinos,PI,Nordeste,111,0.6639285707178195,0.6846846846846847,0.04481006167443895,0.020756113966865164,0.4632020843369001,0.3360714292821805,0.039222924566388706,-0.018466810599523542,77.94,0.77940005,-11.547147992228668,0.995015599677138,risco crítico
2609204,Maraial,PE,Nordeste,105,0.5865257626950802,0.580952380952381,0.047954912523592894,-0.005573381742699168,-0.11622128890251175,0.41347423730491983,0.056513547646742324,-0.06208692938944149,70.93,0.7093,-12.277421889900552,0.9947694192651447,risco crítico
4215307,Salete,SC,Sul,110,0.6700408960258618,0.6818181818181818,0.04471974484089047,0.011777285792319958,0.2633576250093257,0.3299591039741382,0.05230326180180411,-0.040525976009484155,78.29,0.78290004,-11.285913935545533,0.9941936210575091,risco crítico
4104709,Carlópolis,PR,Sul,156,0.6510916075144042,0.6666666666666666,0.03814876741656134,0.015575059152262427,0.4082716220472408,0.3489083924855958,0.07813155795034676,-0.06255649879808434,74.67,0.7467,-9.56083813276063,0.9938981445988555,risco crítico
2931004,Tanhaçu,BA,Nordeste,97,0.4956930363236631,0.4742268041237113,0.05075708739762757,-0.021466232199951807,-0.42292088259097305,0.5043069636763369,-0.11217652645487203,0.09071029425492022,62.26,0.62259996,-12.690692304981098,0.993795238317305,risco crítico
4216800,São José do Cerrito,SC,Sul,74,0.6305450927390037,0.5945945945945946,0.05596870806991914,-0.03595049814440909,-0.6423321063530318,0.3694549072609963,0.05230326180180411,-0.0882537599462132,77.0,0.77,-13.945488818750995,0.9936425828090173,risco crítico
4314035,Pareci Novo,RS,Sul,48,0.5632436704509688,0.5416666666666666,0.07156739642730603,-0.021577003784302162,-0.30149208803786537,0.4367563295490312,-0.0742131756906475,0.05263617190634534,74.1,0.741,-17.77563262111711,0.9934998532464391,risco crítico
4315909,Rodeio Bonito,RS,Sul,69,0.6597095051100864,0.5362318840579711,0.05674091370482154,-0.12347762105211535,-2.1761655389349657,0.3402904948899136,-0.0742131756906475,-0.049264445361467846,80.0,0.8,-14.029050681084254,0.9932909504452894,risco crítico
2303402,Carnaubal,CE,Nordeste,226,0.7271732414674473,0.8407079646017699,0.029605916551105782,0.11353472313432256,3.8348660119452385,0.27282675853255267,0.15967059056633892,-0.046135867432016364,80.0,0.8,-7.282677045348162,0.993050674680846,risco crítico
2610202,Panelas,PE,Nordeste,237,0.7001621873338629,0.9451476793248945,0.029751253598800258,0.2449854919910316,8.234459471681248,0.29983781266613707,0.056513547646742324,0.18847194434428927,77.3,0.773,-7.283781457348571,0.9928219359489974,risco crítico
3101508,Além Paraíba,MG,Sudeste,259,0.6342415696318366,0.5598455598455598,0.029919502420778437,-0.0743960097862768,-2.4865390052279217,0.36575843036816336,0.06756418903215056,-0.14196019881842736,70.71,0.7071,-7.285840452358938,0.9925571418680563,risco crítico
4122206,Rio Branco do Sul,PR,Sul,439,0.5952158539075817,0.6173120728929385,0.023425611126645665,0.022096218985356852,0.9432504819574724,0.4047841460924183,0.07813155795034676,-0.05603533896498991,65.21,0.65209997,-5.688411309528696,0.9924148389001541,risco crítico
4300901,Aratiba,RS,Sul,60,0.6511993993820689,0.4,0.061456468293878214,-0.2511993993820689,-4.087436300128092,0.34880060061793106,-0.0742131756906475,-0.17698622369142142,80.0,0.8,-14.880061253886002,0.9922660838361074,risco crítico
4303806,Campinas do Sul,RS,Sul,48,0.6351597888339406,0.6458333333333334,0.06889349821847927,0.010673544499392729,0.1549281829984033,0.36484021116605936,-0.0742131756906475,0.08488672019004023,80.0,0.8,-16.484022308698833,0.9916371314519847,risco crítico
4106456,Coronel Domingos Soares,PR,Sul,78,0.6567036893476883,0.6282051282051282,0.053752652851793474,-0.028498561142560108,-0.5301796214809377,0.3432963106523117,0.07813155795034676,-0.10663011909290687,78.53,0.7853,-12.859632705550993,0.9916300608489116,risco crítico
4114401,Mangueirinha,PR,Sul,166,0.6460596954096708,0.6686746987951807,0.037103358749654196,0.022615003385509924,0.6095136437134737,0.3539403045903292,0.07813155795034676,-0.05551655456483684,73.44,0.73440003,-8.834033854113487,0.9913654014630928,risco crítico
4107900,Floresta,PR,Sul,167,0.6841165128237853,0.7425149700598802,0.035970060951892514,0.058398457236094936,1.6235295601583457,0.31588348717621473,0.07813155795034676,-0.019733100714251828,76.93,0.7693,-8.518347115448622,0.9910620092916629,risco crítico
4107751,Figueira,PR,Sul,92,0.6855122609931599,0.7717391304347826,0.04840129277166476,0.08622686944162272,1.7814993051611616,0.31448773900684013,0.07813155795034676,0.008095311491275958,80.0,0.8,-11.44877509277691,0.9909943616061911,risco crítico
4128534,Ventania,PR,Sul,130,0.6519663482694649,0.7692307692307693,0.0417726569354311,0.1172644209613044,2.8072052285915774,0.34803365173053513,0.07813155795034676,0.03913286301095764,75.01,0.7501,-9.813366832446825,0.9905939129707771,risco crítico
3203056,Jaguaré,ES,Sudeste,432,0.6817516867785288,0.8078703703703703,0.022403650998840008,0.12611868359184153,5.629380836113344,0.3182483132214712,0.07975548994201592,0.04636319364982561,73.41,0.73410004,-5.23483569951223,0.9902699875871919,risco crítico
4316204,Rondinha,RS,Sul,32,0.5981194521511419,0.75,0.08648566116097992,0.15188054784885807,1.7561355929991158,0.40188054784885807,-0.0742131756906475,0.22609372353950558,80.0,0.8,-20.188055976978703,0.9902091075424261,risco crítico
4306502,Dom Feliciano,RS,Sul,105,0.5167540104486201,0.44761904761904764,0.048647639198592774,-0.06913496282957249,-1.4211370575937907,0.4832459895513799,-0.0742131756906475,0.0050782128610750155,63.01,0.6301,-11.334600137694139,0.9900952957672888,risco crítico
3303856,Paty do Alferes,RJ,Sudeste,292,0.620773456334424,0.7534246575342466,0.028387227109943444,0.13265120119982254,4.672918587154208,0.37922654366557595,-0.013487646671521136,0.14613884787134368,68.68,0.6868,-6.602654671733377,0.9899887103301618,risco crítico
2106326,Maracaçumé,MA,Nordeste,315,0.5515477647451776,0.4158730158730159,0.02801242729372809,-0.13567474887216174,-4.843377100082254,0.44845223525482236,0.035901965390226165,-0.1715767142623879,61.61,0.6161,-6.455224851089536,0.9894003114696975,risco crítico
3141405,Medina,MG,Sudeste,194,0.6392206477945,0.6443298969072165,0.03447280000901978,0.005109249112716485,0.14821102757477356,0.36077935220549995,0.06756418903215056,-0.06245493991943407,71.82,0.71819997,-7.897932054351264,0.9890200846452094,risco crítico
2100154,Água Doce do Maranhão,MA,Nordeste,119,0.5909337857332476,0.6554621848739496,0.04505163974619397,0.06452839914070196,1.4323207657753105,0.4090662142667524,0.035901965390226165,0.0286264337504758,69.35,0.6935,-10.256619662377753,0.9885960221521772,risco crítico
4313375,Nova Santa Rita,RS,Sul,357,0.5507877753304117,0.6470588235294118,0.02632002131502806,0.09627104819900012,3.6577116350598016,0.4492122246695883,-0.0742131756906475,0.17048422388964762,61.05,0.6105,-5.971220273507905,0.9883566779499308,risco crítico
4306007,Crissiumal,RS,Sul,116,0.6413400989981672,0.5689655172413793,0.04450846678306799,-0.0723745817567879,-1.6260857088054268,0.35865990100183276,-0.0742131756906475,0.0018385939338596002,74.23,0.74230003,-10.095993457116869,0.9883454798113035,risco crítico
4100707,Alto Piquiri,PR,Sul,125,0.659600035407909,0.648,0.042375350084410485,-0.011600035407908993,-0.2737448867042291,0.340399964592091,0.07813155795034676,-0.08973159335825576,75.54,0.7554,-9.579996659480706,0.9881125512418703,risco crítico
5102637,Campo Novo do Parecis,MT,Centro-Oeste,779,0.6122708313052221,0.6713735558408216,0.017432529780805044,0.059102724535599505,3.3903699164006307,0.3877291686947779,0.0350807253016272,0.024021999233972302,65.16,0.65160006,-3.9329231541915366,0.9879672786416948,risco crítico
4323101,Vicente Dutra,RS,Sul,37,0.5506358532595818,0.7027027027027027,0.08171753648869164,0.152066849443121,1.8608839176663694,0.44936414674041825,-0.0742131756906475,0.2262800251337685,73.49,0.7349,-18.42641444515999,0.9879299169551663,risco crítico
2903953,Bom Jesus da Serra,BA,Nordeste,90,0.36466476421778743,0.24444444444444444,0.05071945665662473,-0.12022031977334299,-2.3702998355689284,0.6353352357822126,-0.11217652645487203,-0.008043793318470965,47.9,0.479,-11.433523792797978,0.9879103370972697,risco crítico
2501302,Aroeiras,PB,Nordeste,203,0.6224231789431893,0.4433497536945813,0.03401051017127709,-0.17907342524860803,-5.265237844030961,0.3775768210568107,-0.03568338079084338,-0.14339004445776465,69.89,0.6989,-7.6476805416551885,0.9877317447251504,risco crítico
4301800,Barracão,RS,Sul,43,0.5745796286323237,0.5581395348837209,0.07537769115175495,-0.01644009374860278,-0.21810290946036784,0.4254203713676763,-0.0742131756906475,0.057773081942044724,74.37,0.7437,-16.91203988334966,0.9875722115130988,risco crítico
2204808,Ipiranga do Piauí,PI,Nordeste,72,0.6764457496918448,0.9583333333333334,0.055079214495440974,0.2818875836414886,5.117857729521924,0.3235542503081552,0.039222924566388706,0.24266465907509988,80.0,0.8,-12.355426222908417,0.9875583723525722,risco crítico
2904209,Botuporã,BA,Nordeste,57,0.5018107624786015,0.47368421052631576,0.06621878233326911,-0.028126551952285694,-0.42475187493978694,0.49818923752139854,-0.11217652645487203,0.08404997450258633,65.03,0.65029997,-14.848920385669517,0.9875323347046823,risco crítico
4205704,Garopaba,SC,Sul,342,0.6647954164238671,0.7543859649122807,0.02552402241271442,0.08959054848841363,3.510048182836002,0.3352045835761329,0.05230326180180411,0.03728728668660952,72.08,0.72080004,-5.60046257285377,0.9858892233441188,risco crítico
3158953,Santana do Paraíso,MG,Sudeste,328,0.6565933180434294,0.7012195121951219,0.026217282052862438,0.044626194151692555,1.7021670691001398,0.34340668195657065,0.06756418903215056,-0.022937994880458,71.41,0.71410006,-5.75067448037081,0.9858631276239436,risco crítico
4301875,Barra do Quaraí,RS,Sul,64,0.5050217128279487,0.265625,0.06246243861465469,-0.23939671282794872,-3.8326507600006257,0.4949782871720513,-0.0742131756906475,-0.16518353713730122,64.15,0.6415,-13.6478283357354,0.9855543176977614,risco crítico
2202737,Coivaras,PI,Nordeste,73,0.6644420892379718,0.9452054794520548,0.0552245618609526,0.28076339021408303,5.084031104148989,0.33555791076202823,0.039222924566388706,0.24154046564769432,78.41,0.78410006,-11.96579664566083,0.9848731406569815,risco crítico
2608503,Lagoa de Itaenga,PE,Nordeste,165,0.6382924450809596,0.793939393939394,0.03739057747489231,0.15564694885843433,4.162731879788455,0.3617075549190404,0.056513547646742324,0.09913340121169201,71.87,0.71870005,-8.040760622671861,0.9842412793211424,risco crítico
2312106,Santana do Cariri,CE,Nordeste,172,0.7271073313439653,0.9651162790697675,0.033957453005536674,0.23800894772580217,7.009034148909679,0.2728926686560347,0.15967059056633892,0.07833835715946325,80.0,0.8,-7.289268057696363,0.984086974767664,risco crítico
5106109,Nossa Senhora do Livramento,MT,Centro-Oeste,119,0.6078716710567997,0.8067226890756303,0.04470444311352602,0.19885101801883054,4.448126498608929,0.39212832894320027,0.0350807253016272,0.16377029271720334,70.38,0.70379996,-9.592829194063679,0.9840568678363671,risco crítico
4126801,Tapejara,PR,Sul,149,0.626487222379653,0.610738255033557,0.03961411402182194,-0.015748967346095988,-0.39755949956170844,0.37351277762034696,0.07813155795034676,-0.09388052529644275,71.09,0.71089995,-8.441272669413847,0.9834502808000266,risco crítico
2313104,Tabuleiro do Norte,CE,Nordeste,253,0.7416536556655162,0.841897233201581,0.027515457814036436,0.10024357753606483,3.6431731651918096,0.2583463443344838,0.15967059056633892,-0.05942701303027409,80.0,0.8,-5.8346356255412735,0.9830177858706746,risco crítico
2919959,Maetinga,BA,Nordeste,38,0.47032380379579347,0.47368421052631576,0.0809190041219886,0.0033604067305222918,0.041528028761406224,0.5296761962042065,-0.11217652645487203,0.11553693318539432,64.12,0.6412,-17.087620221235472,0.9826436621749471,risco crítico
4320263,Segredo,RS,Sul,51,0.6144169137832691,0.7647058823529411,0.06811499736365474,0.150288968569672,2.206400563554366,0.3855830862167309,-0.0742131756906475,0.2245021442603195,75.76,0.7576,-14.318309565810662,0.982226815589429,risco crítico
4121802,Ribeirão Claro,PR,Sul,143,0.6719984386130854,0.8601398601398601,0.03925295369783575,0.1881414215267747,4.793051319782544,0.3280015613869146,0.07813155795034676,0.11000986357642795,75.41,0.7541,-8.21015860870794,0.9817629670474035,risco crítico
2604908,Cumaru,PE,Nordeste,81,0.6597708797023367,0.9506172839506173,0.05262559992006104,0.29084640424828057,5.526709523313367,0.3402291202976633,0.056513547646742324,0.23433285660153824,76.97,0.7697,-10.992911104702241,0.9816412053903795,risco crítico
2909505,Cravolândia,BA,Nordeste,55,0.47106609338723976,0.34545454545454546,0.06729987680540413,-0.1256115479326943,-1.8664454363846295,0.5289339066127603,-0.11217652645487203,-0.013435021477822273,61.09,0.6109,-13.983389144933861,0.9811348809062997,risco crítico
4304663,Capão do Leão,RS,Sul,241,0.4715977578888596,0.3112033195020747,0.03214320672944113,-0.1603944383867849,-4.989994922935732,0.5284022421111404,-0.0742131756906475,-0.0861812626961374,53.81,0.5381,-6.650224630730738,0.980723966367804,risco crítico
4126207,Sapopema,PR,Sul,89,0.6384569774008149,0.8314606741573034,0.05090729893249519,0.19300369675648854,3.7912774946558843,0.36154302259918514,0.07813155795034676,0.11487213880614178,74.36,0.7436,-10.514303347107234,0.9805565783766729,risco crítico
2207751,Passagem Franca do Piauí,PI,Nordeste,42,0.6484581986194622,0.6428571428571429,0.07361503927598816,-0.005601055762319285,-0.07608575390852565,0.3515418013805378,0.039222924566388706,-0.04482398032870799,80.0,0.8,-15.154181330146677,0.9802323418052038,risco crítico
2611533,Quixaba,PE,Nordeste,123,0.7164342831262444,0.8699186991869918,0.04060277564461276,0.15348441606074748,3.7801459044121293,0.28356571687375565,0.056513547646742324,0.09697086841400515,80.0,0.8,-8.35657287946846,0.9802110989664007,risco crítico
4216107,São Domingos,SC,Sul,77,0.677559453659978,0.7922077922077922,0.05309327908890075,0.1146483385478142,2.1593757348428992,0.32244054634002195,0.05230326180180411,0.062345076746010086,78.68,0.7868,-10.924057323363767,0.9801819645622045,risco crítico
4204905,Descanso,SC,Sul,68,0.6848993009515693,0.6617647058823529,0.05622325999658507,-0.023134595069216335,-0.4114772973075823,0.31510069904843074,0.05230326180180411,-0.07543785687102045,80.0,0.8,-11.51007109693597,0.979681169752182,risco crítico
2310308,Parambu,CE,Nordeste,256,0.7444717908684184,0.8828125,0.027255300720203563,0.13834070913158159,5.075735929379551,0.2555282091315816,0.15967059056633892,-0.021329881434757336,80.0,0.8,-5.552822105251054,0.9791918375601635,risco crítico
4321469,Tio Hugo,RS,Sul,33,0.6291590259785812,0.696969696969697,0.08405833922969475,0.06781067099111582,0.8067096211099157,0.3708409740214188,-0.0742131756906475,0.14202384668176332,80.0,0.8,-17.084098594234774,0.978943902697768,risco crítico
4311304,Lagoa Vermelha,RS,Sul,266,0.5801572998487949,0.5225563909774437,0.03025080450911383,-0.057600908871351275,-1.9041116362375594,0.41984270015120506,-0.0742131756906475,0.01661226681929623,64.16,0.6416,-6.14427129304409,0.9788780836845944,risco crítico
2309508,Orós,CE,Nordeste,224,0.7405821559914891,0.9107142857142857,0.029282663928913853,0.17013212972279657,5.8099949559168085,0.25941784400851087,0.15967059056633892,0.010461539156457644,80.0,0.8,-5.941785592943982,0.9787766469899605,risco crítico
3305406,Sapucaia,RJ,Sudeste,198,0.6096387961234745,0.6717171717171717,0.03466521985120093,0.06207837559369722,1.790797111922733,0.3903612038765255,-0.013487646671521136,0.07556602226521836,67.94,0.6794,-6.9761230674773795,0.9779125371974421,risco crítico
2200053,Acauã,PI,Nordeste,61,0.6801308739575661,0.819672131147541,0.05966595015816342,0.1395412571899749,2.338708372532018,0.3198691260424339,0.039222924566388706,0.10031833262358619,80.0,0.8,-11.986913796336285,0.9777316500613203,risco crítico
4321329,Taquaruçu do Sul,RS,Sul,41,0.6538372802998887,0.8292682926829268,0.0739129450521228,0.17543101238303804,2.373481563470723,0.34616271970011125,-0.0742131756906475,0.24964418807368555,80.0,0.8,-14.61627316210402,0.9760073401994839,risco crítico
3304409,Rio Claro,RJ,Sudeste,147,0.5999929662652943,0.6530612244897959,0.04040223320601367,0.05306825822450156,1.3134981413998328,0.4000070337347057,-0.013487646671521136,0.0665559048960227,67.93,0.6793,-7.930704393902088,0.9751732604832263,risco crítico
4321105,Tapes,RS,Sul,132,0.536490165083265,0.5227272727272727,0.0433892962945236,-0.013762892355992262,-0.31719556506680086,0.46350983491673503,-0.0742131756906475,0.06045028333465524,62.14,0.6214,-8.490983358159099,0.9748221749360342,risco crítico
3157203,Santa Bárbara,MG,Sudeste,311,0.6630718140688381,0.6655948553054662,0.026789817276637505,0.002523041236628165,0.09417911330169558,0.3369281859311619,0.06756418903215056,-0.06504114779552239,71.52,0.71519995,-5.212813328833965,0.9741617523818098,risco crítico
4219101,Vargeão,SC,Sul,40,0.653744507505775,0.525,0.07519372099696212,-0.12874450750577493,-1.7121709871356985,0.34625549249422505,0.05230326180180411,-0.18104776930757904,80.0,0.8,-14.6255504415154,0.9741154854934236,risco crítico
1502939,Dom Eliseu,PA,Norte,510,0.5850790534312795,0.6941176470588235,0.021815735554194565,0.10903859362754398,4.99816260408322,0.4149209465687205,-0.03835117000600896,0.14738976363355294,62.75,0.6275,-4.242094418453468,0.9740830876256852,risco crítico
2407708,Montanhas,RN,Nordeste,120,0.5346191769118845,0.44166666666666665,0.04552516100667105,-0.09295251024521789,-2.0417832290938422,0.46538082308811546,-0.09364469258257188,0.0006921823373539915,62.22,0.6222,-8.758083529514671,0.9728095247494033,risco crítico
2201919,Bom Princípio do Piauí,PI,Nordeste,37,0.6542783629278972,0.7567567567567568,0.07815408761978532,0.10247839382885959,1.3112352398944311,0.3457216370721028,0.039222924566388706,0.06325546926247089,80.0,0.8,-14.572164899303175,0.968877248364402,risco crítico
1100288,Rolim de Moura,RO,Norte,673,0.6723850528542746,0.7444279346210996,0.018036682951005776,0.07204288176682494,3.994242287371782,0.32761494714572537,0.014894352318732818,0.05714852944809212,70.6,0.706,-3.3614917581821557,0.9688178886421803,risco crítico
2901007,Amargosa,BA,Nordeste,249,0.4994340725717456,0.5100401606425703,0.031672939239701395,0.010606088070824693,0.33486276693670963,0.5005659274282543,-0.11217652645487203,0.12278261452569672,55.84,0.5584,-5.89659027280896,0.9686781778779456,risco crítico
4117214,Nova Santa Bárbara,PR,Sul,54,0.6828757093955358,0.7962962962962963,0.06331618628496603,0.11342058690076051,1.7913363636636372,0.31712429060446423,0.07813155795034676,0.03528902895041375,80.0,0.8,-11.712430252539319,0.9678311107512318,risco crítico
4117800,Palmital,PR,Sul,131,0.6765333766354229,0.6946564885496184,0.04086940441870087,0.018123111914195467,0.44343958939374123,0.3234666233645771,0.07813155795034676,-0.0600084460361513,75.15,0.7515,-7.496663385499458,0.9666950547819184,risco crítico
3115805,Centralina,MG,Sudeste,96,0.6999308796710545,0.9166666666666666,0.046757586108064686,0.21673578699561213,4.635307444971584,0.3000691203289455,0.06756418903215056,0.14917159796346158,78.54,0.78540003,-8.546915332607686,0.96621926309674,risco crítico
2311108,Porteiras,CE,Nordeste,252,0.7501641070202328,0.9206349206349206,0.027268022668149212,0.17047081361468774,6.25167492668284,0.24983589297976716,0.15967059056633892,0.010800223048348823,80.0,0.8,-4.983590490069611,0.9661975838126962,risco crítico
2304285,Eusébio,CE,Nordeste,949,0.7752582910528484,0.9388830347734457,0.01354835773504466,0.16362474372059732,12.077090590644783,0.22474170894715162,0.15967059056633892,0.0039541531542584,80.0,0.8,-2.4741720868080574,0.9660883176212919,risco crítico
4219002,Urussanga,SC,Sul,216,0.647642274433209,0.7083333333333334,0.03239706162299195,0.060691058900124384,1.8733507256427355,0.352357725566791,0.05230326180180411,0.008387797098320271,70.65,0.7065,-5.885771936790796,0.9653731446250334,risco crítico
5105606,Matupá,MT,Centro-Oeste,295,0.6285963988213901,0.5254237288135594,0.028122345308947645,-0.1031726700078307,-3.668707886002822,0.37140360117860993,0.0350807253016272,-0.1382533953094579,67.95,0.6795,-5.090358496614655,0.9648580062199352,risco crítico
3204609,Santa Teresa,ES,Sudeste,235,0.7490771196196259,0.825531914893617,0.028257453067610443,0.07645479527399113,2.70565061511598,0.25092288038037414,0.07975548994201592,-0.003300694668024795,80.0,0.8,-5.092289230130309,0.9642355420382975,risco crítico
3143500,Morada Nova de Minas,MG,Sudeste,76,0.7059361408050125,0.6447368421052632,0.05222870137657098,-0.06119929869974938,-1.1717560859593281,0.29406385919498745,0.06756418903215056,-0.12876348773189994,80.0,0.8,-9.406387111591641,0.9641485297461047,risco crítico
4308003,Faxinal do Soturno,RS,Sul,35,0.6481604025942375,0.8285714285714286,0.08053356510178244,0.18041102597719116,2.240196690028294,0.35183959740576254,-0.0742131756906475,0.25462420166783867,79.26,0.79260004,-14.443963307318198,0.9635561568030167,risco crítico
4111001,Itambaracá,PR,Sul,55,0.6803164770576342,0.8,0.06286792647095145,0.11968352294236584,1.903729447760082,0.3196835229423658,0.07813155795034676,0.041551964992019075,79.25,0.7925,-11.218354201585212,0.9628232553230727,risco crítico
3106408,Belo Vale,MG,Sudeste,78,0.7084772821782038,0.9743589743589743,0.05141684556353129,0.2658816921807705,5.171100818548735,0.2915227178217962,0.06756418903215056,0.19831750314861996,80.0,0.8,-9.152272974272513,0.9624632046992934,risco crítico
2313302,Tauá,CE,Nordeste,527,0.7673501087102825,0.920303605313093,0.018393596842094198,0.15295349660281043,8.315583836912888,0.23264989128971747,0.15967059056633892,-0.0067170939635284865,80.0,0.8,-3.2649903210646425,0.9620567510415451,risco crítico
5208400,Goianápolis,GO,Centro-Oeste,177,0.6911246430289516,0.6836158192090396,0.03472103364814988,-0.007508823819912025,-0.21626152884743208,0.3088753569710484,0.10274857715476204,-0.11025740097467407,75.26,0.7526,-6.147537118079571,0.9616823265742086,risco crítico
2207553,Paquetá,PI,Nordeste,34,0.6560683221566884,0.5,0.08132384695623564,-0.15606832215668842,-1.919096648744082,0.3439316778433116,0.039222924566388706,-0.19529124672307713,80.0,0.8,-14.393168976424054,0.9616246298570778,risco crítico
4101705,Araruna,PR,Sul,173,0.7054398628946263,0.7745664739884393,0.03464742703010385,0.0691266110938129,1.9951441425578698,0.29456013710537365,0.07813155795034676,-0.009004946856533858,76.65,0.7665,-6.106013329067639,0.9609930582477471,risco crítico
4112801,Joaquim Távora,PR,Sul,165,0.7402988861546412,0.8545454545454545,0.03412303464916064,0.11424656839081326,3.3480776128339897,0.25970111384535877,0.07813155795034676,0.0361150104404665,80.0,0.8,-5.970112576628772,0.9599049647986887,risco crítico
2205540,Lagoinha do Piauí,PI,Nordeste,34,0.6577478434983653,0.8823529411764706,0.08134744704266975,0.22460509767810521,2.7610589618170995,0.34225215650163465,0.039222924566388706,0.1853821731117165,80.0,0.8,-14.22521684225636,0.9598284356809965,risco crítico
2902401,Aurelino Leal,BA,Nordeste,122,0.40831619230752353,0.3360655737704918,0.044487202929431015,-0.07225061853703174,-1.6240764484933154,0.5916838076924764,-0.11217652645487203,0.039925907917840286,48.61,0.48610002,-7.778382571692105,0.95980727358926,risco crítico
4111506,Ivaiporã,PR,Sul,257,0.6352608593487129,0.7237354085603113,0.030018152409172293,0.08847454921159836,2.9473682459072412,0.3647391406512871,0.07813155795034676,0.0103429912612516,68.76,0.6876,-5.233915724522021,0.9593841345657536,risco crítico
2304103,Crateús,CE,Nordeste,674,0.7721136731729658,0.9718100890207715,0.016144321164129994,0.19969641584780573,12.369452627806865,0.22788632682703425,0.15967059056633892,0.04002582528146681,80.0,0.8,-2.78863387479632,0.9579445057702527,risco crítico
2104701,Graça Aranha,MA,Nordeste,72,0.6414473303163831,0.75,0.05650056208543502,0.10855266968361688,1.9212670755287955,0.3585526696836169,0.035901965390226165,0.07265070429339071,73.9,0.739,-9.755269209496332,0.957878362851026,risco crítico
5222203,Vila Boa,GO,Centro-Oeste,61,0.6986585904590842,0.7868852459016393,0.05873157754742211,0.08822665544255515,1.5022013561838619,0.3013414095409158,0.10274857715476204,-0.014521921712206898,80.0,0.8,-10.134142146184477,0.9577814274870537,risco crítico
4321709,Três Coroas,RS,Sul,239,0.5407535886696283,0.4225941422594142,0.03222113381591584,-0.11815944641021409,-3.667141171545256,0.4592464113303717,-0.0742131756906475,-0.04394627071956658,59.55,0.5955,-5.474640370097717,0.9553482942124436,risco crítico
2210631,Sebastião Leal,PI,Nordeste,52,0.6919070897638941,0.7692307692307693,0.06392273080501162,0.07732367946687513,1.209642931287486,0.30809291023610585,0.039222924566388706,0.03810075490048642,80.0,0.8,-10.809292215703481,0.9545809777479335,risco crítico
2603405,Calumbi,PE,Nordeste,83,0.6652988746089459,0.8674698795180723,0.05173638953003245,0.20217100490912643,3.9077138305479977,0.3347011253910541,0.056513547646742324,0.1456574572623841,75.27,0.7527,-8.740109659008976,0.9544242316525502,risco crítico
4123824,Santa Lúcia,PR,Sul,42,0.6747562780523128,0.8571428571428571,0.0721752327070442,0.18238657909054434,2.526996758442646,0.32524372194768725,0.07813155795034676,0.10425502114019758,79.57,0.7957,-12.094373558522998,0.9531011052641756,risco crítico
4108452,Foz do Jordão,PR,Sul,82,0.7172155800827452,0.7804878048780488,0.04971837225204932,0.06327222479530359,1.2726125560696648,0.2827844199172548,0.07813155795034676,-0.014859333155043175,80.0,0.8,-8.278443183818373,0.9520503270962934,risco crítico
4116109,Moreira Sales,PR,Sul,106,0.7223192398387207,0.7830188679245284,0.04349452506033541,0.060699628085807644,1.39556939641496,0.2776807601612793,0.07813155795034676,-0.01743192986453912,79.43,0.7943,-7.198077990233765,0.9510315501293367,risco crítico
4210605,Massaranduba,SC,Sul,218,0.6716214779348167,0.7660550458715596,0.03176239584588279,0.09443356793674285,2.9731248358893496,0.32837852206518325,0.05230326180180411,0.04213030613493873,72.41,0.72410005,-5.2478575375577545,0.9507554965599273,risco crítico
1508084,Tucumã,PA,Norte,467,0.5855696588339698,0.48822269807280516,0.022794475653026922,-0.09734696076116467,-4.270638300391778,0.41443034116603017,-0.03835117000600896,-0.05899579075515571,62.31,0.62310004,-3.753038350916982,0.9501663180335825,risco crítico
2311959,Salitre,CE,Nordeste,253,0.7556683322304196,0.9841897233201581,0.02700411208822841,0.22852139108973846,8.462466395603325,0.24433166776958037,0.15967059056633892,0.06885080052339954,80.0,0.8,-4.433167969050933,0.9496701758090906,risco crítico
4207650,Iporã do Oeste,SC,Sul,87,0.7219192311374674,0.896551724137931,0.04799677061038788,0.17463249300046368,3.6384217267040087,0.27808076886253263,0.05230326180180411,0.12232923119865957,80.0,0.8,-7.808078078346159,0.9481093999200608,risco crítico
3162609,São João do Oriente,MG,Sudeste,76,0.7160699205701979,0.6842105263157895,0.05170262029726135,-0.031859394254408424,-0.6162046347213082,0.2839300794298021,0.06756418903215056,-0.09942358328655898,80.0,0.8,-8.393009135073104,0.9477398922138422,risco crítico
2109239,Presidente Médici,MA,Nordeste,68,0.669390471509943,0.75,0.0569989393424459,0.08060952849005698,1.4142285702153192,0.330609528490057,0.035901965390226165,0.044707563099830816,76.15,0.7615,-9.21095294437313,0.9469514085547622,risco crítico
3123528,Durandé,MG,Sudeste,71,0.6969728816862005,0.7183098591549296,0.05450010651608047,0.02133697746872909,0.3915034085746884,0.30302711831379947,0.06756418903215056,-0.046227211563421466,78.46,0.7846,-8.762713776875552,0.946064257239509,risco crítico
4114906,Marilândia do Sul,PR,Sul,108,0.6606630255487628,0.8518518518518519,0.045545010303018295,0.1911888263030891,4.197799605951981,0.3393369744512372,0.07813155795034676,0.11305726835274232,73.34,0.7334,-7.273696167200139,0.944871013261614,risco crítico
4312757,Nova Alvorada,RS,Sul,34,0.6723081718133519,0.6470588235294118,0.07999088769734686,-0.0252493482839401,-0.3156528075982031,0.3276918281866481,-0.0742131756906475,0.048963827406707405,80.0,0.8,-12.769184010757705,0.9447924131870723,risco crítico
4123006,Salto do Lontra,PR,Sul,168,0.7467529772679146,0.7738095238095238,0.033546011960737275,0.027056546541609272,0.8065503158252204,0.25324702273208544,0.07813155795034676,-0.05107501140873749,80.0,0.8,-5.32470346530144,0.943775786132073,risco crítico
3140530,Martins Soares,MG,Sudeste,93,0.6956388013773388,0.8387096774193549,0.047698431557942934,0.14307087604201607,2.9994880621644118,0.3043611986226612,0.06756418903215056,0.07550668700986551,77.07,0.7707,-7.5061176497417055,0.9422171150219131,risco crítico
2708204,São Brás,AL,Nordeste,93,0.6142445261754508,0.7096774193548387,0.05045751889302951,0.09543289317938797,1.891351284665953,0.3857554738245492,-0.0917585721464571,0.18719146532584507,69.26,0.6926,-7.8355485650110746,0.9397764973953434,risco crítico
4111555,Ivaté,PR,Sul,83,0.7239374402290722,0.7710843373493976,0.04906491258003354,0.04714689712032538,0.9609086135315225,0.27606255977092775,0.07813155795034676,-0.030984660830021382,80.0,0.8,-7.606257169185671,0.9394584828481353,risco crítico
4126009,São Sebastião da Amoreira,PR,Sul,68,0.7155231809917941,0.8823529411764706,0.05468025686363961,0.16682976018467643,3.051005422317469,0.2844768190082059,0.07813155795034676,0.08869820223432967,80.0,0.8,-8.447683092913483,0.9388176536280728,risco crítico
4208500,Ituporanga,SC,Sul,298,0.6242760402024794,0.7248322147651006,0.028046667926699187,0.10055617456262123,3.585316260221279,0.3757239597975206,0.05230326180180411,0.04825291276081711,66.76,0.66760004,-4.3323995464940035,0.9387919042224107,risco crítico
1506708,Santana do Araguaia,PA,Norte,561,0.5552242037839012,0.5882352941176471,0.020976773265026144,0.03301109033374583,1.5736972467917214,0.44477579621609875,-0.03835117000600896,0.07136226033975479,58.75,0.5875,-3.227577237424084,0.9380543035042707,risco crítico
2611705,Riacho das Almas,PE,Nordeste,154,0.6055571981491387,0.6818181818181818,0.03935519626408575,0.0762609836690431,1.9377614878936928,0.39444280185086134,0.056513547646742324,0.01974743602230078,66.6,0.666,-6.044281043393019,0.9377097087150194,risco crítico
3126752,Franciscópolis,MG,Sudeste,46,0.6962865965813959,0.717391304347826,0.067766813239877,0.021104707766430142,0.31143131508523103,0.3037134034186041,0.06756418903215056,-0.046459481265720415,80.0,0.8,-10.371341533953304,0.9370467548355659,risco crítico
4316709,Santa Bárbara do Sul,RS,Sul,84,0.6016121692793096,0.42857142857142855,0.05339706183401431,-0.17304074070788106,-3.2406416151843933,0.3983878307206904,-0.0742131756906475,-0.09882756501723355,68.31,0.6831,-8.148781584337106,0.9365041608145989,risco crítico
2105807,Lago do Junco,MA,Nordeste,68,0.7170001711598658,0.9705882352941176,0.054605968424143454,0.25358806413425183,4.643962399211485,0.2829998288401342,0.035901965390226165,0.21768609874402567,80.0,0.8,-8.299984076106314,0.9357416786732983,risco crítico
1101492,São Francisco do Guaporé,RO,Norte,264,0.6362549765232872,0.6325757575757576,0.02959758280967369,-0.00367921894752965,-0.12430808864320947,0.3637450234767128,0.014894352318732818,-0.018573571266262467,68.1,0.681,-4.474501775466688,0.9347050117989736,risco crítico
1508126,Ulianópolis,PA,Norte,377,0.6097319504935046,0.6206896551724138,0.025118169282806316,0.01095770467890922,0.4362461513630254,0.3902680495064954,-0.03835117000600896,0.04930887468491818,64.77,0.64769995,-3.7968001632044723,0.934679017039383,risco crítico
3204054,Pedro Canário,ES,Sudeste,313,0.6699390057100232,0.8178913738019169,0.026575503952123405,0.14795236809189372,5.56724600061901,0.3300609942899768,0.07975548994201592,0.0681968781498778,70.99,0.70989996,-3.996095623837159,0.9336676365742044,risco crítico
4128609,Verê,PR,Sul,96,0.7321126448122514,0.6770833333333334,0.04518708081886458,-0.055029311478917986,-1.2178107211551603,0.26788735518774864,0.07813155795034676,-0.13316086942926475,80.0,0.8,-6.788736710867759,0.9334982176821981,risco crítico
2925956,Rafael Jambeiro,BA,Nordeste,173,0.4787977255020447,0.3352601156069364,0.03795606512645312,-0.14353760989510828,-3.7816778271642044,0.5212022744979553,-0.11217652645487203,-0.03136108344023625,53.58,0.53580004,-5.70023142661743,0.9334252607506718,risco crítico
4218954,Urupema,SC,Sul,43,0.694614855464567,0.3488372093023256,0.07020036658929282,-0.34577764616224144,-4.925581773457298,0.305385144535433,0.05230326180180411,-0.39808090796404555,80.0,0.8,-10.538515645636192,0.9333487542992778,risco crítico
2205151,Jacobina do Piauí,PI,Nordeste,51,0.7040791087292293,0.8431372549019608,0.0639064217572935,0.1390581461727315,2.1759651432347815,0.2959208912707707,0.039222924566388706,0.09983522160634278,80.0,0.8,-9.592090319169966,0.9333168850144967,risco crítico
4217303,Saudades,SC,Sul,140,0.7449626183466744,0.8285714285714286,0.03677735419852844,0.0836088102247542,2.2733775184974996,0.25503738165332557,0.05230326180180411,0.03130554842295008,80.0,0.8,-5.503739357425452,0.9327385899392929,risco crítico
4120705,Quatiguá,PR,Sul,94,0.7319196706647689,0.9042553191489362,0.045634465531730915,0.17233564848416727,3.7764362193381555,0.26808032933523107,0.07813155795034676,0.0942040905338205,80.0,0.8,-6.808034125616002,0.9321323834997074,risco crítico
5222005,Vianópolis,GO,Centro-Oeste,153,0.7480006320003528,0.8954248366013072,0.03509403517670046,0.1474242046009544,4.200833670413367,0.2519993679996472,0.10274857715476204,0.044675627446192356,80.0,0.8,-5.199937992057613,0.9307920098006355,risco crítico
3142304,Moeda,MG,Sudeste,53,0.6884538784338433,0.9056603773584906,0.06358344659952476,0.21720649892464727,3.416085640854057,0.3115461215661567,0.06756418903215056,0.14964230989249672,78.2,0.78199995,-9.354606720672065,0.9293859471326459,risco crítico
2102408,Cajapió,MA,Nordeste,68,0.5960129989997072,0.6323529411764706,0.059488434172259345,0.036339942176763396,0.6108740746400322,0.40398700100029283,0.035901965390226165,0.0004379767865372308,68.3,0.683,-8.698702913368518,0.928163795271262,risco crítico
2309102,Mulungu,CE,Nordeste,108,0.7384178539716123,0.8888888888888888,0.04226008755271301,0.15047103491727654,3.560594490713889,0.2615821460283877,0.15967059056633892,-0.009199555649062385,80.0,0.8,-6.158215794931666,0.9274718857258208,risco crítico
1505635,Piçarra,PA,Norte,153,0.5612112491831144,0.5686274509803921,0.04011200668749432,0.007416201797277755,0.18488732949852388,0.4387887508168856,-0.03835117000600896,0.045767371803286716,61.89,0.6189,-5.768875186592737,0.9248101538191295,risco crítico
2615003,Taquaritinga do Norte,PE,Nordeste,235,0.5843776168911164,0.5957446808510638,0.032144762270850696,0.011367063959947354,0.3536210305171602,0.41562238310888355,0.056513547646742324,-0.04514648368679497,63.02,0.6302,-4.582241152837819,0.922993877680554,risco crítico
4125407,São José da Boa Vista,PR,Sul,67,0.7222417030071544,0.7611940298507462,0.054678695545827674,0.038952326843591845,0.7123858105017311,0.2777582969928456,0.07813155795034676,-0.03917923110675492,80.0,0.8,-7.775830891377455,0.9225006878191766,risco crítico
2312007,Santana do Acaraú,CE,Nordeste,287,0.7644118242957675,0.9825783972125436,0.02503031864100415,0.2181665729167761,8.716092513476044,0.23558817570423252,0.15967059056633892,0.05849598235043718,80.0,0.8,-3.558818762516147,0.9224583076196283,risco crítico
2908002,Coaraci,BA,Nordeste,115,0.37427387609741786,0.391304347826087,0.04509952122600148,0.017030471728669117,0.3776197898715263,0.6257261239025822,-0.11217652645487203,0.12920699818354114,43.8,0.438,-6.372611746528051,0.9211737481817743,risco crítico
1501576,Bom Jesus do Tocantins,PA,Norte,178,0.5650199808694011,0.5280898876404494,0.03715318985606649,-0.03693009322895169,-0.9939952228064645,0.4349800191305989,-0.03835117000600896,0.001421076777057273,61.74,0.6174,-5.238000968922318,0.9207063608329431,risco crítico
2210953,Tamboril do Piauí,PI,Nordeste,43,0.6010242432606582,0.6511627906976745,0.07465186821400722,0.05013854743701629,0.6716315162171467,0.3989757567393418,0.039222924566388706,0.010915622870627584,70.55,0.7055,-10.447576341506204,0.9191694018779935,risco crítico
4203154,Calmon,SC,Sul,75,0.5780569624702712,0.5866666666666667,0.05700040376586761,0.008609704196395507,0.15104637208817598,0.42194303752972884,0.05230326180180411,-0.043693557605408606,65.76,0.65760005,-7.9543082733891435,0.9185648501806232,risco crítico
4211603,Nova Veneza,SC,Sul,152,0.6587703796475876,0.743421052631579,0.038436774783301535,0.08465067298399143,2.202335483693264,0.34122962035241244,0.05230326180180411,0.03234741118218731,71.23,0.71230006,-5.352968253197787,0.9181399592372728,risco crítico
3139508,Manhumirim,MG,Sudeste,207,0.658461069800816,0.6956521739130435,0.032959039608408375,0.03719110411222748,1.1284037567265595,0.341538930199184,0.06756418903215056,-0.030373084919923077,70.43,0.7043,-4.58389165616413,0.9178545852871562,risco crítico
4103040,Boa Ventura de São Roque,PR,Sul,64,0.674548707113116,0.59375,0.05855336571454621,-0.08079870711311599,-1.3799156739685665,0.325451292886884,0.07813155795034676,-0.15893026506346275,75.58,0.7558,-8.125130166068772,0.9173774571585105,risco crítico
4123709,Santa Isabel do Ivaí,PR,Sul,107,0.7414259808304944,0.7476635514018691,0.04231974357330723,0.006237570571374751,0.1473915020437184,0.2585740191695056,0.07813155795034676,-0.07189398737897201,80.0,0.8,-5.8574031090434575,0.9168334554615637,risco crítico
3142403,Moema,MG,Sudeste,90,0.7360576516536527,0.8222222222222222,0.04645019498095041,0.08616457056856952,1.854988350509751,0.26394234834634733,0.06756418903215056,0.018600381536418964,80.0,0.8,-6.394236026727629,0.9156787674439191,risco crítico
2902807,Barra da Estiva,BA,Nordeste,265,0.48654675913290824,0.4716981132075472,0.03069159484835762,-0.01484864592536106,-0.4838017052787873,0.5134532408670918,-0.11217652645487203,0.09732788052951097,52.87,0.5287,-4.2153234954311,0.9151930642105832,risco crítico
2506004,Esperança,PB,Nordeste,253,0.6033078979625474,0.6442687747035574,0.030748292619565906,0.04096087674101001,1.332134998446892,0.39669210203745264,-0.03568338079084338,0.07664425753185339,64.55,0.6455,-4.219210632898706,0.9149958606334577,risco crítico
2406304,Lagoa de Pedras,RN,Nordeste,49,0.43348189475975357,0.30612244897959184,0.07071697833563974,-0.12735944578016173,-1.8009740910546723,0.5665181052402464,-0.09364469258257188,-0.03371475319758985,52.99,0.5299,-9.641811964072861,0.9136275305679848,risco crítico
2414803,Vera Cruz,RN,Nordeste,132,0.5640852917560705,0.44696969696969696,0.0431446072305924,-0.11711559478637351,-2.7144897660194887,0.4359147082439295,-0.09364469258257188,-0.02347090220380163,62.26,0.62259996,-5.851466761740365,0.9124894217831734,risco crítico
4126504,Sertanópolis,PR,Sul,133,0.6325362821836926,0.6090225563909775,0.04179111451658027,-0.023513725792715157,-0.5626489282401475,0.3674637178163074,0.07813155795034676,-0.10164528374306192,68.91,0.6891,-5.656374490065796,0.9120500059220129,risco crítico
3204807,São José do Calçado,ES,Sudeste,101,0.6919624837603823,0.6237623762376238,0.0459295187437443,-0.06820010752275851,-1.4848861775205846,0.3080375162396177,0.07975548994201592,-0.14795559746477444,75.36,0.7536,-6.163751757476177,0.9102023672194586,risco crítico
3121209,Delfinópolis,MG,Sudeste,88,0.7300877956065766,0.6818181818181818,0.04728968470350491,-0.04826961378839478,-1.0207218358725332,0.26991220439342345,0.06756418903215056,-0.11583380282054534,79.34,0.7934,-6.33121939983734,0.9096847353965616,risco crítico
5217104,Piracanjuba,GO,Centro-Oeste,208,0.6548825071434986,0.7211538461538461,0.03296226043007913,0.06627133901034754,2.0105216737464033,0.3451174928565014,0.10274857715476204,-0.0364772381444145,69.9,0.699,-4.411749381017572,0.9096209361779283,risco crítico
2103901,Duque Bacelar,MA,Nordeste,169,0.662450917821777,0.8165680473372781,0.03634809517857231,0.15411712951550105,4.240033178034462,0.337549082178223,0.035901965390226165,0.11821516412527489,71.09,0.71089995,-4.84490312520145,0.9087206467263299,risco crítico
4314159,Paverama,RS,Sul,60,0.577949277306898,0.4666666666666667,0.06366769859819012,-0.11128261064023137,-1.747866077939164,0.42205072269310195,-0.0742131756906475,-0.03706943494958387,66.28,0.6628,-8.48507367121144,0.908686912481957,risco crítico
2210102,São José do Peixe,PI,Nordeste,40,0.6671397795283501,0.75,0.07445359512209718,0.08286022047164987,1.1129109391664243,0.33286022047164987,0.039222924566388706,0.043637295905261164,76.6,0.766,-9.886019329193186,0.9078794814003917,risco crítico
4115002,Marilena,PR,Sul,86,0.7375647759615664,0.7558139534883721,0.047429464892096436,0.01824917752680566,0.38476456709606843,0.26243522403843356,0.07813155795034676,-0.059882380423541104,80.0,0.8,-6.243523595936251,0.9059768648416773,risco crítico
2921203,Miguel Calmon,BA,Nordeste,184,0.4821613892316575,0.3695652173913043,0.036820570070980815,-0.1125961718403532,-3.0579692716135587,0.5178386107683425,-0.11217652645487203,-0.00041964538548117103,53.06,0.5306,-4.843862211706684,0.905834341684917,risco crítico
1600253,Itaubal,AP,Norte,105,0.48930936447353685,0.41904761904761906,0.04874089785133486,-0.07026174542591779,-1.4415357230435906,0.5106906355264631,-0.13543326688745677,0.06517152146153898,55.34,0.5534,-6.409061559466994,0.9057324123139259,risco crítico
2701100,Branquinha,AL,Nordeste,118,0.7152124234253645,0.7966101694915254,0.04152025947946759,0.0813977460661609,1.9604344261483566,0.2847875765746355,-0.0917585721464571,0.173156318212618,76.97,0.7697,-5.448756732399462,0.9052926898159388,risco crítico
3147006,Paracatu,MG,Sudeste,951,0.6603529358090817,0.6919032597266036,0.015318407396140203,0.03155032391752188,2.0596347323594264,0.3396470641909183,0.06756418903215056,-0.036013865114628674,68.02,0.6802,-1.9847044926697088,0.9024491443314606,risco crítico
4312500,Mostardas,RS,Sul,130,0.5044034114571374,0.4076923076923077,0.043692755716330155,-0.09671110376482972,-2.2134356640884514,0.4955965885428626,-0.0742131756906475,-0.022497928074182216,56.1,0.561,-5.659657805244511,0.9023969537614542,risco crítico
2615102,Terezinha,PE,Nordeste,50,0.6130231799002135,0.76,0.06885585125268408,0.14697682009978652,2.134558173718856,0.3869768200997865,0.056513547646742324,0.0904632724530442,70.15,0.7015,-8.847681866927504,0.9005963715980356,risco crítico
1506195,Rurópolis,PA,Norte,320,0.5808788406365804,0.546875,0.027577064061547214,-0.03400384063658035,-1.2330478893869807,0.41912115936341965,-0.03835117000600896,0.00434732936942861,61.62,0.6162,-3.5321129608780977,0.8998707513258548,risco crítico
4104253,Campo Magro,PR,Sul,345,0.5980359802359736,0.5797101449275363,0.026393170151968365,-0.018325835308437344,-0.694340058542404,0.4019640197640264,0.07813155795034676,-0.09645739325878411,63.18,0.6318,-3.3764015663226843,0.8995991693803915,risco crítico
3306107,Valença,RJ,Sudeste,718,0.5961596657147468,0.5571030640668524,0.01830891291611021,-0.03905660164789437,-2.1332015629135497,0.40384033428525323,-0.013487646671521136,-0.025568954976373237,61.95,0.6195,-2.3340315688604063,0.8988110770399917,risco crítico
5211909,Jataí,GO,Centro-Oeste,1147,0.6483704687726107,0.7018308631211857,0.014097859505903644,0.05346039434857497,3.792093000088971,0.35162953122738927,0.10274857715476204,-0.049288182806187075,66.63,0.6663,-1.7929529987612658,0.8982762955000687,risco crítico
3108206,Bonfinópolis de Minas,MG,Sudeste,54,0.7226008255544035,0.6851851851851852,0.06090874250331471,-0.037415640369218295,-0.6142901467253589,0.2773991744455965,0.06756418903215056,-0.10497982940136885,80.0,0.8,-7.739918636652543,0.8980894517371629,risco crítico
2602704,Buenos Aires,PE,Nordeste,124,0.6021375121525728,0.8548387096774194,0.043924355872582074,0.25270119752484654,5.753099675676396,0.39786248784742717,0.056513547646742324,0.19618764987810422,65.79,0.65790004,-5.576252322874431,0.8978708502515425,risco crítico
1304302,Urucará,AM,Norte,180,0.5618158219511526,0.75,0.036662655118225605,0.18818417804884735,5.13285732967272,0.43818417804884735,-0.068715107700409,0.25689928574925636,60.83,0.60830003,-4.648420828032318,0.8975813552641723,risco crítico
2912004,Ibiassucê,BA,Nordeste,67,0.5988440506308552,0.6119402985074627,0.05981513449910398,0.013096247876607459,0.21894538875948927,0.4011559493691448,-0.11217652645487203,0.1252727743314795,67.46,0.6746,-7.575595451898609,0.8973331945166264,risco crítico
4304309,Cândido Godói,RS,Sul,53,0.6814229787956264,0.5660377358490566,0.06373988657812563,-0.11538524294656982,-1.8102517770429787,0.3185770212043736,-0.0742131756906475,-0.04117206725592232,76.2,0.76199996,-8.057698591842389,0.8969124897828369,risco crítico
3201704,Conceição do Castelo,ES,Sudeste,152,0.7335252634811027,0.8421052631578947,0.03585352845648223,0.108579999676792,3.0284327471027748,0.2664747365188973,0.07975548994201592,0.02882450973477607,77.84,0.77839994,-4.487468082431723,0.8946442297666264,risco crítico
2208106,Pimenteiras,PI,Nordeste,68,0.56234721154605,0.6176470588235294,0.060112556411927524,0.055299847277479386,0.9199383719190288,0.43765278845394995,0.039222924566388706,0.01607692271109068,63.73,0.6373,-7.495280294979956,0.8937782080847424,risco crítico
2501906,Belém,PB,Nordeste,99,0.5452312974631165,0.35353535353535354,0.05003726530644136,-0.19169594392776296,-3.8310635634015293,0.4547687025368835,-0.03568338079084338,-0.15601256313691958,60.65,0.6065,-6.126873210078731,0.889611011640361,risco crítico
4106555,Corumbataí do Sul,PR,Sul,58,0.7286036258635471,0.8793103448275862,0.05835150356759304,0.1507067189640391,2.5827392569150147,0.2713963741364529,0.07813155795034676,0.07257516101369232,80.0,0.8,-7.1396386057381855,0.8894402905367514,risco crítico
4211801,Ouro,SC,Sul,59,0.6626200489727349,0.8305084745762712,0.06153885660334296,0.16788842560353634,2.728169401743746,0.33737995102726515,0.05230326180180411,0.11558516380173223,73.74,0.7374,-7.4779946354261,0.887848669773917,risco crítico
2917904,Jandaíra,BA,Nordeste,97,0.4925254290166338,0.36082474226804123,0.050748582516723886,-0.1317006867485926,-2.5951599082632786,0.5074745709833661,-0.11217652645487203,-0.01952416029372056,55.37,0.5537,-6.117454122872751,0.8859839021696767,risco crítico
2508802,Malta,PB,Nordeste,59,0.6271423711646337,0.4915254237288136,0.062933928604107,-0.1356169474358201,-2.15490992607396,0.37285762883536633,-0.03568338079084338,-0.09993356664497671,70.29,0.7029,-7.575762130133922,0.8856596688530557,risco crítico
2402402,Carnaúba dos Dantas,RN,Nordeste,58,0.6014537331021973,0.29310344827586204,0.06427526365985146,-0.30835028482633525,-4.797339867139922,0.3985462668978027,-0.09364469258257188,-0.21470559224376337,67.88,0.6788,-7.734625373709713,0.8855813972259523,risco crítico
2922250,Muquém de São Francisco,BA,Nordeste,118,0.32849865875216483,0.22033898305084745,0.04319861128563978,-0.10815967570131738,-2.503776683610016,0.6715013412478352,-0.11217652645487203,0.004016850753554652,38.02,0.3802,-5.170133986500741,0.8843133446927631,risco crítico
5107248,Santa Carmem,MT,Centro-Oeste,95,0.671169578957847,0.9368421052631579,0.048162597580740624,0.2656725263053109,5.516158588828869,0.328830421042153,0.0350807253016272,0.2305918010036837,72.84,0.7284,-5.723041303128873,0.8826374678839075,risco crítico
4309803,Ibiaçá,RS,Sul,35,0.6215265475909101,0.6,0.08191514112039032,-0.021526547590910106,-0.2627908259264625,0.3784734524090899,-0.0742131756906475,0.0526866280997374,71.87,0.71870005,-9.717350371676813,0.8822422254890829,risco crítico
4103057,Boa Vista da Aparecida,PR,Sul,90,0.6774107842121188,0.5333333333333333,0.04926576675022673,-0.14407745087878543,-2.924494235708254,0.32258921578788124,0.07813155795034676,-0.2222090088291322,73.58,0.7358,-5.838924363517128,0.8820286311362076,risco crítico
2209302,Santa Luz,PI,Nordeste,34,0.7082964407695926,0.5588235294117647,0.07781118177119918,-0.14947291135782792,-1.9209695567578877,0.29170355923040736,0.039222924566388706,-0.18869583592421663,80.0,0.8,-9.170357115133632,0.8807092535748018,risco crítico
5221700,Uruana,GO,Centro-Oeste,132,0.7165028883898387,0.9772727272727273,0.039176805715423924,0.2607698388828886,6.6562302393179404,0.28349711161016133,0.10274857715476204,0.15802126172812658,76.25,0.7625,-4.5997099689232375,0.8798205305214091,risco crítico
3304300,Rio Bonito,RJ,Sudeste,528,0.5736337278036778,0.571969696969697,0.021521417458847957,-0.0016640308339808119,-0.07731976005589214,0.42636627219632217,-0.013487646671521136,0.011823615837540324,59.87,0.5987,-2.5066259130984037,0.8779322610967789,risco crítico
4103958,Campina do Simão,PR,Sul,78,0.7426514782714672,0.8461538461538461,0.04947212297193531,0.10350236788237899,2.092135159453216,0.25734852172853284,0.07813155795034676,0.025370809932032223,80.0,0.8,-5.734853364946179,0.876814512314321,risco crítico
2203230,Currais,PI,Nordeste,39,0.7167258468304202,0.9230769230769231,0.07212129749122442,0.20635107624650295,2.861166998161831,0.2832741531695798,0.039222924566388706,0.16712815168011425,80.0,0.8,-8.327416509050877,0.875881146017549,risco crítico
5217203,Piranhas,GO,Centro-Oeste,119,0.7373455982131439,0.6974789915966386,0.04032716964508339,-0.03986660661650532,-0.9885793366449602,0.26265440178685606,0.10274857715476204,-0.14261518377126736,78.38,0.78379995,-4.645434809499205,0.8753264640688356,risco crítico
2933406,Wagner,BA,Nordeste,100,0.5209199834171587,0.45,0.04994446798889762,-0.07091998341715872,-1.4199767516379158,0.4790800165828413,-0.11217652645487203,0.04125654303771331,57.82,0.5782,-5.727999922596871,0.8742830981781596,risco crítico
2207850,Pavussu,PI,Nordeste,40,0.598266438248638,0.9,0.07749677269400332,0.301733561751362,3.893498416285793,0.401733561751362,0.039222924566388706,0.2625106371849733,68.54,0.6854,-8.713357090663543,0.8695679165963222,risco crítico
2302602,Camocim,CE,Nordeste,745,0.7832182948217624,0.9409395973154362,0.015090024686898363,0.15772130249367378,10.452024152790976,0.21678170517823758,0.15967059056633892,-0.0019492880726651451,80.0,0.8,-1.6781717099166538,0.8669538553016036,risco crítico
2505006,Cubati,PB,Nordeste,86,0.6750049398153722,0.9767441860465116,0.050491754981683706,0.30173924623113935,5.976010268222955,0.32499506018462776,-0.03568338079084338,0.3374226270219827,73.11,0.7311,-5.609508297744393,0.8667104681850111,risco crítico
4215604,Santa Rosa de Lima,SC,Sul,37,0.7178770953300244,0.8648648648648649,0.07395811879218595,0.1469877695348405,1.9874460293921175,0.2821229046699756,0.05230326180180411,0.09468450773303638,80.0,0.8,-8.212291659090454,0.8665861310592433,risco crítico
4117297,Novo Itacolomi,PR,Sul,35,0.7159793078530304,0.9714285714285714,0.07610857390422866,0.255449263575541,3.3563795834223087,0.28402069214696957,0.07813155795034676,0.17731770562519422,80.0,0.8,-8.402070406789852,0.8651944212510755,risco crítico
2202133,Campo Grande do Piauí,PI,Nordeste,72,0.7437904048486561,0.9583333333333334,0.0514092171685926,0.21454292848467726,4.173238580566207,0.2562095951513439,0.039222924566388706,0.17532000391828856,80.0,0.8,-5.620960707227285,0.8628856388495827,risco crítico
1703107,Barrolândia,TO,Norte,68,0.5627991740850601,0.5,0.06010762424260735,-0.06279917408506008,-1.0447788425572946,0.4372008259149399,-0.06871734061086132,0.005918166525801238,62.85,0.6285,-6.570081065615085,0.8628147044408427,risco crítico
4218905,Urubici,SC,Sul,113,0.5842932586521615,0.7610619469026548,0.046347458816871336,0.1767686882504933,3.8139887873668323,0.41570674134783847,0.05230326180180411,0.12446542644868919,63.46,0.6346,-5.030672504000766,0.8611334326386704,risco crítico
2515104,São Sebastião de Lagoa de Roça,PB,Nordeste,74,0.608472884241203,0.5675675675675675,0.05673341934937202,-0.040905316673635506,-0.7210091889885055,0.39152711575879695,-0.03568338079084338,-0.005221935882792128,66.95,0.6695,-6.102710908307674,0.8589652147268136,risco crítico
4207908,Irineópolis,SC,Sul,129,0.6873519134543837,0.7984496124031008,0.0407999650516488,0.11109769894871702,2.7229851498176068,0.31264808654561627,0.05230326180180411,0.0587944371469129,73.1,0.731,-4.364809274449932,0.85764692959866,risco crítico
3118809,Coração de Jesus,MG,Sudeste,188,0.6422875400416533,0.7925531914893617,0.03494395566569987,0.15026565144770831,4.300190078228762,0.35771245995834666,0.06756418903215056,0.08270146241555776,67.95,0.6795,-3.7212443745883284,0.8565434571013032,risco crítico
5207907,Flores de Goiás,GO,Centro-Oeste,138,0.6458592396048265,0.6666666666666666,0.040709657403110076,0.020807427061840134,0.5111177147919334,0.3541407603951735,0.10274857715476204,-0.08194115009292191,68.9,0.689,-4.314077088559099,0.8553636234658817,risco crítico
4121307,Rancho Alegre,PR,Sul,49,0.7059433114348367,0.8571428571428571,0.06505507869800964,0.1511995457080204,2.3241774314023904,0.2940566885651633,0.07813155795034676,0.07306798775767365,77.46,0.77459997,-6.865665795221776,0.8543701023295471,risco crítico
2927309,Salinas da Margarida,BA,Nordeste,201,0.49352653514760225,0.4577114427860697,0.03526056619993608,-0.035815092361532574,-1.0157265245955551,0.5064734648523977,-0.11217652645487203,0.07636143409333945,53.07,0.53069997,-3.7173433190410443,0.8541156415613231,risco crítico
3124203,Espera Feliz,MG,Sudeste,208,0.695914326809633,0.5961538461538461,0.0318644054151432,-0.09976048065578691,-3.130781175925437,0.30408567319036695,0.06756418903215056,-0.16732466968793747,72.95,0.7295,-3.358566889883252,0.8540627483340694,risco crítico
2905008,Caculé,BA,Nordeste,196,0.5273153199418464,0.47959183673469385,0.035633309648565425,-0.047723483207152584,-1.3392941513944916,0.47268468005815356,-0.11217652645487203,0.06445304324771944,56.48,0.5648,-3.7484704090746335,0.8535903258449488,risco crítico
2920502,Maracás,BA,Nordeste,179,0.5312313990859652,0.43575418994413406,0.03729088988790914,-0.09547720914183111,-2.5603360345870363,0.4687686009140348,-0.11217652645487203,0.016699317313040918,57.02,0.5702,-3.8968626949343665,0.8519863278110615,risco crítico
2605152,Dormentes,PE,Nordeste,169,0.635407969847951,0.834319526627219,0.03701874511247507,0.19891155677926797,5.373265792098287,0.364592030152049,0.056513547646742324,0.14239800913252565,67.39,0.6739,-3.8492038353648117,0.850783253951084,risco crítico
2904407,Brejolândia,BA,Nordeste,94,0.41983252364795437,0.40425531914893614,0.05087640924055277,-0.015577204499018227,-0.3061773566873876,0.5801674763520457,-0.11217652645487203,0.0965993219558538,47.23,0.4723,-5.246746939022312,0.8487936021047034,risco crítico
4300109,Agudo,RS,Sul,162,0.5615230690111817,0.5740740740740741,0.038885126666534375,0.012551005062892417,0.3227713560129447,0.43847693098881835,-0.0742131756906475,0.08676418075353992,60.08,0.60080004,-3.927696837285155,0.8437707768109854,risco crítico
1101476,Primavera de Rondônia,RO,Norte,59,0.7425583050247057,0.576271186440678,0.05688902921661665,-0.16628711858402767,-2.9230085461795343,0.25744169497529434,0.014894352318732818,-0.1811814709027605,80.0,0.8,-5.7441706896223295,0.8436840762942156,risco crítico
5205109,Catalão,GO,Centro-Oeste,951,0.6580957961538038,0.768664563617245,0.015378501295488206,0.11056876746344124,7.189827236018132,0.34190420384619624,0.10274857715476204,0.007820190308679198,67.35,0.6735,-1.5404205276707716,0.8417488435186931,risco crítico
3161205,São Francisco de Paula,MG,Sudeste,64,0.7335710589853915,0.90625,0.055254525451796696,0.17267894101460846,3.125154719955947,0.26642894101460846,0.06756418903215056,0.1051147519824579,78.86,0.7886,-5.5028968575796195,0.8403549708803845,risco crítico
3116704,Coimbra,MG,Sudeste,77,0.7230298423413491,0.8311688311688312,0.050979087089563564,0.10813898882748207,2.1212421602900826,0.27697015765865085,0.06756418903215056,0.04057479979533152,77.38,0.77379996,-5.0770113503530006,0.8403508261750305,risco crítico
4123204,Santa Cecília do Pavão,PR,Sul,35,0.7250013220135177,0.8,0.0754262458470278,0.0749986779864823,0.9943313119227404,0.27499867798648225,0.07813155795034676,-0.0031328799638644655,80.0,0.8,-7.4998689907411205,0.8399692402413108,risco crítico
4202081,Bandeirante,SC,Sul,45,0.6463067316182123,0.5555555555555556,0.07123099159499396,-0.0907511760626567,-1.2740406111240292,0.3536932683817877,0.05230326180180411,-0.14305443786446081,71.69,0.71690005,-7.059331902189392,0.8391688850581502,risco crítico
2616506,Xexéu,PE,Nordeste,160,0.6170963989541316,0.8125,0.038353719523195,0.1954036010458684,5.094775773382164,0.3829036010458684,0.056513547646742324,0.13889005339912608,65.51,0.65510005,-3.800364863421679,0.8391260960784328,risco crítico
4106852,Cruzmaltina,PR,Sul,36,0.726560907929511,0.9444444444444444,0.07423667061411968,0.21788353651493342,2.934985293824483,0.273439092070489,0.07813155795034676,0.13975197856458665,80.0,0.8,-7.343910399141795,0.8387311530764845,risco crítico
5205000,Carmo do Rio Verde,GO,Centro-Oeste,92,0.7454511714122425,0.8586956521739131,0.04540132508359528,0.1132444807616706,2.494299022179616,0.2545488285877575,0.10274857715476204,0.010495903606908552,79.02,0.7902,-4.474882362865107,0.8378421881625163,risco crítico
3202652,Irupi,ES,Sudeste,142,0.6551414654718725,0.8169014084507042,0.039875709801072065,0.16175994297883178,4.056603475795253,0.34485853452812754,0.07975548994201592,0.08200445303681586,69.44,0.6944,-3.925854702126108,0.8375707462355386,risco crítico
3121704,Diogo de Vasconcelos,MG,Sudeste,35,0.7119483215293524,0.7714285714285715,0.07644602150485895,0.05948024989921907,0.7780686127065288,0.2880516784706476,0.06756418903215056,-0.008083939132931484,78.65,0.78650004,-7.455171518710879,0.8352745129310414,risco crítico
4111308,Itaúna do Sul,PR,Sul,40,0.7076042321932814,0.4,0.0719014112962223,-0.30760423219328137,-4.278139005171973,0.2923957678067186,0.07813155795034676,-0.38573579014362813,77.77,0.77769995,-7.009571516389634,0.8351917181997781,risco crítico
3165206,São Thomé das Letras,MG,Sudeste,71,0.7500973825806042,0.9014084507042254,0.05119817885929036,0.15131106812362116,2.955399420348024,0.2499026174193958,0.06756418903215056,0.0837468790914706,80.0,0.8,-4.990262934032474,0.8351443118998095,risco crítico
4103370,Brasilândia do Sul,PR,Sul,36,0.6764590187208483,0.7777777777777778,0.07796713281917884,0.10131875905692944,1.2995060276476709,0.32354098127915165,0.07813155795034676,0.023187201106582678,75.19,0.7519,-7.544099854065678,0.8333779140054989,risco crítico
2612000,Sairé,PE,Nordeste,79,0.6449767241464459,0.810126582278481,0.05382156515949242,0.1651498581320351,3.068470001618076,0.3550232758535541,0.056513547646742324,0.10863631048529276,69.69,0.6969,-5.192328596250184,0.8326600019930581,risco crítico
5219704,Santa Terezinha de Goiás,GO,Centro-Oeste,73,0.7512026141590197,0.958904109589041,0.05058231510681019,0.20770149543002137,4.106207772250767,0.24879738584098032,0.10274857715476204,0.10495291827525932,80.0,0.8,-4.879739776190927,0.8326556139169277,risco crítico
3160959,São Domingos das Dores,MG,Sudeste,94,0.7575598755658773,0.9361702127659575,0.04418652314350119,0.17861033720008013,4.042190344327862,0.24244012443412266,0.06756418903215056,0.11104614816792957,80.0,0.8,-4.244013635505162,0.8315923832666543,risco crítico
2613206,São João,PE,Nordeste,177,0.6045565121957203,0.5423728813559322,0.03674847450622471,-0.06218363083978806,-1.692141828343241,0.39544348780427974,0.056513547646742324,-0.11869717848653039,63.98,0.6398,-3.5243499915943555,0.8312323676698512,risco crítico
2605905,Gameleira,PE,Nordeste,162,0.5839173908672206,0.7716049382716049,0.038716102684103366,0.18768754740438431,4.847790309261884,0.4160826091327794,0.056513547646742324,0.131173999757642,62.1,0.621,-3.70826010265477,0.8309202608605479,risco crítico
1718402,Presidente Kennedy,TO,Norte,45,0.6431232614074773,0.5777777777777777,0.07138815363859961,-0.06534548362969961,-0.91535472342525,0.35687673859252267,-0.06871734061086132,0.003371856981161714,71.14,0.7114,-6.8276711031334925,0.8305687309300074,risco crítico
2313252,Tarrafas,CE,Nordeste,97,0.7585529732407816,0.9175257731958762,0.04344043109582636,0.1589727999550946,3.659558525200002,0.24144702675921836,0.15967059056633892,-0.0006977906112443089,80.0,0.8,-4.144703868014732,0.8299865359153462,risco crítico
3107802,Bom Jesus do Galho,MG,Sudeste,143,0.7666225040209818,0.7762237762237763,0.035325017585330125,0.009601272202794497,0.2717980869960484,0.23337749597901825,0.06756418903215056,-0.05796291682935606,80.0,0.8,-3.33775078999472,0.8276370757538528,risco crítico
1304237,Tonantins,AM,Norte,296,0.4876715670631759,0.30405405405405406,0.02904344942719122,-0.18361751300912182,-6.3221661555536315,0.5123284329368241,-0.068715107700409,-0.11490240530871282,51.45,0.5145,-2.6828454871333394,0.8221878845655138,risco crítico
3130309,Iguatama,MG,Sudeste,66,0.7515462765298192,0.9393939393939394,0.053164570565974116,0.18784766286412025,3.5333241830856568,0.2484537234701808,0.06756418903215056,0.12028347383196969,80.0,0.8,-4.845373539110975,0.8189554231769092,risco crítico
5214101,Mutunópolis,GO,Centro-Oeste,52,0.7452942845290091,1.0,0.06040716523819012,0.25470571547099086,4.216481843944614,0.25470571547099086,0.10274857715476204,0.1519571383162288,80.0,0.8,-5.470572739191981,0.8174305718704747,risco crítico
2605202,Escada,PE,Nordeste,406,0.5652216592773625,0.3078817733990148,0.02459295188281378,-0.25733988587834766,-10.463968990163549,0.43477834072263755,0.056513547646742324,-0.31385343352509,58.74,0.5874,-2.2178359891491306,0.8164231484970523,risco crítico
3125408,Felício dos Santos,MG,Sudeste,73,0.7552557331636858,0.7945205479452054,0.05030202015835022,0.039264814781519664,0.7805812700546508,0.24474426683631423,0.06756418903215056,-0.028299374250630893,80.0,0.8,-4.474427875724318,0.8131361621290907,risco crítico
3200169,Água Doce do Norte,ES,Sudeste,152,0.7464602660317661,0.8157894736842105,0.03527831808402324,0.06932920765244444,1.9652072836159975,0.2535397339682339,0.07975548994201592,-0.010426282289571487,77.74,0.77739996,-3.093969114825712,0.8097613474757333,risco crítico
4320859,Tabaí,RS,Sul,59,0.5742195587618374,0.22033898305084745,0.06432000709550524,-0.35388057571098996,-5.501874015429323,0.4257804412381626,-0.0742131756906475,-0.27966740002034246,63.05,0.6305,-5.628045983481178,0.8092149658491818,risco crítico
2509909,Natuba,PB,Nordeste,74,0.5727322743089986,0.4864864864864865,0.05747983805406016,-0.08624578782251213,-1.5004528673410216,0.42726772569100135,-0.03568338079084338,-0.050562407031668755,62.3,0.62299997,-5.026769183556312,0.809084440315799,risco crítico
2920601,Maragogipe,BA,Nordeste,167,0.49401212457845,0.5449101796407185,0.03868093995465278,0.05089805506226852,1.315843284106807,0.50598787542155,-0.11217652645487203,0.16307458151714055,52.74,0.5274,-3.338789220621796,0.8059756186294312,risco crítico
4114104,Mandaguaçu,PR,Sul,338,0.6115559170509453,0.6242603550295858,0.026507880959342024,0.012704437978640515,0.47927022149098497,0.38844408294905475,0.07813155795034676,-0.06542711997170625,63.44,0.6344,-2.28440930580025,0.8055970678549853,risco crítico
2301505,Arneiroz,CE,Nordeste,50,0.690159088422349,0.76,0.06536486391346522,0.06984091157765104,1.0684778854601693,0.30984091157765103,0.15967059056633892,-0.08982967898868788,74.62,0.7462,-5.604093665928556,0.8043758245002619,risco crítico
4124806,São João,PR,Sul,134,0.7690560056817144,0.8731343283582089,0.03638551312361512,0.10407832267649453,2.8604330059301835,0.2309439943182856,0.07813155795034676,0.025946764726147764,80.0,0.8,-3.094400623921456,0.8024621183559805,risco crítico
3161502,São Geraldo,MG,Sudeste,106,0.7650693692125209,0.8773584905660378,0.04108412440624943,0.11228912135351687,2.733151137485024,0.2349306307874791,0.06756418903215056,0.04472493232136632,80.0,0.8,-3.4930642708408066,0.8023992738834059,risco crítico
1501006,Aveiro,PA,Norte,106,0.5694822574806307,0.6415094339622641,0.04806062780657889,0.07202717648163337,1.4986732335563409,0.43051774251936925,-0.03835117000600896,0.11037834648764233,61.01,0.6101,-4.061771381377232,0.8009822373800892,risco crítico
2916807,Itarantim,BA,Nordeste,112,0.40734305866072595,0.4107142857142857,0.046356608838946274,0.0033712270535597444,0.07272376340711585,0.592656941339274,-0.11217652645487203,0.11554775350843177,44.64,0.4464,-3.905692808320105,0.800254892593309,risco crítico
2409506,Pedra Grande,RN,Nordeste,40,0.44469935716475745,0.45,0.07855950927017058,0.005300642835242564,0.06747296265577926,0.5553006428352425,-0.09364469258257188,0.09894533541781445,51.07,0.5107,-6.600063024674157,0.799583782765692,risco alto
2907558,Caturama,BA,Nordeste,59,0.46868911639016914,0.5084745762711864,0.06494824759565335,0.03978545988101728,0.6125717221611368,0.5313108836098308,-0.11217652645487203,0.1519619863358893,52.31,0.5231,-5.44109021111126,0.7989166327674915,risco alto
2601805,Betânia,PE,Nordeste,92,0.6789833923155899,0.7717391304347826,0.0486565055062447,0.09275573811919269,1.9063378504913013,0.3210166076844101,0.056513547646742324,0.036242190472450364,71.97,0.71970004,-4.0716646117485045,0.7986525985115085,risco alto
4314472,Pinhal Grande,RS,Sul,41,0.5998845499343237,0.43902439024390244,0.07630094706568824,-0.16086015969042128,-2.1082328054451955,0.4001154500656763,-0.0742131756906475,-0.08664698399977377,66.33,0.66330004,-6.3415487449709484,0.7970479831849316,risco alto
4204103,Caxambu do Sul,SC,Sul,46,0.6547754861944138,0.5869565217391305,0.07005333217989376,-0.06781896445528335,-0.9681047616853876,0.34522451380558616,0.05230326180180411,-0.12012222625708746,71.21,0.71209997,-5.73244831926406,0.7934064010072079,risco alto
1501105,Bagre,PA,Norte,276,0.49702599931196173,0.5362318840579711,0.030081678519238635,0.039205884746009334,1.3033143985278395,0.5029740006880383,-0.03835117000600896,0.0775570547520183,52.12,0.5212,-2.4174001927814883,0.7891894939702822,risco alto
3162401,São João da Ponte,MG,Sudeste,177,0.651064516132763,0.632768361581921,0.035824789510410855,-0.018296154550841992,-0.5107121298095846,0.34893548386723705,0.06756418903215056,-0.08586034358299255,67.96,0.6796,-2.8535484248706777,0.787137690634913,risco alto
4207684,Ipuaçu,SC,Sul,59,0.577789163738981,0.7796610169491526,0.06425403128003365,0.20187185321017154,3.141777242432746,0.42221083626101896,0.05230326180180411,0.14956859140836742,62.89,0.6289,-5.111082777331754,0.7868239201927738,risco alto
1703206,Bernardo Sayão,TO,Norte,56,0.5205625447176576,0.5892857142857143,0.06672946067728568,0.06872316956805669,1.0298774914488356,0.4794374552823424,-0.06871734061086132,0.137440510178918,57.3,0.573,-5.243746911061997,0.7840140719040349,risco alto
2925907,Quijingue,BA,Nordeste,132,0.4155705094214174,0.3484848484848485,0.04287450328901384,-0.06708566093656887,-1.5646982656416895,0.5844294905785826,-0.11217652645487203,0.04509086551830316,44.9,0.449,-3.342949153225694,0.7822179174464338,risco alto
2802809,Indiaroba,SE,Nordeste,235,0.42284965149631976,0.3446808510638298,0.03222024082851408,-0.07816880043248997,-2.4260774724971204,0.5771503485036802,-0.06828671388153959,-0.00988208655095038,44.78,0.44779998,-2.495032914409162,0.7806434514583089,risco alto
3145851,Oratórios,MG,Sudeste,40,0.6916899503948382,0.825,0.0729973358354222,0.1333100496051618,1.8262317121506872,0.30831004960516184,0.06756418903215056,0.06574586057301124,74.81,0.7481,-5.641003234365671,0.7801702625932359,risco alto
1101559,Teixeirópolis,RO,Norte,53,0.6829004207867689,0.660377358490566,0.06387619346085871,-0.022523062296202934,-0.3526049546143407,0.31709957921323106,0.014894352318732818,-0.03741741461493575,73.21,0.7321,-4.919958913144395,0.7794193258688316,risco alto
4207577,Iomerê,SC,Sul,33,0.6922304671094306,0.9696969696969697,0.08026991018421431,0.27746650258753913,3.456668905580824,0.3077695328905694,0.05230326180180411,0.22516324078573502,75.31,0.7531,-6.08695108606927,0.7758674204135625,risco alto
2305332,Ibicuitinga,CE,Nordeste,89,0.7660942246650199,0.9662921348314607,0.044852744211095134,0.20019791016644084,4.463448417430795,0.23390577533498014,0.15967059056633892,0.04052731960010192,80.0,0.8,-3.3905787255909092,0.7751561035282302,risco alto
2901957,Apuarema,BA,Nordeste,74,0.39299490024619094,0.43243243243243246,0.056681433118626695,0.03943753218624152,0.695775142165231,0.607005099753809,-0.11217652645487203,0.15161405864111355,43.58,0.43580002,-4.2805115680170145,0.7749317873929538,risco alto
2913804,Ipecaetá,BA,Nordeste,86,0.3771005376516201,0.46511627906976744,0.05220311825681979,0.08801574141814733,1.6860245969434786,0.6228994623483799,-0.11217652645487203,0.20019226787301936,41.61,0.4161,-3.899945772305946,0.7724897748143402,risco alto
3204658,São Domingos do Norte,ES,Sudeste,96,0.7678849188000991,0.8541666666666666,0.04305695422623589,0.0862817478665675,2.003898079116647,0.23211508119990087,0.07975548994201592,0.006526257924551582,80.0,0.8,-3.211509312082983,0.7721284472630376,risco alto
2921054,Matina,BA,Nordeste,127,0.4453026059093102,0.4251968503937008,0.044071128657136756,-0.02010575551560939,-0.4562114955581815,0.5546973940906899,-0.11217652645487203,0.09207077093926264,47.77,0.4777,-3.2397389131583356,0.7688655560726583,risco alto
4109906,Icaraíma,PR,Sul,105,0.7107799359046694,0.5238095238095238,0.04423272406080096,-0.18697041209514553,-4.226970327175456,0.28922006409533063,0.07813155795034676,-0.2651019700454923,74.31,0.7431,-3.2320051602197086,0.7675132682843604,risco alto
4122800,Salgado Filho,PR,Sul,58,0.759278340281635,0.9310344827586207,0.056122316454405366,0.17175614247698567,3.060389401719065,0.240721659718365,0.07813155795034676,0.09362458452663891,80.0,0.8,-4.072167163929397,0.7659542680026288,risco alto
2509800,Mulungu,PB,Nordeste,81,0.5623647751753675,0.654320987654321,0.05503137308339629,0.09195621247895347,1.6709779772276463,0.43763522482463246,-0.03568338079084338,0.12763959326979685,60.21,0.6021,-3.9735239511216935,0.764867218484382,risco alto
3134202,Ituiutaba,MG,Sudeste,894,0.6464105345907939,0.6387024608501118,0.015987430767093757,-0.007708073740682053,-0.4821333616998205,0.3535894654092061,0.06756418903215056,-0.07527226277283261,65.79,0.65790004,-1.1489500790523244,0.7638242775138591,risco alto
2905909,Campo Alegre de Lourdes,BA,Nordeste,189,0.4074023669958398,0.2804232804232804,0.035719357078068455,-0.1269790865725594,-3.554909633312635,0.5925976330041602,-0.11217652645487203,-0.01480256011768738,43.29,0.4329,-2.5497644543619415,0.762334676759796,risco alto
2514453,São José dos Ramos,PB,Nordeste,56,0.5765461773333983,0.26785714285714285,0.06600569383437256,-0.30868903447625545,-4.676703122776738,0.4234538226666017,-0.03568338079084338,-0.2730056536854121,62.36,0.6236,-4.705382877011733,0.7620385375291547,risco alto
4112405,Japurá,PR,Sul,90,0.7109198971857864,0.8111111111111111,0.047756306491993576,0.1001912139253247,2.0979682325751456,0.2890801028142136,0.07813155795034676,0.022059655974977943,74.44,0.7444,-3.348012722827609,0.7583678086713432,risco alto
2313609,Ubajara,CE,Nordeste,451,0.7868376598801059,0.9512195121951219,0.019267679748091716,0.164381852315016,8.531481447904826,0.2131623401198941,0.15967059056633892,0.004711261748677087,80.0,0.8,-1.3162352040823055,0.752738010226053,risco alto
5214861,Nova Glória,GO,Centro-Oeste,49,0.7583570887531403,0.8775510204081632,0.06114758144931257,0.1191939316550229,1.9492828470056012,0.24164291124685966,0.10274857715476204,0.016445354500260856,80.0,0.8,-4.1642923167788615,0.7520716028439807,risco alto
2300309,Acopiara,CE,Nordeste,365,0.6378161992406063,0.6438356164383562,0.025151307824125523,0.006019417197749899,0.2393281987498074,0.3621838007593937,0.15967059056633892,-0.15365117336858902,65.49,0.65489995,-1.7083755555231117,0.7515068603696695,risco alto
3114501,Carmópolis de Minas,MG,Sudeste,169,0.7517202909788798,0.8165680473372781,0.033213231686197824,0.06484775635839823,1.9524675277337296,0.24827970902112018,0.06756418903215056,-0.0027164326737523226,77.39,0.7739,-2.217968145993243,0.7478682647324751,risco alto
3151305,Piraúba,MG,Sudeste,121,0.7290291170622066,0.859504132231405,0.04039914102391927,0.13047501516919835,3.229648251480088,0.27097088293779337,0.06756418903215056,0.06291082613704779,75.54,0.7554,-2.637088494050943,0.743044026987932,risco alto
1719004,Santa Tereza do Tocantins,TO,Norte,49,0.486573804204274,0.2857142857142857,0.07135460877212998,-0.2008595184899883,-2.8149480733813643,0.513426195795726,-0.06871734061086132,-0.13214217787912697,53.31,0.5331,-4.652620476026459,0.7428129741272569,risco alto
1707652,Figueirópolis,TO,Norte,62,0.6127150086690607,0.5161290322580645,0.06183101655664235,-0.0965859764109962,-1.5620958830996319,0.3872849913309393,-0.06871734061086132,-0.027868635800134878,65.27,0.65269995,-3.9984938688117033,0.7410807629852665,risco alto
2703007,Ibateguara,AL,Nordeste,79,0.76983522789317,0.5443037974683544,0.04729238283932069,-0.2255314304248156,-4.768874327839962,0.23016477210682995,-0.0917585721464571,-0.1337728582783585,80.0,0.8,-3.0164784027758906,0.7382097768991533,risco alto
3167905,Tabuleiro,MG,Sudeste,44,0.759632502445875,0.75,0.06440146487323752,-0.00963250244587499,-0.14956961716375253,0.240367497554125,0.06756418903215056,-0.07719669147802555,80.0,0.8,-4.036750947505396,0.734608244980276,risco alto
4107405,Enéas Marques,PR,Sul,66,0.7675725505110534,0.8636363636363636,0.051977446639640955,0.0960638131253102,1.8481826125727092,0.23242744948894656,0.07813155795034676,0.01793225517496344,80.0,0.8,-3.2427461409875513,0.7336453615833867,risco alto
2205359,João Costa,PI,Nordeste,31,0.5027769982514427,0.967741935483871,0.08977333339415314,0.46496493723242827,5.179321293451169,0.49722300174855727,0.039222924566388706,0.42574201266603956,55.82,0.5582,-5.542300346517104,0.7315033275739627,risco alto
3103900,Araújos,MG,Sudeste,93,0.7205145385290397,0.9032258064516129,0.04650599374602039,0.1827112679225732,3.928768169548214,0.2794854614709603,0.06756418903215056,0.11514707889042264,74.92,0.7492,-2.8685447928785024,0.7313205817679658,risco alto
4304002,Campo Novo,RS,Sul,56,0.617428354403964,0.4642857142857143,0.06489168302646256,-0.15314264011824974,-2.3599733120775865,0.38257164559603596,-0.0742131756906475,-0.07892946442760224,65.72,0.65720004,-3.977168402911091,0.7300265851313283,risco alto
2303006,Caridade,CE,Nordeste,157,0.7798445322033358,0.9872611464968153,0.033056282911494844,0.20741661429347946,6.274650263879286,0.22015546779666417,0.15967059056633892,0.04774602372714054,80.0,0.8,-2.0155479717593128,0.7289803858146449,risco alto
2706448,Paripueira,AL,Nordeste,232,0.5584069128981891,0.3577586206896552,0.03257312708248348,-0.20064829220853392,-6.15993336164628,0.4415930871018109,-0.0917585721464571,-0.10888972006207681,57.82,0.5782,-1.979306974493833,0.7282902766756336,risco alto
2201176,Barra D'Alcântara,PI,Nordeste,44,0.5976495443574087,0.9318181818181818,0.0739123700306566,0.3341686374607731,4.521146288803486,0.4023504556425913,0.039222924566388706,0.29494571289438437,64.23,0.6423,-4.465046537006934,0.7271114320748557,risco alto
2616308,Vicência,PE,Nordeste,223,0.5921034948519153,0.6816143497757847,0.03289991057832544,0.08951085492386945,2.7207020733618488,0.40789650514808473,0.056513547646742324,0.03299730727712713,61.19,0.6119,-1.979647711005983,0.7263191550768704,risco alto
2918803,Laje,BA,Nordeste,110,0.4922391755204586,0.45454545454545453,0.04764109710018202,-0.037693720975004064,-0.7912017831104912,0.5077608244795414,-0.11217652645487203,0.07448280547986796,52.04,0.5204,-2.8160812177142724,0.7227744128845282,risco alto
5209937,Inaciolândia,GO,Centro-Oeste,69,0.736584690085576,0.8695652173913043,0.053001845269289895,0.1329805273057283,2.508979199310619,0.26341530991442397,0.10274857715476204,0.030231950150966247,76.77,0.76769996,-3.1115266808344866,0.7214183169496667,risco alto
2911303,Gentio do Ouro,BA,Nordeste,81,0.47462336464798077,0.5432098765432098,0.05547280678746479,0.06858651189522907,1.2363988027144066,0.5253766353520193,-0.11217652645487203,0.1807630383501011,50.71,0.5071,-3.247662142837421,0.7208778155063749,risco alto
2929602,Sapeaçu,BA,Nordeste,123,0.5811207915676005,0.6504065040650406,0.04448002779910936,0.06928571249744009,1.5576814117644824,0.41887920843239945,-0.11217652645487203,0.18146223895231212,60.68,0.6068,-2.56792281734578,0.71813848790252,risco alto
4118709,Paulo Frontin,PR,Sul,83,0.7736263573153624,0.8433734939759037,0.045899941277560155,0.06974713666054122,1.5195474050560416,0.22637364268463755,0.07813155795034676,-0.008384421289805544,80.0,0.8,-2.637365460556651,0.717215745768983,risco alto
3109006,Brumadinho,MG,Sudeste,394,0.7051793917336019,0.8756345177664975,0.022967011921705728,0.1704551260328956,7.421737168682417,0.2948206082663981,0.06756418903215056,0.10289093700074503,71.82,0.71819997,-1.3020576604410805,0.7146174807695734,risco alto
4201505,Armazém,SC,Sul,122,0.6971847821382419,0.7950819672131147,0.04154229934252605,0.09789718507487288,2.3565663582481924,0.30281521786175813,0.05230326180180411,0.04559392327306877,72.02,0.72019994,-2.3015160450564287,0.7102165622919514,risco alto
2804102,Moita Bonita,SE,Nordeste,90,0.46192527041231385,0.5777777777777777,0.052513346327214126,0.11585250736546387,2.2061535870058493,0.5380747295876862,-0.06828671388153959,0.18413922124700347,49.05,0.4905,-2.857473268712768,0.7068282206340635,risco alto
4200408,Água Doce,SC,Sul,75,0.6424546023831031,0.7066666666666667,0.05533926487912453,0.06421206428356352,1.1603346091390898,0.35754539761689685,0.05230326180180411,0.011908802481759406,67.24,0.6724,-2.9945395328078495,0.705788885242555,risco alto
1717008,Pindorama do Tocantins,TO,Norte,56,0.4914828435069995,0.3392857142857143,0.06674765864267165,-0.1521971292212852,-2.2801867858176204,0.5085171564930004,-0.06871734061086132,-0.08347978861042388,52.73,0.5273,-3.581715668373536,0.7042299069149608,risco alto
2933505,Wenceslau Guimarães,BA,Nordeste,154,0.42685457182416936,0.3116883116883117,0.03984673161734757,-0.11516626013585768,-2.8902310292801827,0.5731454281758306,-0.11217652645487203,-0.002989733680985651,44.82,0.4482,-2.134541558732966,0.7039128974870859,risco alto
4108650,Goioxim,PR,Sul,63,0.7718947250479385,0.9047619047619048,0.052850227522441715,0.13286717971396622,2.5140323124918815,0.22810527495206145,0.07813155795034676,0.05473562176361946,80.0,0.8,-2.810528687299041,0.7025646971249725,risco alto
4209607,Lauro Muller,SC,Sul,162,0.640466354280769,0.6975308641975309,0.03768397138365553,0.05706450991676182,1.5142912973740372,0.35953364571923097,0.05230326180180411,0.004761248114957706,66.04,0.66040003,-1.9933678716362313,0.7015867624218903,risco alto
5000807,Anaurilândia,MS,Centro-Oeste,105,0.6515872188487913,0.8,0.04649568621327916,0.1484127811512087,3.191968830622873,0.34841278115120866,-0.04453267849467879,0.1929454596458875,67.61,0.6761,-2.451279679146745,0.7009746693516125,risco alto
3137601,Lagoa Santa,MG,Sudeste,534,0.6362869740120336,0.7322097378277154,0.020732146238786393,0.09592276381568177,4.626764769593716,0.3637130259879664,0.06756418903215056,0.02835857478353121,64.72,0.6472,-1.0913014353139738,0.7006883515234436,risco alto
2607950,Jaqueira,PE,Nordeste,71,0.5829784341801457,0.8169014084507042,0.05846705662756823,0.23392297427055853,4.00093638646177,0.4170215658198543,0.056513547646742324,0.1774094266238162,61.36,0.6136,-3.0621581460113068,0.6997705738684464,risco alto
2107357,Nova Olinda do Maranhão,MA,Nordeste,164,0.589495497839175,0.6341463414634146,0.03839643558215529,0.044650843624239656,1.1628903294604538,0.410504502160825,0.035901965390226165,0.00874887823401349,60.95,0.6095,-2.0004493100919007,0.6988161622181227,risco alto
3162203,São João Batista do Glória,MG,Sudeste,88,0.7771846681204733,0.8409090909090909,0.044354964238968224,0.06372442278861767,1.4366920114126107,0.22281533187952673,0.06756418903215056,-0.0038397662435328828,80.0,0.8,-2.281534380045569,0.6965071241505667,risco alto
5210109,Ipameri,GO,Centro-Oeste,266,0.6520882307227827,0.7406015037593985,0.029203523864395318,0.08851327303661582,3.030910702681687,0.34791176927721734,0.10274857715476204,-0.01423530411814622,66.71,0.6671,-1.5011781579616024,0.696388013534766,risco alto
5008404,Vicentina,MS,Centro-Oeste,92,0.6526318691870923,0.5434782608695652,0.049617458019373464,-0.10915360831752707,-2.1999032734588564,0.34736813081290774,-0.04453267849467879,-0.06462092982284828,67.77,0.6777,-2.506811393287234,0.693300539670727,risco alto
4103404,Cafeara,PR,Sul,33,0.7626224261833285,0.6363636363636364,0.07404984066873296,-0.12625878981969219,-1.7050514718123368,0.23737757381667146,0.07813155795034676,-0.20439034777003895,80.0,0.8,-3.7377585737600416,0.6931371857201224,risco alto
2102507,Cajari,MA,Nordeste,72,0.5475977670260597,0.3194444444444444,0.05862276593683134,-0.22815332258161525,-3.8918894210392714,0.45240223297394033,0.035901965390226165,-0.2640552879718414,57.7,0.577,-2.940225490844961,0.6920079908307921,risco alto
4205803,Garuva,SC,Sul,230,0.5729106156902553,0.6739130434782609,0.032611485815550435,0.10100242778800561,3.097142778445369,0.42708938430974475,0.05230326180180411,0.0486991659862015,58.9,0.589,-1.6089370958304317,0.6891227029230349,risco alto
2207405,Palmeira do Piauí,PI,Nordeste,36,0.6848978773056298,0.7222222222222222,0.07740407441767265,0.03732434491659242,0.48220129492396135,0.3151021226943702,0.039222924566388706,-0.0018985796497962837,72.28,0.7228,-3.7902139097568455,0.6878148474383047,risco alto
2515500,Serra Branca,PB,Nordeste,100,0.5889352829742885,0.53,0.049193141388876545,-0.058935282974288516,-1.1980386149442948,0.41106471702571146,-0.03568338079084338,-0.02325190218344514,61.29,0.6129,-2.396473571772806,0.6869261205727124,risco alto
2306504,Itapiúna,CE,Nordeste,174,0.7848544876707871,0.9252873563218391,0.031141817689307422,0.14043286865105198,4.509462808244162,0.21514551232921286,0.15967059056633892,-0.019237721915286943,80.0,0.8,-1.5145524250141817,0.6866370821309896,risco alto
3161908,São Gonçalo do Rio Abaixo,MG,Sudeste,164,0.7844954834910373,0.9146341463414634,0.032103919414949174,0.1301386628504262,4.053668998117009,0.21550451650896274,0.06756418903215056,0.06257447381827563,80.0,0.8,-1.5504528429891695,0.6854337232506073,risco alto
4114351,Manfrinópolis,PR,Sul,31,0.7638388464113194,0.7096774193548387,0.07623899685616622,-0.05416142705648064,-0.7104163130407198,0.23616115358868062,0.07813155795034676,-0.1322929850068274,80.0,0.8,-3.616116550960957,0.6823617238084237,risco alto
2510907,Paulista,PB,Nordeste,72,0.6222914779723392,0.4027777777777778,0.05711130497197773,-0.2195137001945614,-3.8436120537303102,0.3777085220276608,-0.03568338079084338,-0.18383031940371802,64.86,0.6486,-2.6308504289318524,0.6774762747310296,risco alto
3301504,Cordeiro,RJ,Sudeste,188,0.6108461721671197,0.648936170212766,0.035553773434796564,0.03808999804564628,1.0713348926380766,0.38915382783288033,-0.013487646671521136,0.051577644717167415,62.66,0.6266,-1.5753854917230914,0.6711530726923625,risco alto
5215702,Palmeiras de Goiás,GO,Centro-Oeste,354,0.6882310491133612,0.8107344632768362,0.024600265303587738,0.12250341416347499,4.979759878671264,0.3117689508866388,0.10274857715476204,0.019754837008712944,69.91,0.6991,-1.086896843424623,0.6706914328454708,risco alto
5202502,Aruanã,GO,Centro-Oeste,81,0.7781376723225915,0.9012345679012346,0.0461506978883217,0.12309689557864312,2.6672813459185507,0.22186232767740854,0.10274857715476204,0.020348318423881073,79.85,0.7985,-2.036232910792002,0.6704709220742302,risco alto
5210562,Itaguari,GO,Centro-Oeste,76,0.779340683936054,0.7763157894736842,0.04755687704329795,-0.003024894462369865,-0.06360582633750031,0.22065931606394595,0.10274857715476204,-0.10577347161713191,80.0,0.8,-2.065932798487491,0.6680057384014707,risco alto
4313490,Novo Barreiro,RS,Sul,35,0.61476906202098,0.37142857142857144,0.08204292205726894,-0.2433404905924086,-2.966014428673665,0.38523093797901997,-0.0742131756906475,-0.16912731490176108,65.03,0.65029997,-3.5530904314316603,0.6675205921234932,risco alto
4206108,Grão Pará,SC,Sul,78,0.652788494173882,0.7051282051282052,0.053899299824323406,0.052339710954323215,0.9710647656818654,0.34721150582611804,0.05230326180180411,3.644915251910241e-05,67.57,0.6757,-2.291151469528918,0.6646108236879257,risco alto
4213153,Planalto Alegre,SC,Sul,32,0.7645269900212025,0.90625,0.07499705431008695,0.1417230099787975,1.8897143532174177,0.2354730099787975,0.05230326180180411,0.08941974817699339,79.63,0.7963,-3.1773003970649305,0.6640918982963149,risco alto
3142205,Miraí,MG,Sudeste,94,0.7819925545492156,0.7872340425531915,0.04256226030149773,0.005241488003975947,0.12314872299654404,0.21800744545078443,0.06756418903215056,-0.06232270102817461,80.0,0.8,-1.8007457371713387,0.6638834067639555,risco alto
1505007,Nova Timboteua,PA,Norte,120,0.5329185757769521,0.5083333333333333,0.045538464781936426,-0.024585242443618815,-0.5398785962888005,0.4670814242230479,-0.03835117000600896,0.013765927562390146,55.21,0.5521,-1.9181426988703398,0.6632004933701496,risco alto
2414159,Tenente Laurentino Cruz,RN,Nordeste,52,0.4747357395075351,0.38461538461538464,0.06922102617233535,-0.09012035489215048,-1.3019216829837708,0.5252642604924649,-0.09364469258257188,0.003524337690421403,50.34,0.5034,-2.8664288244387492,0.6605988299399237,risco alto
5221858,Valparaíso de Goiás,GO,Centro-Oeste,2094,0.6011967041202183,0.6427889207258835,0.010699974728623718,0.041592216605665144,3.887132227929564,0.3988032958797817,0.10274857715476204,-0.0611563605490969,60.56,0.6056,-0.4403295307577104,0.6596557892352168,risco alto
3160108,Santo Antônio do Grama,MG,Sudeste,52,0.7768489894935597,0.9423076923076923,0.05771787097921339,0.16545870281413255,2.866680631267933,0.22315101050644026,0.06756418903215056,0.097894513781982,80.0,0.8,-2.3151022427369217,0.6558292010207939,risco alto
2500502,Alagoinha,PB,Nordeste,141,0.5943149623190456,0.524822695035461,0.04134051521494599,-0.0694922672835846,-1.680972453349125,0.40568503768095443,-0.03568338079084338,-0.03380888649274122,61.06,0.6106,-1.6285032340378258,0.653181524918484,risco alto
4112702,Jataizinho,PR,Sul,132,0.6365870759998443,0.6136363636363636,0.04185714348605228,-0.022950712363480674,-0.548310526042666,0.3634129240001557,0.07813155795034676,-0.10108227031382744,65.3,0.65300006,-1.6412980743777505,0.6525148508372909,risco alto
5105101,Juara,MT,Centro-Oeste,390,0.5678633457730076,0.5974358974358974,0.02503244140146494,0.029572551662889857,1.181369055802892,0.43213665422699243,0.0350807253016272,-0.005508173638737346,57.76,0.5776,-0.9736656515810793,0.6513476949084643,risco alto
3160306,Santo Antônio do Jacinto,MG,Sudeste,101,0.6389447445183758,0.6534653465346535,0.04777781097275067,0.014520602016277695,0.3039193659282401,0.3610552554816242,0.06756418903215056,-0.05304358701587286,65.75,0.6575,-1.8555284091853697,0.6511274515440827,risco alto
2926301,Riachão do Jacuípe,BA,Nordeste,172,0.4338599781802914,0.38372093023255816,0.03776539551074951,-0.05013904794773322,-1.3276452495634974,0.5661400218197086,-0.11217652645487203,0.06203747850713881,44.85,0.44849998,-1.4639999408362192,0.6508648583899905,risco alto
4212239,Paraíso,SC,Sul,31,0.7717060245540018,0.8387096774193549,0.07537080948273289,0.06700365286535304,0.8889867751878566,0.22829397544599817,0.05230326180180411,0.014700391063548923,80.0,0.8,-2.829398736692712,0.6463174393725383,risco alto
2502052,Bernardino Batista,PB,Nordeste,35,0.6143293652192303,0.9428571428571428,0.08224414100660471,0.3285277776379125,3.994543241828372,0.3856706347807697,-0.03568338079084338,0.3642111584287559,64.46,0.6446,-3.027060893619571,0.643584983245469,risco alto
2906600,Candiba,BA,Nordeste,120,0.5050190132944427,0.4166666666666667,0.04561228457411801,-0.08835234662777597,-1.9370296281521961,0.49498098670555735,-0.11217652645487203,0.02382417982709606,52.13,0.5213,-1.6281004539267063,0.6394329157419978,risco alto
4201257,Apiúna,SC,Sul,93,0.646167405902539,0.7096774193548387,0.049569496516079704,0.06351001345229979,1.2812317638065571,0.35383259409746104,0.05230326180180411,0.011206751650495672,66.35,0.6635,-1.7332605064715678,0.6367040832783667,risco alto
3115706,Central de Minas,MG,Sudeste,55,0.7056372857533741,0.7272727272727273,0.061442862898357105,0.02163544151935315,0.35212293989529664,0.29436271424662586,0.06756418903215056,-0.04592874751279741,72.65,0.72650003,-2.0862748578901247,0.6329012055715243,risco alto
3168002,Taiobeiras,MG,Sudeste,380,0.7019678464170604,0.8578947368421053,0.02345594996304616,0.15592689042504482,6.647647640394054,0.29803215358293955,0.06756418903215056,0.08836270139289426,70.99,0.70989996,-0.7932115531334327,0.632382730985213,risco alto
3142007,Mirabela,MG,Sudeste,120,0.6095601610292196,0.5416666666666666,0.0445191779975545,-0.06789349436255299,-1.5250392620969433,0.3904398389707804,0.06756418903215056,-0.13545768339470354,62.46,0.6246,-1.5039832199692738,0.6322536579960616,risco alto
2202554,Caridade do Piauí,PI,Nordeste,56,0.6233979137332161,0.5892857142857143,0.06471159389625973,-0.03411219944750177,-0.5271420064569514,0.37660208626678393,0.039222924566388706,-0.07333512401389047,64.49,0.64489996,-2.1502050599364497,0.6301592256574713,risco alto
3115102,Cássia,MG,Sudeste,170,0.7099376830974393,0.7764705882352941,0.03477206355882017,0.06653290513785481,1.9134011136643714,0.2900623169025607,0.06756418903215056,-0.0010312838942957425,72.14,0.7214,-1.1462339409274547,0.6291648325681141,risco alto
1503044,Floresta do Araguaia,PA,Norte,228,0.5196495860503777,0.6710526315789473,0.03308347913009704,0.15140304552856965,4.576394306451093,0.4803504139496223,-0.03835117000600896,0.1897542155345786,53.03,0.53029996,-1.065037551654735,0.6262449742587638,risco alto
5208103,Formoso,GO,Centro-Oeste,45,0.7009177461382375,0.8666666666666667,0.06824115971099186,0.16574892052842916,2.4288702189469293,0.29908225386176246,0.10274857715476204,0.06300034337366711,72.26,0.72260004,-2.1682296681739266,0.6246553070571368,risco alto
2516409,Tacima,PB,Nordeste,45,0.5759978212686868,0.7777777777777778,0.0736415850952408,0.20177995650909097,2.740027339826113,0.4240021787313132,-0.03568338079084338,0.23746333729993435,59.92,0.5992,-2.32021890309958,0.6236454110342283,risco alto
4104055,Campo Bonito,PR,Sul,47,0.7192194756298912,0.7872340425531915,0.06553183579341426,0.06801456692330032,1.0378858779069267,0.2807805243701088,0.07813155795034676,-0.01011699102704644,73.98,0.73980004,-2.0580560323630537,0.6232601328873397,risco alto
5007950,Tacuru,MS,Centro-Oeste,187,0.5520809419347754,0.5668449197860963,0.03634206202645106,0.014763977851320886,0.40625041695694464,0.4479190580652246,-0.04453267849467879,0.059296656345999676,56.3,0.56299996,-1.0919021825600561,0.6180835523119537,risco alto
4106704,Cruzeiro do Sul,PR,Sul,49,0.7087352306960631,0.7142857142857143,0.06484957523819643,0.005550483589651156,0.08559013022466058,0.29126476930393685,0.07813155795034676,-0.07258107436069561,72.78,0.7278,-1.9064780938763515,0.6156151909780682,risco alto
1705557,Combinado,TO,Norte,55,0.6323537042472249,0.5636363636363636,0.06493773127490417,-0.06871734061086132,-1.0582035938391001,0.3676462957527751,-0.06871734061086132,0.0,65.04,0.6504,-1.8046278682004813,0.6094559295922364,risco alto
5213053,Mimoso de Goiás,GO,Centro-Oeste,30,0.6647399174142125,0.8,0.08593798889344195,0.1352600825857876,1.5739265524761363,0.33526008258578754,0.10274857715476204,0.032511505431025545,68.83,0.6883,-2.3560096127962837,0.6080162030722785,risco alto
1505601,Peixe-Boi,PA,Norte,70,0.5653168001485408,0.8428571428571429,0.05919740740751603,0.27754034270860206,4.688386786907901,0.4346831998514592,-0.03835117000600896,0.315891512714611,58.11,0.5811,-1.5783186881488498,0.6051189541070138,risco alto
3121803,Dionísio,MG,Sudeste,61,0.7868549396189641,0.7213114754098361,0.05241415217986844,-0.06554346420912804,-1.2504917371209983,0.21314506038103587,0.06756418903215056,-0.1331076532412786,80.0,0.8,-1.3145072301964822,0.5990127005817502,risco alto
2109809,Santa Helena,MA,Nordeste,200,0.6007083270245666,0.725,0.034618967942405404,0.12429167297543342,3.5902766709340947,0.39929167297543344,0.035901965390226165,0.08838970758520726,60.93,0.6093,-0.8591690332306001,0.5980019256592631,risco alto
2403202,Doutor Severiano,RN,Nordeste,44,0.5635765989470213,0.5227272727272727,0.0747466934242324,-0.04084932621974857,-0.5465034551816774,0.4364234010529787,-0.09364469258257188,0.05279536636282331,58.21,0.5821,-1.8523375208404746,0.5978613467217214,risco alto
2609154,Manari,PE,Nordeste,174,0.5981749359742169,0.5287356321839081,0.037147472677453094,-0.06943930379030883,-1.8692874315634256,0.4018250640257831,0.056513547646742324,-0.12595285143705115,60.73,0.6073,-0.9125047527217434,0.5970210221097445,risco alto
5101407,Aripuanã,MT,Centro-Oeste,383,0.628407640937947,0.6266318537859008,0.024675816470005302,-0.001775787152046182,-0.07196467659762103,0.371592359062053,0.0350807253016272,-0.036856512453673385,63.44,0.6344,-0.5992369171000766,0.5959368003219976,risco alto
3108800,Braúnas,MG,Sudeste,31,0.7149874269980495,0.6129032258064516,0.08101665259442399,-0.10208420119159789,-1.26003973161715,0.2850125730019505,0.06756418903215056,-0.16964839022374845,73.45,0.7345,-1.951256394204448,0.5951628922855777,risco alto
4107157,Diamante D'Oeste,PR,Sul,74,0.6797494647819988,0.7432432432432432,0.05423010885676623,0.06349377846124438,1.170821519627511,0.3202505352180012,0.07813155795034676,-0.014637779489102387,69.28,0.6928,-1.3050520626784134,0.595087123924337,risco alto
2308906,Morrinhos,CE,Nordeste,269,0.7940873869411849,0.9776951672862454,0.02464250977679607,0.18360778034506053,7.450855534120541,0.20591261305881514,0.15967059056633892,0.023937189778721613,80.0,0.8,-0.5912624979744097,0.5948100601734201,risco alto
3203403,Mimoso do Sul,ES,Sudeste,197,0.6918375475933465,0.6548223350253807,0.03288923492198622,-0.037015212567965805,-1.1254507031181014,0.3081624524066535,0.07975548994201592,-0.11677070250998173,69.97,0.6997,-0.7862450308570024,0.5944698793598561,risco alto
2600807,Altinho,PE,Nordeste,111,0.6089292131481959,0.6846846846846847,0.046303045043580134,0.07575547153648876,1.6360796890396343,0.3910707868518041,0.056513547646742324,0.019241923889746437,61.99,0.6199,-1.0970775026242552,0.5936460820081231,risco alto
1100254,Presidente Médici,RO,Norte,202,0.64519667591784,0.6831683168316832,0.033654796566461795,0.037971640913843197,1.1282683239180025,0.35480332408216,0.014894352318732818,0.02307728859511038,65.31,0.65309995,-0.7903278210425357,0.5928310696388659,risco alto
4119707,Planaltina do Paraná,PR,Sul,45,0.7839868084906846,0.8,0.06129740004150957,0.01601319150931546,0.2612376952117316,0.21601319150931542,0.07813155795034676,-0.0621183664410313,79.82,0.7982,-1.421320276267235,0.5916816132564452,risco alto
1101203,Ministro Andreazza,RO,Norte,82,0.7253522020390479,0.6951219512195121,0.04926333104227279,-0.030230250819535787,-0.6136460970045906,0.27464779796095207,0.014894352318732818,-0.045124603138268604,73.67,0.7367,-1.134779633970573,0.5910900003062769,risco alto
3164605,São Sebastião do Oeste,MG,Sudeste,130,0.71944504139732,0.7692307692307693,0.03939441555878815,0.049785727833449256,1.2637762771008543,0.28055495860268,0.06756418903215056,-0.0177784611987013,72.84,0.7284,-0.8954950591815725,0.5899106839697562,risco alto
3118205,Conquista,MG,Sudeste,75,0.6933188319723586,0.6533333333333333,0.05323529145684116,-0.03998549863902523,-0.7511088517556481,0.30668116802764145,0.06756418903215056,-0.10754968767117579,70.54,0.7054,-1.2081158109428558,0.5897643706371885,risco alto
5202601,Aurilândia,GO,Centro-Oeste,32,0.7486908101622516,0.9375,0.07664934339151191,0.18880918983774841,2.4632851565778315,0.2513091898377484,0.10274857715476204,0.08606061268298637,76.59,0.76589996,-1.7209146064097292,0.5888228118683579,risco alto
3111150,Campo Azul,MG,Sudeste,37,0.7852982343137693,0.7297297297297297,0.06748142965913835,-0.05556850458403961,-0.8234636531076296,0.21470176568623067,0.06756418903215056,-0.12313269361619017,80.0,0.8,-1.4701777607159627,0.5862324811103876,risco alto
2602209,Bom Jardim,PE,Nordeste,297,0.6351777597951807,0.6936026936026936,0.027928361569295918,0.0584249338075129,2.091957083216243,0.36482224020481935,0.056513547646742324,0.0019113861607705784,64.09,0.64089996,-0.5722196431168225,0.5811703284031051,risco alto
3154101,Recreio,MG,Sudeste,76,0.7241882213223995,0.6052631578947368,0.05121370225390593,-0.11892506342766263,-2.3221336906685464,0.27581177867760054,0.06756418903215056,-0.18648925245981318,73.4,0.734,-0.9811805857318556,0.575966573024203,risco alto
3108107,Bonfim,MG,Sudeste,62,0.699895015212935,0.8709677419354839,0.05819523389542712,0.17107272672254892,2.939634662006084,0.30010498478706504,0.06756418903215056,0.10350853769039836,70.99,0.70989996,-1.0004946735459819,0.5682499379614879,risco alto
4217402,Schroeder,SC,Sul,263,0.6533691783179923,0.7452471482889734,0.0293354011392188,0.09187796997098108,3.1319827376810085,0.34663082168200765,0.05230326180180411,0.039574708169176964,65.84,0.65839994,-0.503076121905599,0.5680811995415239,risco alto
1713304,Miranorte,TO,Norte,132,0.563610897331276,0.6363636363636364,0.043158765387089695,0.07275273903236035,1.6857001904443552,0.436389102668724,-0.06871734061086132,0.14147007964322167,57.09,0.5709,-0.7289125652275019,0.5670587980761559,risco alto
2926905,Rio do Pires,BA,Nordeste,32,0.4171471249316742,0.15625,0.08706437701337773,-0.2608971249316742,-2.9966001467119727,0.5828528750683257,-0.11217652645487203,-0.1487205984768022,43.13,0.4313,-1.4152889325756812,0.5645662207066109,risco alto
5204557,Caldazinha,GO,Centro-Oeste,46,0.7220015308781613,0.6086956521739131,0.06604775775700229,-0.11330587870424824,-1.7155143876513463,0.2779984691218387,0.10274857715476204,-0.21605445585901029,73.27,0.7327,-1.0698459394360649,0.5643394580995922,risco alto
3162955,São José da Lapa,MG,Sudeste,328,0.6488903365855543,0.7530487804878049,0.026348679626514108,0.1041584439022506,3.953080206624024,0.3511096634144457,0.06756418903215056,0.03659425487010004,65.31,0.65309995,-0.4209617542711097,0.5634672121594698,risco alto
1504802,Monte Alegre,PA,Norte,732,0.5799115630129527,0.4685792349726776,0.018239150527281377,-0.11133232804027504,-6.1040303315523765,0.42008843698704734,-0.03835117000600896,-0.07298115803426608,58.27,0.5827,-0.2788451101427225,0.5607546218493621,risco alto
2905206,Caetité,BA,Nordeste,428,0.5384324604235655,0.3901869158878505,0.024088047989553617,-0.14824554453571503,-6.1543195446972465,0.4615675395764345,-0.11217652645487203,-0.03606901808084301,54.21,0.5421,-0.3667551878833164,0.5605075198887848,risco alto
3138625,Limeira do Oeste,MG,Sudeste,119,0.6696316490651861,0.5966386554621849,0.04310775262032402,-0.07299299360300127,-1.6932683604709016,0.33036835093481387,0.06756418903215056,-0.14055718263515182,67.61,0.6761,-0.6468366575072659,0.5596378582017747,risco alto
2932101,Ubaíra,BA,Nordeste,131,0.5206065803044527,0.3893129770992366,0.043625859591943615,-0.1312936032052161,-3.009536188702677,0.4793934196955473,-0.11217652645487203,-0.019117076750344075,52.71,0.52709997,-0.6493386698415926,0.5591610854398207,risco alto
2111631,São Raimundo do Doca Bezerra,MA,Nordeste,47,0.5921693676732181,0.5531914893617021,0.07165273065597724,-0.038977878311516,-0.5439831525564404,0.40783063232678185,0.035901965390226165,-0.07487984370174217,60.22,0.60220003,-1.0030663607299428,0.5556660423919922,risco alto
3100807,Aguanil,MG,Sudeste,46,0.7919569646676967,0.8913043478260869,0.059815586064355795,0.0993473831583902,1.6608945877668406,0.20804303533230328,0.06756418903215056,0.031783194126239644,80.0,0.8,-0.8043047253232238,0.5534821901643917,risco alto
5005806,Nioaque,MS,Centro-Oeste,183,0.5777067407909345,0.6174863387978142,0.03649831045778652,0.03977959800687969,1.0899024504952979,0.42229325920906546,-0.04453267849467879,0.08431227650155848,58.26,0.5826,-0.4893256729512241,0.5533256117348041,risco alto
2301802,Baixio,CE,Nordeste,36,0.7912569415952299,0.9166666666666666,0.06771609640941335,0.12540972507143677,1.8519928306736138,0.20874305840477014,0.15967059056633892,-0.03426086549490215,80.0,0.8,-0.8743070325699098,0.5513661274106881,risco alto
2929909,Seabra,BA,Nordeste,406,0.5349033756478314,0.3497536945812808,0.02474843945866887,-0.1851496810665506,-7.4812669047581695,0.4650966243521686,-0.11217652645487203,-0.07297315461167858,53.8,0.538,-0.3096611954402473,0.5497871198403024,risco alto
4208609,Jaborá,SC,Sul,40,0.7396663019493501,0.775,0.06936092868897156,0.0353336980506499,0.5094178915783171,0.2603336980506499,0.05230326180180411,-0.016969563751154215,74.82,0.7482,-0.8533697383077854,0.5489595981810256,risco alto
4213807,Praia Grande,SC,Sul,110,0.6742181978711901,0.7181818181818181,0.0446571236752827,0.04396362031062806,0.9844704874031445,0.3257818021288099,0.05230326180180411,-0.008339641491176053,67.96,0.6796,-0.5381802510279643,0.5479619509303583,risco alto
2106904,Monção,MA,Nordeste,245,0.5625712687492124,0.35918367346938773,0.031677252688422024,-0.20338759527982464,-6.420619782919572,0.43742873125078763,0.035901965390226165,-0.2392895606700508,56.61,0.5661,-0.3528732585931671,0.5443490011032556,risco alto
5218904,Rubiataba,GO,Centro-Oeste,206,0.7758921995442671,0.8786407766990292,0.029041576603094907,0.10274857715476204,3.5379820647826783,0.22410780045573286,0.10274857715476204,0.0,77.9,0.77900004,-0.31078443247514187,0.5426109138155806,risco alto
5218508,Quirinópolis,GO,Centro-Oeste,544,0.6890377925362351,0.8014705882352942,0.019843676969890978,0.11243279569905906,5.6659255172141,0.3109622074637649,0.10274857715476204,0.009684218544297019,69.08,0.6908,-0.17622186217544078,0.5353815758068684,risco alto
2514404,São José de Espinharas,PB,Nordeste,47,0.5982285330995463,0.44680851063829785,0.07142799317844506,-0.15142002246124842,-2.119897476091246,0.40177146690045373,-0.03568338079084338,-0.11573664167040504,60.23,0.6023,-0.40714551702596413,0.5227277345402858,risco alto
4120200,Porto Rico,PR,Sul,57,0.6331857912712845,0.7192982456140351,0.06380155324563247,0.08611245434275061,1.3496921307107117,0.3668142087287155,0.07813155795034676,0.007980896392403847,63.64,0.6364,-0.3214193088456718,0.5200894064630037,risco alto
3120151,Crisólita,MG,Sudeste,63,0.5717351793790731,0.49206349206349204,0.062321396651110215,-0.07967168731558111,-1.2784002220232946,0.42826482062092686,0.06756418903215056,-0.14723587634773166,57.46,0.5746,-0.28648019289102544,0.5183321989100522,risco alto
2204501,Guadalupe,PI,Nordeste,128,0.5388918648778184,0.6796875,0.04404772648136115,0.14079563512218163,3.196433649799371,0.46110813512218163,0.039222924566388706,0.10157271055579292,54.0,0.54,-0.11081565798537474,0.51003556635951,risco alto
1100601,Cacaulândia,RO,Norte,68,0.587379166093343,0.7941176470588235,0.059679618029934656,0.20673848096548053,3.464138809698526,0.41262083390665705,0.014894352318732818,0.1918441286467477,58.84,0.5884,-0.10208402009075357,0.5068237108740627,risco alto
2614501,Surubim,PE,Nordeste,286,0.5944631074255474,0.5944055944055944,0.029030632628846236,-5.751301995304825e-05,-0.001981114937739956,0.4055368925744526,0.056513547646742324,-0.05657106066669537,59.49,0.5949,-0.04369045907489655,0.5060037663150495,risco alto
5106299,Paranaíta,MT,Centro-Oeste,158,0.638349077100928,0.7974683544303798,0.0382022921005237,0.15911927732945175,4.1651761865689325,0.36165092289907197,0.0350807253016272,0.12403855202782454,63.88,0.6388,-0.045094788533905916,0.5047090891673128,risco alto
3168309,Taquaraçu de Minas,MG,Sudeste,53,0.6837631042283091,0.9433962264150944,0.06384360671007988,0.25963312218678525,4.066705118427987,0.3162368957716909,0.06756418903215056,0.1920689331546347,68.34,0.6834,0.03631289284738992,0.49773091294220045,atenção
5204656,Campinaçu,GO,Centro-Oeste,44,0.7201620055536568,0.8181818181818182,0.06766331826878962,0.0980198126281614,1.4486403436317137,0.27983799444634316,0.10274857715476204,-0.004728764526600648,71.97,0.71970004,0.04619671205818854,0.4972762674153344,atenção
2312502,São João do Jaguaribe,CE,Nordeste,55,0.7989248017124218,0.9636363636363636,0.05402079708798817,0.16471156192394187,3.0490398291543617,0.20107519828757825,0.15967059056633892,0.0050409713576029525,79.85,0.7985,0.042480028191027586,0.49686289252027166,atenção
2405009,Jaçanã,RN,Nordeste,79,0.5247166217553689,0.43037974683544306,0.05607399144531707,-0.09433687491992587,-1.6823641850415174,0.47528337824463107,-0.09364469258257188,-0.0006921823373539915,52.38,0.5238,0.09166063058450025,0.4934790316109442,atenção
3155306,Rio Manso,MG,Sudeste,49,0.7272894828751486,0.9795918367346939,0.06360423511387214,0.25230235385954525,3.9667539969287025,0.2727105171248514,0.06756418903215056,0.1847381648273947,72.62,0.72620004,0.10894387200277578,0.4931670915354976,atenção
2605509,Ferreiros,PE,Nordeste,82,0.6192274974033444,0.4146341463414634,0.053600927547189536,-0.20459335106188098,-3.8169740790727875,0.3807725025966556,0.056513547646742324,-0.2611068987086233,61.78,0.6178,0.14275000736324595,0.4893766237246847,atenção
2102903,Carutapera,MA,Nordeste,288,0.5972583237421465,0.6215277777777778,0.028897122774387544,0.0242694540356313,0.8398571105197401,0.4027416762578535,0.035901965390226165,-0.011632511354594866,59.63,0.5963,0.0958317829365729,0.48677226666176737,atenção
3201100,Bom Jesus do Norte,ES,Sudeste,108,0.6940099462076218,0.6666666666666666,0.044335522270776515,-0.027343279540955168,-0.6167352529188164,0.3059900537923782,0.07975548994201592,-0.10709876948297109,69.22,0.6922,0.18099411531479204,0.483718212795417,atenção
2106755,Miranda do Norte,MA,Nordeste,270,0.5941311276782199,0.5111111111111111,0.0298817278933744,-0.08302001656710878,-2.7782870141695053,0.40586887232178015,0.035901965390226165,-0.11892198195733494,59.27,0.5927,0.14311231005831315,0.480900792341441,atenção
2932002,Uauá,BA,Nordeste,216,0.5075860547990164,0.4027777777777778,0.033996724639348844,-0.10480827702123863,-3.08289337084933,0.4924139452009836,-0.11217652645487203,0.0073682494336334,50.59,0.5059,0.1686029431279601,0.48022301243879845,atenção
3162948,São José da Barra,MG,Sudeste,91,0.8023713739038937,0.7252747252747253,0.041689077758680824,-0.07709664862916843,-1.8493248777400637,0.19762862609610632,0.06756418903215056,-0.144660837661319,80.0,0.8,0.2371361982964726,0.47731955961031286,atenção
1720002,Santa Terezinha do Tocantins,TO,Norte,42,0.6051493988604475,0.5714285714285714,0.07530853306578005,-0.0337208274318761,-0.44776901181200585,0.3948506011395525,-0.06871734061086132,0.03499651317898522,60.03,0.6003,0.4849384841435045,0.4743284273005215,atenção
2804458,Nossa Senhora Aparecida,SE,Nordeste,46,0.4507583423672303,0.5869565217391305,0.07335146322454963,0.1361981793719002,1.856788854435786,0.5492416576327697,-0.06828671388153959,0.2044848932534398,44.57,0.4457,0.5058352571545466,0.4725105359942013,atenção
3148202,Patrocínio do Muriaé,MG,Sudeste,54,0.7421555301007069,0.8148148148148148,0.05949986443626521,0.07265928471410787,1.2211672312621604,0.2578444698992931,0.06756418903215056,0.005095095681957318,73.79,0.7379,0.42555114086902934,0.4714914113999693,atenção
4213203,Pomerode,SC,Sul,356,0.6613887736035583,0.702247191011236,0.0250397882761773,0.040858417407677705,1.6317397318630746,0.3386112263964417,0.05230326180180411,-0.011444844394126408,65.94,0.65940005,0.19887277318236807,0.4683482046254636,atenção
4203709,Canelinha,SC,Sul,79,0.6317167279484102,0.43037974683544306,0.054138064831153236,-0.2013369811129671,-3.7189541543625633,0.36828327205158984,0.05230326180180411,-0.2536402429147712,62.71,0.6271,0.4616737103683599,0.4660205488535543,atenção
2108454,Peritoró,MA,Nordeste,206,0.6137877788975002,0.6990291262135923,0.03391191792599286,0.08524134731609201,2.513610333161254,0.38621222110249975,0.035901965390226165,0.049339381925865844,61.07,0.6107,0.30877676441433133,0.463725405582914,atenção
2109106,Presidente Dutra,MA,Nordeste,429,0.5917649193879442,0.44988344988344986,0.023724802090685792,-0.14188146950449432,-5.980301498919398,0.4082350806120558,0.035901965390226165,-0.17778343489472048,58.95,0.5895,0.2264909374363855,0.46197239069761353,atenção
5103056,Cláudia,MT,Centro-Oeste,142,0.6238180947144777,0.6619718309859155,0.040644620568925954,0.03815373627143781,0.9387155234168307,0.3761819052855223,0.0350807253016272,0.003073010969810608,61.97,0.6197,0.4118080123260648,0.4596485407096818,atenção
2403301,Encanto,RN,Nordeste,63,0.5349591952342467,0.6666666666666666,0.06278620958250031,0.1317074714324199,2.0977133722232093,0.46504080476575327,-0.09364469258257188,0.22535216401499178,52.83,0.52830005,0.6659148313470364,0.4577671025151124,atenção
1100403,Alto Paraíso,RO,Norte,171,0.6496773516576351,0.6023391812865497,0.03645899125389082,-0.04733817037108534,-1.2983949567182147,0.35032264834236493,0.014894352318732818,-0.06223252268981816,64.58,0.6458,0.38773571889461067,0.4576529462000729,atenção
1505437,Ourilândia do Norte,PA,Norte,425,0.5407575557530473,0.5341176470588235,0.02416190250371354,-0.006639908694223817,-0.2748090177585686,0.4592424442469527,-0.03835117000600896,0.031711261311785144,53.81,0.5381,0.26575515568803,0.4562089170387552,atenção
4119251,Pinhal de São Bento,PR,Sul,34,0.8080224053978635,0.9705882352941176,0.06752414370579583,0.16256582989625412,2.4075215319213377,0.19197759460213648,0.07813155795034676,0.08443427194590736,80.0,0.8,0.8022393476934564,0.45271382317943365,atenção
5204953,Campos Verdes,GO,Centro-Oeste,47,0.6730167066617679,0.8297872340425532,0.06838908070510673,0.15677052738078523,2.292332719850099,0.32698329333823206,0.10274857715476204,0.054021950226023185,66.38,0.6638,0.9216705517358759,0.44639738836808895,atenção
4113403,Leópolis,PR,Sul,39,0.8084944370254021,0.8974358974358975,0.06298366759382792,0.08894146041049533,1.4121353012350004,0.19150556297459786,0.07813155795034676,0.010809902460148568,80.0,0.8,0.849442510447318,0.44635847292777653,atenção
5212055,Jesúpolis,GO,Centro-Oeste,34,0.8092518350567967,1.0,0.06737349653982393,0.19074816494320335,2.8312047724946807,0.19074816494320335,0.10274857715476204,0.0879995877884413,80.0,0.8,0.9251823135867698,0.4453883763853046,atenção
3112059,Cantagalo,MG,Sudeste,36,0.6457383743161471,0.6666666666666666,0.07969334261323197,0.020928292350519517,0.2626102967231377,0.3542616256838529,0.06756418903215056,-0.04663589668163104,63.46,0.6346,1.1138390623977923,0.4444225830711009,atenção
3140308,Marliéria,MG,Sudeste,31,0.6597160575714823,0.7096774193548387,0.08509153773521885,0.04996136178335642,0.5871484181990253,0.34028394242851767,0.06756418903215056,-0.01760282724879414,64.77,0.64769995,1.2016105445933012,0.44385049414462896,atenção
2202752,Colônia do Gurguéia,PI,Nordeste,64,0.5954400848168094,0.890625,0.06130670379071556,0.29518491518319057,4.814888045373826,0.40455991518319057,0.039222924566388706,0.25596199061680186,58.67,0.58669996,0.8740122200842637,0.44331730869253155,atenção
3127388,Goianá,MG,Sudeste,31,0.7690486113931247,0.8064516129032258,0.07567656146377565,0.03740300151010101,0.49424816332339344,0.23095138860687525,0.06756418903215056,-0.03016118752204955,75.76,0.7576,1.1448601951749016,0.43987611073624105,atenção
2803807,Malhada dos Bois,SE,Nordeste,67,0.4719959628838144,0.373134328358209,0.06096926415331013,-0.09886163452560542,-1.6214995522500175,0.5280040371161856,-0.06828671388153959,-0.030574920644065834,46.27,0.4627,0.9295953537806101,0.43940832026737087,atenção
3154903,Rio Casca,MG,Sudeste,116,0.6370513097864183,0.6293103448275862,0.04463852992736188,-0.007740964958832142,-0.1734144240732981,0.36294869021358167,0.06756418903215056,-0.0753051539909827,63.0,0.63,0.7051314554789911,0.4372422847199814,atenção
3101631,Alfredo Vasconcelos,MG,Sudeste,92,0.7399103379662652,0.782608695652174,0.045707440091521175,0.042698357685908794,0.9341664639370042,0.26008966203373485,0.06756418903215056,-0.024865831346241762,73.26,0.73260003,0.731030468303151,0.43646540404750755,atenção
2913200,Ibotirama,BA,Nordeste,289,0.48862175023716703,0.328719723183391,0.02938318113777617,-0.15990202705377604,-5.441957639099863,0.511378249762833,-0.11217652645487203,-0.047725500598904014,48.37,0.48369998,0.49217728392483284,0.43348711885359453,atenção
4107124,Diamante do Sul,PR,Sul,36,0.7235315836360329,0.8333333333333334,0.0745316002374741,0.1098017496973005,1.4732241002131705,0.27646841636396713,0.07813155795034676,0.031670191746953735,71.09,0.71089995,1.2631634562241367,0.4327094512337366,atenção
3166303,Sericita,MG,Sudeste,65,0.7134942073120918,0.8461538461538461,0.05601700404703617,0.13265963884175436,2.3682030322500496,0.2865057926879082,0.06756418903215056,0.0650954498096038,70.39,0.7039,0.9594227720722159,0.4320043626125081,atenção
2603108,Cachoeirinha,PE,Nordeste,179,0.6121008446585976,0.6368715083798883,0.03641141932550242,0.024770663721290664,0.6802993176358106,0.3878991553414024,0.056513547646742324,-0.03174288392545166,60.56,0.6056,0.6500845230802188,0.42914998975916935,atenção
2615201,Terra Nova,PE,Nordeste,115,0.6584413167748978,0.7130434782608696,0.04421566212979276,0.054602161485971745,1.2349054352208944,0.3415586832251022,0.056513547646742324,-0.0019113861607705784,64.99,0.64989996,0.8541357210688827,0.4234109879493809,atenção
2109007,Porto Franco,MA,Nordeste,278,0.6230469638451386,0.7410071942446043,0.029058091683306475,0.11796023039946568,4.059462392956535,0.3769530361548614,0.035901965390226165,0.08205826500923952,61.72,0.6172,0.5846946869735747,0.42026492273488447,atenção
2203701,Esperantina,PI,Nordeste,414,0.6131633205880328,0.7294685990338164,0.02393074834132706,0.11630527844578364,4.860076951498042,0.3868366794119672,0.039222924566388706,0.07708235387939494,60.81,0.6081,0.5063323544423182,0.41621644708341965,atenção
5107743,Santa Cruz do Xingu,MT,Centro-Oeste,42,0.5955020205108488,0.7380952380952381,0.07571511882680874,0.14259321758438936,1.8832859248435971,0.4044979794891512,0.0350807253016272,0.10751249228276216,57.91,0.5791,1.6402007731612933,0.414249167680976,atenção
2921906,Mucugê,BA,Nordeste,85,0.4894819203752129,0.38823529411764707,0.05420609856726216,-0.10124662625756581,-1.867808769375515,0.5105180796247871,-0.11217652645487203,0.01092990019730622,47.73,0.4773,1.2181932105406967,0.4110932589503698,atenção
2311231,Potiretama,CE,Nordeste,79,0.8101456716215287,0.9746835443037974,0.04409594462060666,0.16453787268226872,3.7313606522758973,0.18985432837847127,0.15967059056633892,0.004867282115929794,80.0,0.8,1.0145659700599774,0.40901423224836203,atenção
2106300,Magalhães de Almeida,MA,Nordeste,144,0.5723302362836722,0.8194444444444444,0.04122385077941746,0.24711420816077223,5.994447473697755,0.4276697637163278,0.035901965390226165,0.21121224277054607,56.28,0.5628,0.9530246106517648,0.40858638778722445,atenção
5204706,Campinorte,GO,Centro-Oeste,144,0.7559080480389384,0.8194444444444444,0.03578229719102017,0.06353639640550601,1.7756377145470397,0.2440919519610616,0.10274857715476204,-0.03921218074925603,74.74,0.7474,0.8508062248685722,0.40602860112609,atenção
3117009,Comercinho,MG,Sudeste,47,0.6362092480756326,0.6808510638297872,0.07016343132566884,0.0446418157541546,0.6362547399790962,0.3637907519243674,0.06756418903215056,-0.022922373277995955,61.87,0.61869997,1.750928021445708,0.4014677071995944,atenção
5206602,Cumari,GO,Centro-Oeste,33,0.7857620427645358,0.7272727272727273,0.07140313848529443,-0.05848931549180847,-0.8191420816026793,0.21423795723546424,0.10274857715476204,-0.1612378926465705,76.76,0.7676,1.8162042859903194,0.3996090466906528,atenção
3170529,Urucuia,MG,Sudeste,95,0.6203013552116404,0.6736842105263158,0.04974959872802012,0.05338285531467535,1.0730308721989528,0.3796986447883596,0.06756418903215056,-0.014181333717475209,60.76,0.6076,1.270138153305156,0.3992433017233981,atenção
3127370,Goiabeira,MG,Sudeste,35,0.7168673038915705,0.9142857142857143,0.07610247529094726,0.19741841039414376,2.5941128674119174,0.2831326961084295,0.06756418903215056,0.1298542213619932,69.73,0.6973,1.9567287011535095,0.3985439895302596,atenção
4202206,Benedito Novo,SC,Sul,121,0.6559324756529655,0.7024793388429752,0.04313774768614232,0.04654686319000967,1.079028592977804,0.34406752434703447,0.05230326180180411,-0.005756398611794444,64.47,0.6447,1.12324849036064,0.39728284764338867,atenção
3169109,Toledo,MG,Sudeste,109,0.6710865957852002,0.8899082568807339,0.04499449303809027,0.2188216610955337,4.863298735476124,0.32891340421479975,0.06756418903215056,0.15125747206338314,65.89,0.6589,1.218657327848638,0.39325478369232214,atenção
2209377,Santa Rosa do Piauí,PI,Nordeste,44,0.6611727546998504,0.5227272727272727,0.07120658885355882,-0.13844548197257767,-1.94427909272975,0.3388272453001496,0.039222924566388706,-0.17766840653896637,64.16,0.6416,1.9572741920614534,0.391707050108634,atenção
2904050,Bonito,BA,Nordeste,150,0.47555554069765144,0.34,0.0407697993230081,-0.1355555406976514,-3.3249008567268508,0.5244444593023485,-0.11217652645487203,-0.023379014242779383,46.43,0.4643,1.1255534069614936,0.391245120523136,atenção
2313955,Varjota,CE,Nordeste,205,0.8076603932590436,0.9804878048780488,0.02751903811088791,0.17282741161900517,6.280285340010703,0.1923396067409564,0.15967059056633892,0.013156821052666245,80.0,0.8,0.7660381338114641,0.3903654743087363,atenção
5219506,Santa Rosa de Goiás,GO,Centro-Oeste,37,0.8181041255901664,1.0,0.06332575593436694,0.18189587440983357,2.8723837832801697,0.18189587440983357,0.10274857715476204,0.07914729725507152,80.0,0.8,1.8104113669237476,0.3874817108366312,atenção
4103008,Boa Esperança,PR,Sul,54,0.8155920101168213,0.9259259259259259,0.05274513514298153,0.11033391580910468,2.0918311330516355,0.18440798988317875,0.07813155795034676,0.03220235785875791,80.0,0.8,1.5591998195892298,0.3837639042565181,atenção
2905404,Cairu,BA,Nordeste,286,0.4438868303058326,0.32867132867132864,0.029366601869616562,-0.11521550163450395,-3.923351504748285,0.5561131696941675,-0.11217652645487203,-0.0030389751796319198,43.5,0.435,0.88868279216468,0.3810909440909729,atenção
2110005,Santa Luzia,MA,Nordeste,694,0.5924344185030164,0.5951008645533141,0.018643322708750788,0.002666446050297755,0.1430241857609524,0.40756558149698363,0.035901965390226165,-0.03323551933992841,58.67,0.58669996,0.5734455887049572,0.37919805802410994,atenção
2925501,Prado,BA,Nordeste,391,0.42424859095162576,0.3273657289002558,0.024894427575749636,-0.09688286205136998,-3.891748936848273,0.5757514090483742,-0.11217652645487203,0.01529366440350205,41.65,0.4165,0.7748588805858547,0.37780226104348996,atenção
1721109,Tocantínia,TO,Norte,51,0.510799845261412,0.5098039215686274,0.06991345378581999,-0.0009959236927845616,-0.014245093595798827,0.489200154738588,-0.06871734061086132,0.06772141691807676,48.88,0.48880002,2.1999826235609365,0.3765052447926785,atenção
3204955,São Roque do Canaã,ES,Sudeste,103,0.7670754302961091,0.8932038834951457,0.04158705965973155,0.12612845319903654,3.032877395781982,0.23292456970389086,0.07975548994201592,0.046372963257020616,75.39,0.7539,1.3175438783810556,0.3756916763105898,atenção
3112109,Caparaó,MG,Sudeste,66,0.6530108508364838,0.6818181818181818,0.0585811649017577,0.028807330981697965,0.4917507364356562,0.3469891491635162,0.06756418903215056,-0.03875685805045259,63.44,0.6344,1.8610840727536049,0.37535881554800765,atenção
2304301,Farias Brito,CE,Nordeste,175,0.8096317684428327,0.96,0.029670088551622828,0.15036823155716728,5.068007508489313,0.1903682315571673,0.15967059056633892,-0.009302359009171646,80.0,0.8,0.9631756521903734,0.37273112499548794,atenção
2708956,Senador Rui Palmeira,AL,Nordeste,159,0.5782406945501875,0.5723270440251572,0.03914837171748584,-0.005913650525030234,-0.1510573815868022,0.42175930544981255,-0.0917585721464571,0.08584492162142687,56.54,0.5654,1.2840690163285595,0.3714555972305703,atenção
2608107,João Alfredo,PE,Nordeste,169,0.620407109310151,0.757396449704142,0.037321497223976235,0.13698934039399102,3.6705210289898482,0.379592890689849,0.056513547646742324,0.0804757927472487,60.81,0.6081,1.2307112266541353,0.3707909064414571,atenção
4321303,Taquari,RS,Sul,226,0.5569879327470713,0.26548672566371684,0.032944904434458536,-0.2915012070833544,-8.848142439243514,0.44301206725292874,-0.0742131756906475,-0.21728803139270692,54.6,0.546,1.0987928932373991,0.36936924344781563,atenção
1720101,São Bento do Tocantins,TO,Norte,76,0.5169138086273378,0.5263157894736842,0.05718667029691185,0.009401980846346358,0.164408607767011,0.4830861913726622,-0.06871734061086132,0.07811932145720768,49.76,0.4976,1.9313819451541314,0.3677822433368839,atenção
2904001,Boninal,BA,Nordeste,96,0.5241850601841608,0.4895833333333333,0.050936142473041374,-0.03460172685082746,-0.6793158093811459,0.4758149398158392,-0.11217652645487203,0.07757479960404456,50.69,0.5069,1.7285047691027233,0.36717401805488725,atenção
4201901,Aurora,SC,Sul,64,0.6747019263871042,0.765625,0.058509999395094506,0.09092307361289576,1.5539749539036702,0.32529807361289576,0.05230326180180411,0.03861981181109164,65.45,0.65449995,2.020197836235449,0.3649442159377907,atenção
2205565,Lagoa do Barro do Piauí,PI,Nordeste,81,0.6158812412209819,0.5925925925925926,0.054037458441809336,-0.023288648628389308,-0.43097231623999993,0.38411875877901813,0.039222924566388706,-0.06251157319477801,59.71,0.5971,1.8781221766025813,0.36408558459374063,atenção
2915205,Itagibá,BA,Nordeste,190,0.44792034518390983,0.4421052631578947,0.03606552637477177,-0.005815082026015106,-0.16123657715648423,0.5520796548160902,-0.11217652645487203,0.10636144442885692,43.51,0.4351,1.282035600811332,0.36111726934075494,atenção
3301108,Cantagalo,RJ,Sudeste,162,0.6113198136974558,0.5308641975308642,0.038291598154311636,-0.08045561616659158,-2.101129752860218,0.3886801863025442,-0.013487646671521136,-0.06696796949507045,59.77,0.5977,1.3619813888190668,0.3610375865424877,atenção
2807402,Tobias Barreto,SE,Nordeste,415,0.4883922215376614,0.4650602409638554,0.02452702590647902,-0.023331980573805977,-0.9512763864143282,0.5116077784623386,-0.06828671388153959,0.04495473330773361,47.95,0.4795,0.8892225829195799,0.3584712554220315,atenção
4204202,Chapecó,SC,Sul,2707,0.6051963286540463,0.592168452161064,0.00938703027077898,-0.013027876492982315,-1.3878592182169667,0.39480367134595373,0.05230326180180411,-0.06533113829478643,60.17,0.6017,0.3496320738549441,0.3547741060296381,atenção
2609501,Nazaré da Mata,PE,Nordeste,221,0.6021220792766561,0.5701357466063348,0.03291698999113884,-0.03198633267032125,-0.9717271439135802,0.39787792072334394,0.056513547646742324,-0.08849988031706357,58.93,0.5893,1.2822102450941952,0.3484426529919221,atenção
2305902,Ipueiras,CE,Nordeste,433,0.8074334796062809,0.9953810623556582,0.018936495004222894,0.18794758274937728,9.925151550351025,0.19256652039371913,0.15967059056633892,0.028276992183038363,80.0,0.8,0.7433467685351913,0.34732697967724335,atenção
2902500,Baianópolis,BA,Nordeste,142,0.47853922283180234,0.3591549295774648,0.0418876661329706,-0.11938429325433753,-2.8501061117933193,0.5214607771681976,-0.11217652645487203,-0.007207766799465498,46.14,0.4614,1.7139220590667692,0.3412070668189514,atenção
2204105,Francisco Ayres,PI,Nordeste,62,0.552960001541907,0.3225806451612903,0.06313252343153622,-0.23037935638061674,-3.6491390468567375,0.44703999845809295,0.039222924566388706,-0.26960228094700545,52.61,0.5261,2.686002166443513,0.33525266022140443,atenção
2402808,Coronel Ezequiel,RN,Nordeste,40,0.5027871473851103,0.325,0.07903773614341005,-0.1777871473851103,-2.2493957451226128,0.4972128526148897,-0.09364469258257188,-0.08414245480253843,46.85,0.4685,3.42871590676207,0.3322141342216005,atenção
2513984,São Francisco,PB,Nordeste,39,0.6387825078747159,0.9743589743589743,0.07671665323015982,0.33557646648425843,4.3742323518400354,0.3612174921252841,-0.03568338079084338,0.3712598472751018,60.48,0.6048,3.3982521989095793,0.3288967996995531,atenção
1706001,Couto Magalhães,TO,Norte,74,0.5597814470280367,0.4864864864864865,0.05768314306629661,-0.07329496054155016,-1.2706478295974704,0.44021855297196333,-0.06871734061086132,-0.0045776199306888365,53.39,0.5339,2.5881424521322804,0.326830307212529,atenção
3164472,São Sebastião do Anta,MG,Sudeste,73,0.6437128611155893,0.821917808219178,0.05603025291069426,0.1782049471035887,3.1805129880035836,0.35628713888441066,0.06756418903215056,0.11064075807143814,61.81,0.6181,2.5612873608722886,0.323790317210777,atenção
2204709,Inhuma,PI,Nordeste,122,0.6148911403240707,0.6721311475409836,0.04402907690460514,0.057240007216912914,1.300050131437709,0.38510885967592934,0.039222924566388706,0.018017082650524208,59.47,0.59470004,2.019110189099571,0.323265879553262,atenção
5104526,Ipiranga do Norte,MT,Centro-Oeste,149,0.6662736567696799,0.5973154362416108,0.03858885840880103,-0.0689582205280691,-1.7869982002976712,0.33372634323032013,0.0350807253016272,-0.1040389458296963,64.83,0.6483,1.7973664685176693,0.3206888451257635,atenção
5106455,Planalto da Serra,MT,Centro-Oeste,61,0.6504008874635901,0.9016393442622951,0.06099249218428836,0.25123845679870493,4.119170209336418,0.34959911253640985,0.0350807253016272,0.21615773149707773,62.17,0.6217,2.870089862157965,0.31897589921767666,atenção
3301306,Casimiro de Abreu,RJ,Sudeste,500,0.6017697760266134,0.588,0.021891425842599396,-0.013769776026613445,-0.6290031597584791,0.3982302239733866,-0.013487646671521136,-0.00028212935509230874,59.09,0.5909,1.0869772116548715,0.3097599018048547,atenção
3124401,Espírito Santo do Dourado,MG,Sudeste,96,0.7101056110092151,0.6666666666666666,0.04627443655167187,-0.04343894434254847,-0.9387244357701217,0.2898943889907849,0.06756418903215056,-0.11100313337469903,68.68,0.6868,2.3305607957457286,0.30725756338930343,atenção
1508407,Xinguara,PA,Norte,599,0.558497471781596,0.49248747913188645,0.020280564684726717,-0.06600999264970958,-3.2548399749155736,0.44150252821840397,-0.03835117000600896,-0.02765882264370062,54.82,0.5482,1.02974605282391,0.30581427346132983,atenção
3302700,Maricá,RJ,Sudeste,1946,0.6108416940892962,0.5976361767728674,0.011051073515812764,-0.013205517316428828,-1.1949533497839202,0.3891583059107038,-0.013487646671521136,0.00028212935509230874,60.52,0.6052,0.5641701432588464,0.30484653829283215,atenção
3169901,Ubá,MG,Sudeste,809,0.678983731382836,0.7861557478368356,0.016388519462972723,0.10717201645399965,6.539456886031586,0.32101626861716404,0.06756418903215056,0.039607827421849096,67.05,0.67050004,0.8483691328514675,0.30234753540490933,atenção
2205409,Joaquim Pires,PI,Nordeste,187,0.6145526237843085,0.8128342245989305,0.03558438095828917,0.19828160081462198,5.572152598271727,0.3854473762156915,0.039222924566388706,0.15905867624823328,59.6,0.59599996,1.8552667653327082,0.3010541417639684,atenção
1716208,Paranã,TO,Norte,120,0.5066452656498657,0.6833333333333333,0.04561617574232101,0.17668806768346768,3.8733643232513018,0.4933547343501343,-0.06871734061086132,0.245405408294329,48.28,0.48279998,2.384528858573298,0.3005784469041485,atenção
1503002,Faro,PA,Norte,148,0.5794311285761371,0.5337837837837838,0.04055892469494721,-0.04564734479235333,-1.1254574704748035,0.4205688714238629,-0.03835117000600896,-0.007296174786344367,55.82,0.5582,2.123112685952333,0.300325785073324,atenção
3158805,Santana do Jacaré,MG,Sudeste,45,0.8002898679722606,0.8666666666666667,0.059533845111845986,0.06637679869440605,1.114942241168939,0.19971013202773935,0.06756418903215056,-0.0011873903377445094,76.82,0.7682,3.2089887713319,0.29493679078425483,atenção
2803302,Japaratuba,SE,Nordeste,167,0.502553397382402,0.5808383233532934,0.038681038842424305,0.07828492597089143,2.0238578981759576,0.497446602617598,-0.06828671388153959,0.14657163985243102,48.16,0.4816,2.0953410829209873,0.29401355595887146,atenção
3145877,Orizânia,MG,Sudeste,122,0.6803142103530793,0.7540983606557377,0.04220624972222915,0.07378415030265839,1.7481806791234005,0.31968578964692074,0.06756418903215056,0.006219961270507834,65.59,0.65589994,2.441426843184513,0.28147966660491613,atenção
4100103,Abatiá,PR,Sul,76,0.63300909858768,0.6052631578947368,0.05525293548384946,-0.027745940692943116,-0.5021622914687186,0.36699090141232005,0.07813155795034676,-0.10587749864328988,60.05,0.6005,3.2509110985446066,0.27814234110300934,atenção
3131802,Itabirinha,MG,Sudeste,102,0.6995200685120911,0.8333333333333334,0.04538107274629688,0.13381326482124223,2.9486580356820995,0.30047993148790886,0.06756418903215056,0.06624907578909167,67.27,0.6727,2.682008062375496,0.2772611950473049,atenção
3135407,Jeceaba,MG,Sudeste,70,0.7277558146767128,0.8857142857142857,0.05318805232932763,0.15795847103757288,2.969811153443484,0.2722441853232872,0.06756418903215056,0.09039428200542232,69.58,0.6958,3.195580828709488,0.27398393164837254,atenção
2909208,Coronel João Sá,BA,Nordeste,111,0.38649822717391724,0.36036036036036034,0.04619687067231419,-0.026137866813556898,-0.5657930165651098,0.6135017728260828,-0.11217652645487203,0.08603865964131513,35.85,0.35849997,2.7998253161542364,0.27223617844348236,atenção
2929008,São Félix,BA,Nordeste,83,0.42443587042748304,0.3132530120481928,0.054229977321585666,-0.11118285837929026,-2.050210305639112,0.5755641295725169,-0.11217652645487203,0.0009936680755817662,39.05,0.39049998,3.3935891169899426,0.26573049709350494,atenção
1708304,Goianorte,TO,Norte,41,0.6265803741806474,0.3902439024390244,0.07536427124659692,-0.23633647174162298,-3.135921940627732,0.3734196258193526,-0.06871734061086132,-0.16761913113076166,57.94,0.5794,4.7180371224257005,0.26564729920994157,atenção
2603504,Camocim de São Félix,PE,Nordeste,169,0.6207608772380182,0.6863905325443787,0.03731050539559158,0.06562965530636045,1.75901276625738,0.3792391227619818,0.056513547646742324,0.009116107659618122,59.74,0.5974,2.336086760590761,0.265617994685011,atenção
2924801,Piritiba,BA,Nordeste,138,0.5164644920720727,0.4057971014492754,0.042498904074607886,-0.11066739062279729,-2.6040057510310834,0.4835355079279273,-0.11217652645487203,0.0015091358320747372,48.97,0.48970002,2.6764472712484055,0.26442301628265286,atenção
2910008,Dário Meira,BA,Nordeste,112,0.47307121621241904,0.4107142857142857,0.047152728038869066,-0.062356930498133345,-1.3224458709309694,0.5269287837875809,-0.11217652645487203,0.04981959595673868,44.31,0.4431,2.997121082415916,0.26251210794043334,atenção
1101807,Vale do Paraíso,RO,Norte,78,0.631975616442033,0.4358974358974359,0.05457902563875668,-0.19607818054459714,-3.5925555330061005,0.36802438355796696,0.014894352318732818,-0.21097253286332995,59.72,0.59720004,3.477558039314388,0.2620102645498618,atenção
3200508,Apiacá,ES,Sudeste,70,0.6562377632100893,0.6285714285714286,0.0567470158374913,-0.02766633463866075,-0.4875381415278283,0.3437622367899107,0.07975548994201592,-0.10742182458067667,61.98,0.6198,3.6437791629583938,0.26040108028134823,atenção
5207600,Fazenda Nova,GO,Centro-Oeste,39,0.838163556898044,1.0,0.05891083176944383,0.161836443101956,2.7471423886073554,0.161836443101956,0.10274857715476204,0.05908786594719395,80.0,0.8,3.816354497711505,0.25855107370695835,atenção
2312809,Senador Sá,CE,Nordeste,113,0.8234276108273739,0.9911504424778761,0.03586217416489918,0.16772283165050217,4.676872932446584,0.17657238917262608,0.15967059056633892,0.008052241084163247,80.0,0.8,2.342759890644497,0.25679186605146054,atenção
2403251,Parnamirim,RN,Nordeste,1330,0.5095120499750427,0.36390977443609024,0.013702156842181349,-0.1456022755389525,-10.626230396861592,0.49048795002495726,-0.09364469258257188,-0.051957582956380616,50.04,0.5004,0.9112043203955089,0.2530227047719494,atenção
5221007,Taquaral de Goiás,GO,Centro-Oeste,44,0.7557420806443399,0.75,0.06475506917755652,-0.0057420806443398975,-0.08867384001390345,0.2442579193556601,0.10274857715476204,-0.10849065779910194,71.25,0.7125,4.32421044861978,0.252137192997255,atenção
3152006,Pompéu,MG,Sudeste,292,0.6942366409845289,0.6643835616438356,0.026743442926649555,-0.029853079340693256,-1.1162765924556775,0.30576335901547114,0.06756418903215056,-0.09741726837284381,67.62,0.67620003,1.8036608750336969,0.25001864848946165,atenção
3123700,Engenheiro Caldas,MG,Sudeste,85,0.6532434321926843,0.6352941176470588,0.051615974823246945,-0.01794931454562554,-0.34774727411602574,0.3467565678073157,0.06756418903215056,-0.0855135035777761,61.83,0.6183,3.494341149795166,0.2492066861196064,atenção
5002308,Brasilândia,MS,Centro-Oeste,181,0.58869304482673,0.6132596685082873,0.036564426449770746,0.024566623681557265,0.6718722558195985,0.41130695517327,-0.04453267849467879,0.06909930217623605,56.39,0.5639,2.479305093024564,0.2488653002975772,atenção
3149606,Pequi,MG,Sudeste,57,0.7085308659833196,0.8070175438596491,0.060144564928226146,0.09848667787632948,1.6374992153299155,0.2914691340166804,0.06756418903215056,0.03092248884417892,66.77,0.6677,4.083087332661184,0.24860731251499318,atenção
2702355,Craíbas,AL,Nordeste,206,0.5362642309981963,0.6796116504854369,0.03469695140249007,0.1433474194872406,4.131412521647452,0.4637357690018037,-0.0917585721464571,0.23510599163369772,51.26,0.5126,2.366422632519216,0.2476112247855372,atenção
5206404,Crixás,GO,Centro-Oeste,119,0.7173609748319352,0.7899159663865546,0.04123485845030396,0.07255499155461942,1.759554762193796,0.28263902516806483,0.10274857715476204,-0.030193585600142625,68.88,0.6888,2.8560997529383902,0.24426710237118404,atenção
2413904,Taipu,RN,Nordeste,93,0.46796566517414123,0.34408602150537637,0.05170087787169298,-0.12387964366876486,-2.3960839499901576,0.5320343348258587,-0.09364469258257188,-0.03023495108619298,43.17,0.4317,3.6265673947944945,0.2415105517713797,atenção
3114402,Carmo do Rio Claro,MG,Sudeste,163,0.6857864183065606,0.6871165644171779,0.03635271808753591,0.0013301461106173251,0.036590004285632395,0.3142135816934394,0.06756418903215056,-0.06623404292153323,65.96,0.6596,2.6186398851604564,0.23565714772982382,atenção
4118857,Perobal,PR,Sul,90,0.6499102725055702,0.7,0.05026652530700414,0.05008972749442975,0.9964827922460406,0.3500897274944298,0.07813155795034676,-0.028041830455917016,61.32,0.6132,3.6710263636399065,0.23259964403116973,atenção
2507705,Juazeirinho,PB,Nordeste,150,0.5867869524255382,0.46,0.0401886227549789,-0.12678695242553822,-3.1547971474048784,0.41321304757446176,-0.03568338079084338,-0.09110357163469485,55.74,0.5574,2.9386964251099768,0.23232057305858927,atenção
2207959,Nova Santa Rita,PI,Nordeste,63,0.5781641838964632,0.49206349206349204,0.06220449868406871,-0.08610069183297114,-1.384155385131695,0.4218358161035368,0.039222924566388706,-0.12532361639935985,53.26,0.5326,4.556419829694535,0.23193464918018425,atenção
2915502,Itajuípe,BA,Nordeste,88,0.4509910346725265,0.3409090909090909,0.052968428291898344,-0.11008194376343561,-2.07825580847512,0.5490089653274735,-0.11217652645487203,0.0020945826914364196,41.18,0.4118,3.919103758123316,0.22968207005673374,atenção
5002209,Bonito,MS,Centro-Oeste,398,0.5961657393488603,0.5904522613065326,0.024592677434367105,-0.005713478042327691,-0.23232435986589142,0.4038342606511397,-0.04453267849467879,0.0388192004523511,57.78,0.5778,1.8365763476820507,0.22759273735802993,atenção
3111507,Campos Altos,MG,Sudeste,155,0.6474434707704886,0.6709677419354839,0.038369443144887945,0.023524271164995336,0.6130991027460229,0.3525565292295114,0.06756418903215056,-0.04403991786715522,61.87,0.61869997,2.8743502909313046,0.22689098266122876,atenção
4206207,Gravatal,SC,Sul,114,0.6056279241928203,0.6578947368421053,0.04540516298535353,0.05226681264928501,1.1511204720517105,0.3943720758071797,0.05230326180180411,-3.644915251910241e-05,57.16,0.5716,3.4027904261027087,0.22679961488271333,atenção
5108055,Terra Nova do Norte,MT,Centro-Oeste,165,0.6506548578425011,0.6181818181818182,0.03710681063374571,-0.032473039660682934,-0.8751234370746828,0.3493451421574989,0.0350807253016272,-0.06755376496231014,62.25,0.6225,2.815485545831531,0.22400055333870927,atenção
2205508,José de Freitas,PI,Nordeste,451,0.5655725698047823,0.43015521064301554,0.023324891680621677,-0.13541735916176678,-5.805701523333184,0.4344274301952177,0.039222924566388706,-0.1746402837281555,54.78,0.5478,1.7772565322513034,0.22304282361084615,atenção
4202438,Bocaina do Sul,SC,Sul,47,0.5112774061148613,0.2765957446808511,0.07285384340882725,-0.2346816614340102,-3.221266723253962,0.4887225938851387,0.05230326180180411,-0.2869849232358143,45.49,0.45490003,5.637737979345014,0.21951205142174618,atenção
3200359,Alto Rio Novo,ES,Sudeste,92,0.7082620924445355,0.8369565217391305,0.04737654962495634,0.12869442929459496,2.7164162505157012,0.29173790755546447,0.07975548994201592,0.048938939352579036,67.16,0.67160004,3.6662048670884406,0.21951158693730582,atenção
3131158,Ipaba,MG,Sudeste,190,0.6837708994555795,0.7947368421052632,0.033726622729030695,0.11096594264968374,3.290158743174962,0.31622910054442055,0.06756418903215056,0.04340175361753318,65.76,0.65760005,2.6170854251416853,0.21888329007345037,atenção
2209708,São Francisco do Piauí,PI,Nordeste,65,0.6630517471689839,0.6461538461538462,0.05856768116328478,-0.016897901015137662,-0.28851920853801377,0.33694825283101615,0.039222924566388706,-0.05612082558152637,61.76,0.61759996,4.545178302713815,0.21885804827244837,atenção
3140100,Marilac,MG,Sudeste,53,0.708517929846902,0.5471698113207547,0.06236720591171768,-0.16134811852614728,-2.5870666509341387,0.291482070153098,0.06756418903215056,-0.22891230755829783,65.87,0.65870005,4.981788092340955,0.21220804536575583,atenção
2925709,Presidente Jânio Quadros,BA,Nordeste,107,0.4143138393254725,0.3177570093457944,0.047598473700050034,-0.09655682997967813,-2.0285698778525463,0.5856861606745275,-0.11217652645487203,0.0156196964751939,37.48,0.3748,3.9513842711016323,0.20322716982008693,atenção
2504157,Casserengue,PB,Nordeste,87,0.5761966908668498,0.5862068965517241,0.05297541371521631,0.010010205684874318,0.18895946218913723,0.42380330913315023,-0.03568338079084338,0.045693586475717696,53.21,0.53209996,4.40967286323527,0.20259163161775162,atenção
3134004,Itinga,MG,Sudeste,108,0.6077396934644418,0.5833333333333334,0.04694183447112014,-0.024406360131108418,-0.519927702146448,0.3922603065355582,0.06756418903215056,-0.09197054916325897,56.85,0.5685,3.923971110741664,0.20159939875758304,atenção
5101902,Brasnorte,MT,Centro-Oeste,217,0.5937308748092226,0.6912442396313364,0.03332972884077255,0.09751336482211381,2.9257173164524777,0.4062691251907774,0.0350807253016272,0.06243263952048661,56.56,0.56560004,2.813083723445453,0.1993301249688355,provável cumprimento
2509396,Maturéia,PB,Nordeste,84,0.6001247346504628,0.6071428571428571,0.05340897134061025,0.0070181224923943075,0.13140343871513552,0.3998752653495372,-0.03568338079084338,0.042701503283237685,55.48,0.5548,4.532476068577163,0.1980420130521845,provável cumprimento
2203354,Dirceu Arcoverde,PI,Nordeste,44,0.46532535309306167,0.11363636363636363,0.07511597000813273,-0.351688989456698,-4.681946987020483,0.5346746469069383,0.039222924566388706,-0.3909119140230867,40.14,0.4014,6.392535323611281,0.19737852823803215,provável cumprimento
2608404,Jurema,PE,Nordeste,155,0.6126203712388903,0.6064516129032258,0.039119423501324906,-0.006168758335664548,-0.1576904203472125,0.38737962876110965,0.056513547646742324,-0.06268230598240687,57.86,0.5786,3.402038182467526,0.19224462825600863,provável cumprimento
5006200,Nova Andradina,MS,Centro-Oeste,654,0.6366349909169161,0.6972477064220184,0.018804003867403163,0.06061271550510228,3.2233941203434195,0.3633650090830839,-0.04453267849467879,0.10514539399978107,61.97,0.6197,1.693497632569907,0.18389923819258802,provável cumprimento
2916906,Itiruçu,BA,Nordeste,60,0.45639704144839116,0.3,0.06424038877732403,-0.15639704144839117,-2.434559385848505,0.5436029585516089,-0.11217652645487203,-0.044220514993519144,39.79,0.39790002,5.849702633265324,0.18125419985330726,provável cumprimento
3146552,Pai Pedro,MG,Sudeste,56,0.7095538866526365,0.7678571428571429,0.060609411843994765,0.05830325620450638,0.9619505359097643,0.2904461133473635,0.06756418903215056,-0.009260932827644175,65.4,0.65400004,5.555384278361797,0.179679360096913,provável cumprimento
5208905,Goiás,GO,Centro-Oeste,152,0.7282364554678619,0.875,0.03607958454466205,0.14676354453213813,4.067772575109979,0.27176354453213813,0.10274857715476204,0.04401496737737609,69.49,0.6949,3.3336479214352344,0.1777507838715432,provável cumprimento
5106273,Novo Horizonte do Norte,MT,Centro-Oeste,49,0.717289804557187,0.6938775510204082,0.06431742090588687,-0.023412253536778893,-0.36401107518034836,0.28271019544281295,0.0350807253016272,-0.058492978838406096,65.77,0.65769994,5.95898619683809,0.17709402127506335,provável cumprimento
2610707,Paulista,PE,Nordeste,2040,0.5699710052554058,0.5495098039215687,0.010959050267185442,-0.02046120133383711,-1.8670597209599311,0.4300289947445942,0.056513547646742324,-0.07697474898057943,55.98,0.55979997,1.0171036059086203,0.17667923403222008,provável cumprimento
2102200,Buriti,MA,Nordeste,251,0.5358295710427896,0.2908366533864542,0.03145068665205945,-0.2449929176563354,-7.789747815896822,0.4641704289572104,0.035901965390226165,-0.28089488304656157,50.62,0.5062,2.9629555497898252,0.1730718323387167,provável cumprimento
2300507,Alcântaras,CE,Nordeste,105,0.8346966176383656,0.9904761904761905,0.03622945242476084,0.15577957283782495,4.299804783451769,0.16530338236163444,0.15967059056633892,-0.003891017728513968,80.0,0.8,3.46966057174366,0.16910940125419016,provável cumprimento
2614006,Serrita,PE,Nordeste,201,0.6142352702497996,0.6019900497512438,0.03431383124287894,-0.012245220498555809,-0.35685961185395254,0.3857647297502004,0.056513547646742324,-0.06875876814529813,58.07,0.5807,3.3535289990857975,0.16420756650449325,provável cumprimento
3105202,Bandeira,MG,Sudeste,40,0.7249191636476641,0.775,0.07058486520870931,0.050080836352335956,0.7095123891538804,0.27508083635233593,0.06756418903215056,-0.0174833526798146,65.57,0.65569997,6.921919530965138,0.1633821697294504,provável cumprimento
2513307,Santa Helena,PB,Nordeste,57,0.6360549408989263,0.9649122807017544,0.06370411668253724,0.32885733980282805,5.162261984443705,0.36394505910107366,-0.03568338079084338,0.36454072059367143,57.33,0.5733,6.275493689349421,0.16228743216748648,provável cumprimento
5205901,Corumbaíba,GO,Centro-Oeste,101,0.7695362053573919,0.8217821782178217,0.04189002628309136,0.05224597286042987,1.2472174762401287,0.23046379464260813,0.10274857715476204,-0.050502604294332176,72.79,0.7279,4.163617712863211,0.16012601391499637,provável cumprimento
3170503,Urucânia,MG,Sudeste,96,0.644787284053785,0.8125,0.04877498222931261,0.16771271594621495,3.438498760649954,0.35521271594621495,0.06756418903215056,0.1001485269140644,59.62,0.5962,4.858729473493739,0.15958815550442024,provável cumprimento
2701902,Chã Preta,AL,Nordeste,56,0.5639770920920087,0.5178571428571429,0.06621418628267692,-0.04611994923486584,-0.6965267086115627,0.43602290790799125,-0.0917585721464571,0.045638622911591264,49.65,0.49650002,6.747707683321968,0.15408420087287933,provável cumprimento
2110401,São Benedito do Rio Preto,MA,Nordeste,183,0.5595839801196628,0.3825136612021858,0.03666698811882314,-0.17707031891747704,-4.829148179383114,0.4404160198803372,0.035901965390226165,-0.2129722843077032,52.21,0.5221,3.748400834842258,0.15332368372681776,provável cumprimento
3151008,Piranguinho,MG,Sudeste,101,0.7549871048411405,0.8514851485148515,0.04277944523991096,0.09649804367371095,2.2557104967710844,0.2450128951588595,0.06756418903215056,0.028933854641560397,71.05,0.7105,4.448710293379188,0.1491890657571186,provável cumprimento
1301001,Carauari,AM,Norte,340,0.5549040783105604,0.5941176470588235,0.02675634380074359,0.039213568748263095,1.465580239224363,0.44509592168943957,-0.068715107700409,0.1079286764486721,52.7,0.527,2.790406829698011,0.14849836647588788,provável cumprimento
5219209,Santa Cruz de Goiás,GO,Centro-Oeste,42,0.8017155421835594,0.8571428571428571,0.0615062906505224,0.05542731495929765,0.901164976347454,0.19828445781644055,0.10274857715476204,-0.0473212621954644,73.75,0.7375,6.42155302626305,0.14823155164502955,provável cumprimento
1504059,Mãe do Rio,PA,Norte,367,0.5380037939761405,0.4713896457765668,0.026022045419519534,-0.06661414819957373,-2.5599120716930823,0.4619962060238595,-0.03835117000600896,-0.02826297819356477,51.07,0.5107,2.7303806564641486,0.14702998507628234,provável cumprimento
3170651,Vargem Grande do Rio Pardo,MG,Sudeste,49,0.7147524315528011,0.8979591836734694,0.06449402942369811,0.18320675212066828,2.8406777147862554,0.2852475684471989,0.06756418903215056,0.11564256308851772,64.67,0.64669997,6.805246655264852,0.14567272209223486,provável cumprimento
2923100,Olindina,BA,Nordeste,202,0.45029102067831883,0.21287128712871287,0.034997981139204014,-0.23741973354960597,-6.783812260635037,0.5497089793216812,-0.11217652645487203,-0.12524320709473394,41.3,0.413,3.7291033076084945,0.14332044197507388,provável cumprimento
5100250,Alta Floresta,MT,Centro-Oeste,657,0.5994750359804609,0.7168949771689498,0.01911470331861452,0.11741994118848886,6.142912041650236,0.4005249640195391,0.0350807253016272,0.08233921588686166,57.91,0.5791,2.0375023201225084,0.14322660854391261,provável cumprimento
2511806,Pirpirituba,PB,Nordeste,59,0.4843048218246239,0.423728813559322,0.065047934960036,-0.060576008265301906,-0.9312518268645801,0.515695178175376,-0.03568338079084338,-0.02489262747445853,41.41,0.4141,7.02048305030602,0.14023182173612092,provável cumprimento
2210508,São Pedro do Piauí,PI,Nordeste,192,0.5827580755345141,0.671875,0.03557203733159229,0.08911692446548591,2.5052521910612993,0.4172419244654859,0.039222924566388706,0.04989399989909721,54.3,0.543,3.975809270065178,0.13185221603405,provável cumprimento
3121258,Delta,MG,Sudeste,110,0.6096806453279618,0.4727272727272727,0.04649682907849107,-0.13695337260068913,-2.945434674039789,0.39031935467203815,0.06756418903215056,-0.20451756163283968,55.77,0.5577,5.198066697636882,0.13179630128651942,provável cumprimento
3110509,Camanducaia,MG,Sudeste,289,0.6214702155834911,0.5951557093425606,0.028528590269364842,-0.02631450624093057,-0.9223906962268708,0.37852978441650886,0.06756418903215056,-0.09387869527308113,58.85,0.58849996,3.297025229995232,0.12390366144182485,provável cumprimento
2932309,Ubatã,BA,Nordeste,105,0.4405385608437752,0.41904761904761906,0.04843400545330243,-0.021490941796156127,-0.44371597176443694,0.5594614391562248,-0.11217652645487203,0.0906855846587159,38.45,0.3845,5.603856394321671,0.12363441029352634,provável cumprimento
3170479,Uruana de Minas,MG,Sudeste,35,0.6771959025093871,0.8,0.07899969556491977,0.12280409749061294,1.5544882371058748,0.3228040974906129,0.06756418903215056,0.05523990845846238,58.52,0.5852,9.1995890779193,0.12210881118356248,provável cumprimento
3142601,Monsenhor Paulo,MG,Sudeste,89,0.7121861010329932,0.7865168539325843,0.04797774320226988,0.07433075289959112,1.5492757253341265,0.2878138989670068,0.06756418903215056,0.006766563867440567,65.54,0.65540004,5.6786063267490245,0.11828734466388352,provável cumprimento
2919801,Macaúbas,BA,Nordeste,273,0.5293684328411858,0.315018315018315,0.030201646696119223,-0.21435011782287083,-7.0972990307317865,0.47063156715881416,-0.11217652645487203,-0.1021735913679988,49.35,0.4935,3.586843856323174,0.11748923529547606,provável cumprimento
2604700,Correntes,PE,Nordeste,130,0.6154862677603012,0.7230769230769231,0.042656145372496075,0.10759065531662182,2.522277959648796,0.38451373223969876,0.056513547646742324,0.051077107669879496,56.47,0.5647,5.078626032164157,0.11690599962323373,provável cumprimento
2513208,Santa Cruz,PB,Nordeste,60,0.6465119941097691,0.8666666666666667,0.0616642555750644,0.22015467255689758,3.570215362267716,0.3534880058902309,-0.03568338079084338,0.25583805334774096,57.29,0.5729,7.361199687542463,0.11628696200906957,provável cumprimento
3146503,Pains,MG,Sudeste,70,0.7579885528867661,0.8714285714285714,0.05118131884910126,0.1134400185418053,2.2164340640822955,0.24201144711323386,0.06756418903215056,0.04587582950965474,69.54,0.6954,6.258855326823587,0.11068772556034878,provável cumprimento
2909307,Correntina,BA,Nordeste,214,0.47497315811043744,0.26635514018691586,0.03410990224589685,-0.20861801792352158,-6.116054406125326,0.5250268418895625,-0.11217652645487203,-0.09644149146864955,43.32,0.4332,4.177315639382368,0.11035099312779123,provável cumprimento
2604601,Condado,PE,Nordeste,203,0.554134304505614,0.43349753694581283,0.034859366118336906,-0.12063676755980113,-3.4606701438653857,0.44586569549438604,0.056513547646742324,-0.17715031520654345,51.14,0.5114,4.273432014587275,0.11011694940128236,provável cumprimento
2929206,São Francisco do Conde,BA,Nordeste,342,0.40375926498257353,0.2573099415204678,0.02650912686984199,-0.1464493234621057,-5.524486875073703,0.5962407350174265,-0.11217652645487203,-0.03427279700723368,37.11,0.3711,3.2659256494872113,0.10897445616466278,provável cumprimento
3138401,Leopoldina,MG,Sudeste,400,0.6516983410570718,0.6575,0.02381648749195085,0.005801658942928167,0.24359842923474453,0.3483016589429282,0.06756418903215056,-0.06176253008922239,62.21,0.6221,2.959834544397366,0.10697684747213282,provável cumprimento
2612307,Saloá,PE,Nordeste,164,0.6636203305786975,0.7865853658536586,0.03689006709110772,0.12296503527496105,3.333283048015967,0.3363796694213025,0.056513547646742324,0.06645148762821873,61.72,0.6172,4.642031360329469,0.10413408424437515,provável cumprimento
2704807,Maribondo,AL,Nordeste,94,0.5842935027612733,0.4148936170212766,0.05081431802018388,-0.16939988573999676,-3.3337038130219456,0.41570649723872666,-0.0917585721464571,-0.07764131359353965,52.02,0.5202,6.4093488646893455,0.10359546719496177,provável cumprimento
2505709,Dona Inês,PB,Nordeste,79,0.6095362494977358,0.9620253164556962,0.05487642447187982,0.35248906695796045,6.423324229853669,0.39046375050226423,-0.03568338079084338,0.38817244774880383,53.98,0.5398,6.973626122792986,0.10190217069521862,provável cumprimento
2603702,Canhotinho,PE,Nordeste,226,0.5768942479196512,0.6548672566371682,0.03285417953438695,0.077973008717517,2.373305613549298,0.42310575208034884,0.056513547646742324,0.021459461070774677,53.45,0.5345,4.2394245058628215,0.09846006891439207,provável cumprimento
2607802,Itaquitinga,PE,Nordeste,78,0.6061971804778117,0.5769230769230769,0.05524593128348269,-0.02927410355473481,-0.5298870500439391,0.3938028195221883,0.056513547646742324,-0.08578765120147713,53.48,0.5348,7.139718743963419,0.09811764309173188,provável cumprimento
1721000,Palmas,TO,Norte,2964,0.6336609876982626,0.5745614035087719,0.008848790586638408,-0.059099584189490684,-6.6788318257559975,0.3663390123017374,-0.06871734061086132,0.009617756421370638,62.2,0.622,1.1661008679097584,0.09378393331046242,provável cumprimento
1507102,São Caetano de Odivelas,PA,Norte,140,0.4585278058169555,0.6928571428571428,0.04209834473236288,0.23432933704018732,5.566236357508087,0.5414721941830445,-0.03835117000600896,0.2726805070461963,40.26,0.4026,5.592781544906611,0.09200584688928592,provável cumprimento
3158201,Santa Maria do Suaçuí,MG,Sudeste,118,0.7020309028434842,0.8389830508474576,0.04202481267038802,0.13695214800397337,3.258840178018785,0.29796909715651576,0.06756418903215056,0.06938795897182282,64.62,0.6462,5.583090160370762,0.09200280760098245,provável cumprimento
1705508,Colinas do Tocantins,TO,Norte,442,0.5890314546981359,0.5588235294117647,0.023400533775893347,-0.030207925286371173,-1.2909075312414724,0.4109685453018641,-0.06871734061086132,0.03850941532449015,55.79,0.5579,3.1131443158676664,0.09169766893711928,provável cumprimento
2913101,Ibititá,BA,Nordeste,100,0.3982979032318616,0.28,0.04889445726986708,-0.11829790323186157,-2.4194542661334903,0.6017020967681384,-0.11217652645487203,-0.00612137677698954,33.31,0.33310002,6.519788234639407,0.09119353457030455,provável cumprimento
3169802,Turvolândia,MG,Sudeste,70,0.7186136431084105,0.6714285714285714,0.05366885878705782,-0.0471850716798391,-0.8791890259313231,0.28138635689158953,0.06756418903215056,-0.11474926071198965,64.7,0.64699996,7.161368793110334,0.09104261704478334,provável cumprimento
1101484,São Felipe D'Oeste,RO,Norte,53,0.6644468633305836,0.7735849056603774,0.06481450310088863,0.10913804232979385,1.6838521798109338,0.33555313666941644,0.014894352318732818,0.09424369001106103,57.76,0.5776,8.68468610417652,0.09013414239498369,provável cumprimento
3158003,Santa Maria de Itabira,MG,Sudeste,103,0.6515148788657136,0.7766990291262136,0.0469444967293746,0.1251841502605,2.666641650930054,0.3484851211342864,0.06756418903215056,0.05761996122834945,58.85,0.58849996,6.301491558217476,0.08974482331598654,provável cumprimento
3147204,Paraguaçu,MG,Sudeste,184,0.6996668989913305,0.6902173913043478,0.033783737498001384,-0.009449507686982717,-0.2797058107481963,0.3003331010086695,0.06756418903215056,-0.07701369671913327,65.34,0.65339994,4.626695468591057,0.08542093404504636,provável cumprimento
3135308,Japaraíba,MG,Sudeste,53,0.8007379937691835,0.8113207547169812,0.054826546030602,0.010582760947797643,0.19302257234827025,0.19926200623081647,0.06756418903215056,-0.056981428084352914,72.45,0.72449994,7.623805289699115,0.08218373276389479,provável cumprimento
1502756,Concórdia do Pará,PA,Norte,250,0.5122935568949848,0.544,0.031602620482304805,0.03170644310501525,1.003285253600048,0.4877064431050152,-0.03835117000600896,0.07005761311102421,46.82,0.4682,4.409355875464971,0.08147021996566667,provável cumprimento
2601904,Bezerros,PE,Nordeste,401,0.5962917006153113,0.5660847880299252,0.024499785059378127,-0.030206912585386103,-1.2329460243090329,0.40370829938468866,0.056513547646742324,-0.08672046023212843,56.18,0.5618,3.4491697563553525,0.0795897090455473,provável cumprimento
3150158,Piedade de Caratinga,MG,Sudeste,141,0.6307225400785245,0.7375886524822695,0.04063503556023712,0.106866112403745,2.6299007969447286,0.36927745992147554,0.06756418903215056,0.03930192337159444,57.33,0.5733,5.742253607309234,0.07880893901555891,provável cumprimento
1502772,Curionópolis,PA,Norte,271,0.5985340546487706,0.7343173431734318,0.029772423795650062,0.13578328852466115,4.5607065604279065,0.40146594535122937,-0.03835117000600896,0.1741344585306701,55.58,0.5558,4.273403395403797,0.07559280609916125,provável cumprimento
2610400,Parnamirim,PE,Nordeste,175,0.5918179300326624,0.5942857142857143,0.03713012792192029,0.002467784253051941,0.06646312283764179,0.40818206996733764,0.056513547646742324,-0.05404576339369038,53.79,0.53790003,5.39178994197168,0.07323225633865604,provável cumprimento
3132602,Itamarati de Minas,MG,Sudeste,38,0.645427042688971,0.7368421052631579,0.07757001883335461,0.09141506257418686,1.1784844705346258,0.354572957311029,0.06756418903215056,0.0238508735420363,53.26,0.5326,11.282705708945318,0.07290125116061026,provável cumprimento
2206050,Massapê do Piauí,PI,Nordeste,43,0.6222864472962869,0.6046511627906976,0.07388343961962547,-0.017635284505589266,-0.23869062670039592,0.3777135527037131,0.039222924566388706,-0.05685820907197797,51.46,0.5146,10.76864683724893,0.07248667609323982,provável cumprimento
1303502,Pauini,AM,Norte,207,0.504037294097117,0.4927536231884058,0.03473826035618592,-0.01128367090871113,-0.3248196885225377,0.49596270590288305,-0.068715107700409,0.057431436791697876,45.33,0.45330003,5.073726505773402,0.07206830680896319,provável cumprimento
3155108,Rio do Prado,MG,Sudeste,55,0.66764536753385,0.7636363636363637,0.06350842669698457,0.09599099610251371,1.5114686521918113,0.33235463246615005,0.06756418903215056,0.028426807070363158,57.42,0.5742,9.34453929969542,0.07059341470939,provável cumprimento
2413706,Sítio Novo,RN,Nordeste,39,0.47681172624945634,0.48717948717948717,0.07985291432997176,0.010367760930030834,0.12983572380575506,0.5231882737505437,-0.09364469258257188,0.10401245351260271,35.88,0.35880002,11.801170245528214,0.06972216722395974,provável cumprimento
2918308,Jitaúna,BA,Nordeste,98,0.38667167971863253,0.40816326530612246,0.04916659406746621,0.021491585587489925,0.4371176404450399,0.6133283202813675,-0.11217652645487203,0.13366811204236195,31.37,0.31370002,7.297165940536959,0.06888170960284667,provável cumprimento
2602803,Buíque,PE,Nordeste,508,0.6031913416975577,0.5551181102362205,0.02169474792482799,-0.04807323146133724,-2.2158926034960325,0.3968086583024423,0.056513547646742324,-0.10458677910807956,57.08,0.5708,3.2391335307939806,0.06771209836973799,provável cumprimento
2603801,Capoeiras,PE,Nordeste,211,0.6080491996110462,0.6966824644549763,0.03360187168534093,0.08863326484393008,2.6377478514864103,0.3919508003889538,0.056513547646742324,0.03211971719718776,55.74,0.5574,5.064921143660772,0.06586265620980693,provável cumprimento
2924108,Pedrão,BA,Nordeste,30,0.4140277250085036,0.13333333333333333,0.08989755833747298,-0.2806943916751703,-3.1223805948260708,0.5859722749914964,-0.11217652645487203,-0.16851786522029827,27.85,0.2785,13.55277343068282,0.06583106535271624,provável cumprimento
3300951,Comendador Levy Gasparian,RJ,Sudeste,100,0.6359303845056271,0.67,0.048101581044851925,0.03406961549437293,0.70828473314848,0.3640696154943729,-0.013487646671521136,0.047557262165894065,56.32,0.5632,7.273038755738492,0.06526482369412855,provável cumprimento
3109303,Buritis,MG,Sudeste,305,0.6097505122145066,0.6327868852459017,0.02791765612844684,0.023036373031395052,0.8251542652938555,0.3902494877854934,0.06756418903215056,-0.044527816000755505,56.75,0.5675,4.225051698287818,0.0650893325836119,provável cumprimento
2502409,Bonito de Santa Fé,PB,Nordeste,83,0.5533278838239652,0.6024096385542169,0.05453906060536193,0.04908175473025167,0.8999376627588314,0.44667211617603475,-0.03568338079084338,0.08476513552109505,47.04,0.4704,8.29278782449705,0.06418983232309483,provável cumprimento
5216403,Paraúna,GO,Centro-Oeste,148,0.7056895915441779,0.6824324324324325,0.03743179131574171,-0.023257159111745418,-0.6213210293776339,0.2943104084558221,0.10274857715476204,-0.12600573626650746,64.83,0.6483,5.73895994596747,0.062615999963344,provável cumprimento
2902252,Arataca,BA,Nordeste,61,0.3307468198421843,0.13114754098360656,0.06014531834666852,-0.19959927885857773,-3.318617048597493,0.6692531801578157,-0.11217652645487203,-0.0874227524037057,23.69,0.2369,9.38468180778868,0.05934042169839226,provável cumprimento
2208007,Picos,PI,Nordeste,528,0.6075276320536238,0.5511363636363636,0.021248368247507796,-0.056391268417260165,-2.6539105384656656,0.3924723679463762,0.039222924566388706,-0.09561419298364887,57.43,0.5743,3.3227640922794954,0.05893535313018747,provável cumprimento
5106000,Nortelândia,MT,Centro-Oeste,67,0.6214911709269378,0.6567164179104478,0.05924753892276609,0.03522524698350993,0.594543632089577,0.37850882907306216,0.0350807253016272,0.00014452168188272552,52.79,0.5279,9.35911903818939,0.05709194402541964,provável cumprimento
5105507,Vila Bela da Santíssima Trindade,MT,Centro-Oeste,200,0.5775696960085039,0.475,0.034910774659303534,-0.10256969600850396,-2.9380527074946956,0.42243030399149606,0.0350807253016272,-0.13765042131013117,52.17,0.52169997,5.586973100835135,0.05475961406493814,provável cumprimento
2701704,Capela,AL,Nordeste,201,0.5303465472923918,0.42786069651741293,0.035197648702522163,-0.1024858507749789,-2.911724349576654,0.46965345270760817,-0.0917585721464571,-0.010727278628521797,47.36,0.4736,5.674654714934069,0.05345643795547606,provável cumprimento
3156700,Sabará,MG,Sudeste,1108,0.63300228259355,0.7256317689530686,0.014478676339208787,0.09262948635951862,6.397648803618503,0.36699771740645004,0.06756418903215056,0.025065297327368063,60.94,0.6094,2.360230824738907,0.05153567258077398,provável cumprimento
1507458,São Geraldo do Araguaia,PA,Norte,315,0.565335296990136,0.526984126984127,0.027925437033820596,-0.03835117000600896,-1.3733418015826118,0.43466470300986404,-0.03835117000600896,0.0,51.94,0.5194,4.593529641793137,0.04999246611539159,provável cumprimento
2111573,São Pedro dos Crentes,MA,Nordeste,72,0.561320256831996,0.5972222222222222,0.05843811671652393,0.035901965390226165,0.6143586995519065,0.43867974316800395,0.035901965390226165,0.0,46.51,0.4651,9.622026646410664,0.04982707312271944,provável cumprimento
3134905,Jacutinga,MG,Sudeste,244,0.681199608740001,0.7950819672131147,0.029824180731394156,0.11388235847311379,3.8184572276695112,0.31880039125999904,0.06756418903215056,0.04631816944096323,63.18,0.6318,4.939961284080052,0.04882435678861469,provável cumprimento
2923209,Oliveira dos Brejinhos,BA,Nordeste,196,0.5050336693120149,0.39285714285714285,0.035685666773350076,-0.11217652645487203,-3.1434616919823126,0.4949663306879851,-0.11217652645487203,0.0,44.58,0.4458,5.923366292239695,0.04847003546705884,provável cumprimento
2206704,Nazaré do Piauí,PI,Nordeste,48,0.6382898258784826,0.3958333333333333,0.06930385629013136,-0.24245649254514928,-3.4984560098667163,0.3617101741215174,0.039222924566388706,-0.281679417111538,52.31,0.5231,11.518980737720085,0.048246553947531835,provável cumprimento
2410405,Pureza,RN,Nordeste,96,0.510716359739858,0.3333333333333333,0.05091477863463903,-0.17738302640652465,-3.4839202126245725,0.48928364026014204,-0.09364469258257188,-0.08373833382395277,42.59,0.4259,8.481634748514299,0.04787171865765281,provável cumprimento
2412401,São José do Seridó,RN,Nordeste,36,0.5672661003574802,0.5555555555555556,0.08255002835530392,-0.011710544801924572,-0.14185997310044723,0.43273389964251985,-0.09364469258257188,0.08193414778064731,42.95,0.4295,13.776608676762114,0.04757058745608441,provável cumprimento
5006259,Novo Horizonte do Sul,MS,Centro-Oeste,79,0.6191348127086463,0.7848101265822784,0.05460487366637005,0.1656753138736321,3.034075582445087,0.38086518729135366,-0.04453267849467879,0.2102079923683109,52.69,0.5269,9.223481928899913,0.04559710373686482,provável cumprimento
3162252,São João da Lagoa,MG,Sudeste,51,0.6615177158155829,0.7843137254901961,0.06620825532450161,0.12279600967461313,1.8546933320136914,0.33848228418441706,0.06756418903215056,0.05523182064246257,54.91,0.5491,11.241773403076238,0.04475941651090333,provável cumprimento
3127404,Gonçalves,MG,Sudeste,48,0.7565233971726073,0.7708333333333334,0.061938552376483796,0.014309936160726067,0.23103439799085648,0.2434766028273927,0.06756418903215056,-0.05325425287142449,65.09,0.65089995,10.562345048300159,0.044069789866115865,provável cumprimento
1720903,Taguatinga,TO,Norte,173,0.5124404357186568,0.42196531791907516,0.037994175980793334,-0.09047511779958167,-2.381289117714207,0.48755956428134317,-0.06871734061086132,-0.02175777718872035,44.76,0.44759998,6.484045846378928,0.04394919721685425,provável cumprimento
1702158,Araguanã,TO,Norte,63,0.549305226544504,0.38095238095238093,0.06266437557146269,-0.16835284559212305,-2.6865798000353935,0.450694773455496,-0.06871734061086132,-0.09963550498126172,44.23,0.4423,10.700523469841938,0.043855965374239116,provável cumprimento
3122355,Divisa Alegre,MG,Sudeste,99,0.6398890763131104,0.6363636363636364,0.04823131232113416,-0.003525439949474074,-0.07309442310010057,0.3601109236868896,0.06756418903215056,-0.07108962898162463,55.72,0.5572,8.26890617218934,0.04322517116891977,provável cumprimento
1100130,Machadinho D'Oeste,RO,Norte,405,0.6036843888056935,0.654320987654321,0.02429864170140024,0.05063659884862748,2.0839271376107202,0.39631561119430647,0.014894352318732818,0.03574224652989466,56.12,0.56119996,4.248442571288957,0.040194970767678785,provável cumprimento
5108352,Vale de São Domingos,MT,Centro-Oeste,42,0.6674456967344577,0.23809523809523808,0.0726656254287664,-0.42935045863921967,-5.9085772138589645,0.33255430326554225,0.0350807253016272,-0.46443118394084687,53.92,0.5392,12.824568881896091,0.038792453852941666,provável cumprimento
2109205,Presidente Juscelino,MA,Nordeste,82,0.5325986356177395,0.5853658536585366,0.055075609802899564,0.05276721804079709,0.9580868596759333,0.46740136438226054,0.035901965390226165,0.016865252650570928,43.48,0.4348,9.779863661909749,0.03788987679224724,provável cumprimento
2615409,Toritama,PE,Nordeste,548,0.5884710009691276,0.6423357664233577,0.02101989774895492,0.053864765454230024,2.5625607744408794,0.41152899903087237,0.056513547646742324,-0.0026487821925123,55.11,0.5511,3.7370985328868844,0.03771127672473898,provável cumprimento
1600550,Pracuúba,AP,Norte,48,0.5589220935289477,0.2916666666666667,0.07160410148206468,-0.26725542686228104,-3.732403889311046,0.4410779064710523,-0.13543326688745677,-0.13182215997482427,43.05,0.4305,12.842209281369199,0.03644635270605819,provável cumprimento
3127057,Fronteira dos Vales,MG,Sudeste,44,0.5721810812450561,0.6818181818181818,0.07439330604602884,0.1096371005731257,1.4737495401171004,0.42781891875494393,0.06756418903215056,0.042072911540975144,43.82,0.4382,13.398108429681388,0.0358527746603447,provável cumprimento
3137304,Lagoa dos Patos,MG,Sudeste,30,0.6305950365873155,0.7,0.0881072775579847,0.06940496341268443,0.787732470419461,0.3694049634126845,0.06756418903215056,0.0018407743805338717,47.19,0.4719,15.869505032022568,0.03583905937728871,provável cumprimento
2405603,Jardim de Piranhas,RN,Nordeste,97,0.46662301436917974,0.5670103092783505,0.0506013206464406,0.10038729490917075,1.9838868556532863,0.5333769856308203,-0.09364469258257188,0.19403198749174264,37.47,0.3747,9.192300454633429,0.03463821444711483,provável cumprimento
3152907,Pratápolis,MG,Sudeste,85,0.7408915626723278,0.7764705882352941,0.04734364434552689,0.03557902556296633,0.7515058474016247,0.2591084373276722,0.06756418903215056,-0.03198516346918423,65.46,0.65459996,8.629159805364495,0.03417708093269728,provável cumprimento
2503209,Cabedelo,PB,Nordeste,565,0.5780658807220737,0.5752212389380531,0.020770427762940268,-0.002844641784020552,-0.13695634083647124,0.42193411927792634,-0.03568338079084338,0.032838739006822826,54.02,0.5402,3.78658856811801,0.03414660646225166,provável cumprimento
3141900,Minduri,MG,Sudeste,35,0.7061242525001156,0.7714285714285715,0.0769551030018568,0.0653043189284559,0.8486028395918099,0.29387574749988443,0.06756418903215056,-0.002259870103694661,56.53,0.5653,14.082426470714681,0.03362844170391292,provável cumprimento
5213707,Montes Claros de Goiás,GO,Centro-Oeste,96,0.7666953284032499,0.75,0.043157251197982055,-0.016695328403249943,-0.3868487436018766,0.23330467159675006,0.10274857715476204,-0.11944390555801199,68.75,0.6875,7.919532840324994,0.033249802221934535,provável cumprimento
2801405,Carira,SE,Nordeste,123,0.4872147906593101,0.34959349593495936,0.04505248003979522,-0.13762129472435075,-3.0546885455093427,0.5127852093406899,-0.06828671388153959,-0.06933458084281116,40.4,0.404,8.321477659261395,0.03236899276803196,provável cumprimento
5206503,Cromínia,GO,Centro-Oeste,44,0.7248299476812226,0.7272727272727273,0.06728326263766585,0.00244277959150474,0.03630590277198073,0.27517005231877745,0.10274857715476204,-0.1003057975632573,59.88,0.5988,12.602994415262758,0.030525580556198917,provável cumprimento
4206702,Herval d'Oeste,SC,Sul,225,0.6367471811408191,0.6266666666666667,0.03203795172022872,-0.010080514474152369,-0.31464291357264096,0.3632528188591809,0.05230326180180411,-0.06238377627595648,57.65,0.5765,6.024718257133054,0.030020377665918956,provável cumprimento
3171709,Virgínia,MG,Sudeste,84,0.7093560767778522,0.7380952380952381,0.049518132249624654,0.028739161317385964,0.5803765209178261,0.2906439232221478,0.06756418903215056,-0.03882502771476459,61.6,0.616,9.335608011571228,0.02969529248581482,provável cumprimento
2606606,Ibimirim,PE,Nordeste,269,0.6121997200086385,0.6319702602230484,0.029698561443396516,0.019770540214409826,0.6657069990440837,0.38780027999136146,0.056513547646742324,-0.0367430074323325,55.58,0.5558,5.639969931390587,0.028777520851832702,provável cumprimento
3126000,Florestal,MG,Sudeste,78,0.7075932679843745,0.8589743589743589,0.05147116225043446,0.15138109098998442,2.9410855393829123,0.2924067320156255,0.06756418903215056,0.08381690195783387,60.94,0.6094,9.81932936382136,0.028212793178489102,provável cumprimento
3134707,Jacinto,MG,Sudeste,109,0.5996796506821533,0.5596330275229358,0.04692240357951229,-0.04004662315921759,-0.8534648718784544,0.40032034931784666,0.06756418903215056,-0.10761081219136814,50.97,0.5097,8.997965039605106,0.027579185833941484,provável cumprimento
1703701,Brejinho de Nazaré,TO,Norte,63,0.565405506725484,0.49206349206349204,0.062409398471097006,-0.07334201466199192,-1.1751757981765842,0.43459449327451605,-0.06871734061086132,-0.004624674051130595,44.57,0.4457,11.970551692979914,0.02755114713493235,provável cumprimento
2921500,Monte Santo,BA,Nordeste,251,0.4396369672298116,0.2749003984063745,0.03132178576971762,-0.16473656882343712,-5.259488396817622,0.5603630327701884,-0.11217652645487203,-0.052560042368565096,37.95,0.3795,6.013696556088155,0.027430690120006398,provável cumprimento
2500700,São João do Rio do Peixe,PB,Nordeste,113,0.5714397998181331,0.7345132743362832,0.04654455322212243,0.16307347451815013,3.5035995240930147,0.4285602001818669,-0.03568338079084338,0.1987568553089935,48.11,0.4811,9.033980682763932,0.02613327072873963,provável cumprimento
3134301,Itumirim,MG,Sudeste,52,0.7441638760739593,0.8269230769230769,0.060411099734732104,0.08275920084911759,1.369933691201071,0.2558361239260407,0.06756418903215056,0.01519501181696703,62.66,0.6266,11.75638489896087,0.02582354345023883,provável cumprimento
2100501,Alto Parnaíba,MA,Nordeste,156,0.5983066311301943,0.5256410256410257,0.039242388193516047,-0.07266560548916867,-1.85171211117001,0.40169336886980567,0.035901965390226165,-0.10856757087939484,52.17,0.52169997,7.6606666130041745,0.025460746637417982,provável cumprimento
2805307,Pirambu,SE,Nordeste,100,0.4269562781393552,0.39,0.0494477660967524,-0.0369562781393552,-0.7473801357789224,0.5730437218606448,-0.06828671388153959,0.03133043574218439,33.03,0.33029997,9.665630465150121,0.025308341938544025,provável cumprimento
2709004,Tanque d'Arca,AL,Nordeste,75,0.5917717275653392,0.5333333333333333,0.056727234340553184,-0.05843839423200592,-1.0301646979858043,0.40822827243466075,-0.0917585721464571,0.03332017791445119,48.08,0.48080003,11.097169494967762,0.025218848969966515,provável cumprimento
2612901,São Benedito do Sul,PE,Nordeste,71,0.5308038886939043,0.7183098591549296,0.05921102173207093,0.18750597046102535,3.166741004900867,0.46919611130609573,0.056513547646742324,0.13099242281428303,41.36,0.4136,11.720389093503892,0.023883979518861478,provável cumprimento
2922805,Nova Itarana,BA,Nordeste,101,0.49749287522347735,0.3465346534653465,0.04972885670893729,-0.15095822175813084,-3.0356262288853415,0.5025071247765227,-0.11217652645487203,-0.03878169530325881,39.89,0.3989,9.859287298234271,0.023705567264948473,provável cumprimento
3169000,Tocantins,MG,Sudeste,152,0.694168098048953,0.7105263157894737,0.03735029642658277,0.01635821774052071,0.43796754793298825,0.30583190195104704,0.06756418903215056,-0.05120597129162985,61.96,0.6196,7.456810005166902,0.022942334834215466,provável cumprimento
1302207,Juruá,AM,Norte,137,0.5525008191107964,0.5109489051094891,0.04226533271690949,-0.04155191400130731,-0.9831204755826575,0.4474991808892036,-0.068715107700409,0.027163193699101695,46.8,0.468,8.450082435600514,0.022788278733468732,provável cumprimento
2606002,Garanhuns,PE,Nordeste,1278,0.596081622945008,0.6971830985915493,0.013724504439006028,0.10110147564654126,7.366493711729482,0.403918377054992,0.056513547646742324,0.04458792799979894,56.86,0.5686,2.748162399404974,0.022622131557665723,provável cumprimento
3144003,Mutum,MG,Sudeste,245,0.7038082459892038,0.8,0.02906813086719235,0.09619175401079627,3.3091826388934686,0.2961917540107962,0.06756418903215056,0.028627564978645714,64.53,0.6453,5.850827488553556,0.022067943634900083,provável cumprimento
5007505,Rochedo,MS,Centro-Oeste,90,0.5572575779624663,0.5,0.052348675167732575,-0.05725757796246633,-1.093773200162276,0.44274242203753367,-0.04453267849467879,-0.012724899467787543,45.12,0.45119998,10.605759937245473,0.021383191525843687,provável cumprimento
5203559,Bonfinópolis,GO,Centro-Oeste,123,0.7008372651318954,0.8617886178861789,0.041282661266095255,0.16095135275428352,3.8987639802783285,0.29916273486810463,0.10274857715476204,0.05820277559952147,61.67,0.6167,8.41372715215133,0.020771081224484733,provável cumprimento
4312708,Nonoai,RS,Sul,136,0.5680343414220135,0.4485294117647059,0.04244645395302071,-0.11950492965730758,-2.815427875072306,0.4319656585779865,-0.0742131756906475,-0.045291753966660075,48.14,0.48139998,8.663435825436515,0.020624072095974368,provável cumprimento
2709103,Taquarana,AL,Nordeste,239,0.5635274724478048,0.39330543933054396,0.03207271045706096,-0.1702220331172608,-5.3073790986625395,0.43647252755219523,-0.0917585721464571,-0.0784634609708037,49.8,0.498,6.552747650092061,0.020521699262107212,provável cumprimento
1301704,Humaitá,AM,Norte,762,0.5882128215842788,0.5787401574803149,0.017816055640103957,-0.009472664103963857,-0.5316925527915889,0.4117871784157212,-0.068715107700409,0.05924244359644515,55.15,0.5515,3.6712799172932353,0.019667835338779,provável cumprimento
2706505,Passo de Camaragibe,AL,Nordeste,172,0.5588006591083383,0.32558139534883723,0.0378533944628347,-0.23321926375950108,-6.161118892216678,0.4411993408916617,-0.0917585721464571,-0.14146069161304398,48.06,0.4806,7.8200659680542906,0.019419794693547474,provável cumprimento
3131307,Ipatinga,MG,Sudeste,1931,0.6932095693178991,0.7622993267736924,0.010389227347641484,0.06908975745579327,6.650134330872807,0.3067904306821009,0.06756418903215056,0.0015255684236427092,67.17,0.6717,2.150956855495967,0.01920874671406518,provável cumprimento
2101905,Bequimão,MA,Nordeste,77,0.5179783085602332,0.6103896103896104,0.05688982116795528,0.09241130182937718,1.6243907949113106,0.4820216914397668,0.035901965390226165,0.056509336439151014,39.93,0.3993,11.86782995480109,0.01848442976359784,provável cumprimento
2802403,Gararu,SE,Nordeste,94,0.36847418655665576,0.3723404255319149,0.049719382973389,0.0038662389752591175,0.07776120185016014,0.6315258134433442,-0.06828671388153959,0.07215295285679871,26.47,0.2647,10.377419103892505,0.018435125249364262,provável cumprimento
3300209,Araruama,RJ,Sudeste,1329,0.5850958263691585,0.5598194130925508,0.013511990928483661,-0.02527641327660768,-1.8706653527515535,0.41490417363084153,-0.013487646671521136,-0.011788766605086543,55.66,0.5566,2.8495851736895284,0.017475284306573406,provável cumprimento
3164209,São Romão,MG,Sudeste,86,0.6646645601931406,0.7790697674418605,0.05088772930417182,0.11440520724871994,2.2481884889161465,0.3353354398068594,0.06756418903215056,0.046841018216569386,55.73,0.5573,10.73645886126352,0.017436390062612325,provável cumprimento
2800407,Arauá,SE,Nordeste,108,0.4829443202847852,0.28703703703703703,0.04806620631850026,-0.19590728324774814,-4.075780017869751,0.5170556797152148,-0.06828671388153959,-0.12762056936620855,38.07,0.3807,10.224432810491457,0.01670355409135572,provável cumprimento
2502508,Boqueirão,PB,Nordeste,95,0.553469698956375,0.3684210526315789,0.0509924204045027,-0.18504864632479606,-3.628944161835786,0.446530301043625,-0.03568338079084338,-0.14936526553395268,44.48,0.4448,10.86697094944762,0.016540644279835367,provável cumprimento
5103858,Gaúcha do Norte,MT,Centro-Oeste,100,0.6107059777198746,0.6,0.048737771214814894,-0.010705977719874582,-0.21966490163629537,0.38929402228012544,0.0350807253016272,-0.045786703021501785,50.68,0.5068,10.390598182067412,0.016505908352177245,provável cumprimento
3101805,Alpercata,MG,Sudeste,62,0.6460068667928824,0.7096774193548387,0.06071117359131653,0.0636705525619563,1.048745211063801,0.35399313320711756,0.06756418903215056,-0.0038936364701942505,51.63,0.5163,12.970684419080115,0.01632106942074917,provável cumprimento
3109105,Bueno Brandão,MG,Sudeste,93,0.753538112989692,0.8279569892473119,0.04467923580441489,0.07441887625761989,1.6656255398680375,0.24646188701030802,0.06756418903215056,0.006854687225469336,65.8,0.65800005,9.553806101444174,0.01624579183694335,provável cumprimento
2703700,Jaramataia,AL,Nordeste,62,0.561910353706753,0.4032258064516129,0.06297061194889031,-0.15868454725514014,-2.5199778490946767,0.438089646293247,-0.0917585721464571,-0.06692597510868303,42.72,0.42720002,13.471033434716439,0.016207422388318564,provável cumprimento
2608453,Lagoa do Carro,PE,Nordeste,139,0.6235654510494401,0.5971223021582733,0.041085393991546176,-0.026443148891166723,-0.6436143437399608,0.37643454895055994,0.056513547646742324,-0.08295669653790905,53.55,0.5355,8.806546106302038,0.016037540756817528,provável cumprimento
1502855,Curuá,PA,Norte,172,0.5226475980799189,0.42441860465116277,0.038077810416815676,-0.09822899342875613,-2.579691225769034,0.4773524019200811,-0.03835117000600896,-0.05987782342274717,44.07,0.4407,8.19476035158625,0.01569438004897208,provável cumprimento
2200251,Alagoinha do Piauí,PI,Nordeste,59,0.6364779620773343,0.7457627118644068,0.06261122507030081,0.10928474978707248,1.745449792179692,0.3635220379226657,0.039222924566388706,0.07006182522068377,50.17,0.5017,13.47779780036954,0.015674401635996406,provável cumprimento
2513604,Santana dos Garrotes,PB,Nordeste,38,0.5694198284583953,0.5263157894736842,0.08031034886156262,-0.04310403898471116,-0.5367183631466107,0.43058017154160466,-0.03568338079084338,-0.00742065819386778,39.63,0.39630002,17.31198106246856,0.015556082949622144,provável cumprimento
3160702,Santos Dumont,MG,Sudeste,306,0.6579260070462808,0.7254901960784313,0.027034545943678913,0.06756418903215056,2.499179722600375,0.3420739929537192,0.06756418903215056,0.0,59.95,0.5995,5.842600656944363,0.015341452115781265,provável cumprimento
1720655,Silvanópolis,TO,Norte,75,0.5399077302969962,0.36,0.05751872679756379,-0.17990773029699625,-3.1278114157529693,0.46009226970300376,-0.06871734061086132,-0.11119038968613493,41.52,0.4152,12.470773525610268,0.015074624489062037,provável cumprimento
3144375,Natalândia,MG,Sudeste,48,0.6877627270547593,0.6458333333333334,0.0668396366649157,-0.0419293937214259,-0.6273133100891727,0.31223727294524073,0.06756418903215056,-0.10949358275357646,54.28,0.5428,14.49627178041184,0.01504841643197961,provável cumprimento
1503804,Jacundá,PA,Norte,464,0.5173955516217148,0.3771551724137931,0.023190992080881538,-0.1402403792079217,-6.0471918889375464,0.4826044483782852,-0.03835117000600896,-0.10188920920191274,46.69,0.4669,5.049556058625337,0.014726180436515605,provável cumprimento
2405207,Janduís,RN,Nordeste,43,0.47243401695536796,0.37209302325581395,0.0760154446236784,-0.10034099369955402,-1.3200079825396211,0.527565983044632,-0.09364469258257188,-0.006696301116982134,30.69,0.3069,16.553402234362785,0.014716547312956824,provável cumprimento
3127305,Galiléia,MG,Sudeste,68,0.6521511234463437,0.6323529411764706,0.057743509183040706,-0.019798182269873177,-0.34286420326681344,0.34784887655365626,0.06756418903215056,-0.08736237130202373,52.6,0.52599996,12.615116016280492,0.014456114004549426,provável cumprimento
3132107,Itacarambi,MG,Sudeste,165,0.6273213720600569,0.696969696969697,0.03761945833297118,0.06964832490964012,1.8513909555310524,0.3726786279399431,0.06756418903215056,0.002084135877489568,54.5,0.545,8.232135537075635,0.014325141386571158,provável cumprimento
2927606,Santa Brígida,BA,Nordeste,155,0.4153858679805066,0.2838709677419355,0.03952942248714754,-0.1315149002385711,-3.3270129428612676,0.5846141320194934,-0.11217652645487203,-0.01933837378369907,32.87,0.32869998,8.668589177468078,0.01415563237340606,provável cumprimento
2904704,Buerarema,BA,Nordeste,140,0.4058608236788796,0.2857142857142857,0.041432429474477006,-0.1201465379645939,-2.8998188010820356,0.5941391763211203,-0.11217652645487203,-0.007970011509721875,31.49,0.3149,9.09608128546761,0.014067409099151655,provável cumprimento
3302304,Laje do Muriaé,RJ,Sudeste,64,0.6422772820897101,0.484375,0.05991060538353135,-0.15790228208971013,-2.6356315560302352,0.35772271791028987,-0.013487646671521136,-0.144414635418189,50.82,0.5082,13.407729229402532,0.012611965826809977,provável cumprimento
4208807,Jaguaruna,SC,Sul,302,0.5480399943884169,0.5960264900662252,0.028599156429351992,0.04798649567780833,1.677898989655466,0.4519600056115831,0.05230326180180411,-0.0043167661239957855,48.39,0.48389998,6.414001360495436,0.012457310011589002,provável cumprimento
2600609,Alagoinha,PE,Nordeste,171,0.5727595433164967,0.5380116959064327,0.037818136752389264,-0.03474784741006398,-0.9188143677614866,0.4272404566835033,0.056513547646742324,-0.0912613950568063,48.79,0.48790002,8.48595246244801,0.012419922162552501,provável cumprimento
1706506,Darcinópolis,TO,Norte,82,0.506831687002794,0.45121951219512196,0.055192162418337465,-0.055612174807672055,-1.007610000603909,0.493168312997206,-0.06871734061086132,0.013105165803189267,38.24,0.3824,12.443168094696212,0.012081824091851963,provável cumprimento
3117207,Conceição das Pedras,MG,Sudeste,30,0.7857227864332821,0.7666666666666667,0.0748912100815296,-0.019056119766615365,-0.25445068581306274,0.21427721356671792,0.06756418903215056,-0.08662030879876592,61.58,0.6158,16.99227633543636,0.011636352399625375,provável cumprimento
2412906,São Tomé,RN,Nordeste,63,0.4135901503668947,0.49206349206349204,0.06200913966071112,0.07847334169659731,1.2655125055108267,0.5864098496331053,-0.09364469258257188,0.1721180342791692,27.18,0.2718,14.179013897048664,0.011109571676155418,provável cumprimento
5220504,Serranópolis,GO,Centro-Oeste,90,0.6981220618547969,0.6666666666666666,0.048375546107717896,-0.03145539518813023,-0.6502333868870123,0.30187793814520314,0.10274857715476204,-0.13420397234289227,58.7,0.587,11.112204945703075,0.010807368512797571,provável cumprimento
2305506,Iguatu,CE,Nordeste,741,0.644902293058415,0.6342780026990553,0.01757832892164712,-0.010624290359359634,-0.6043970622415751,0.35509770694158505,0.15967059056633892,-0.17029488092569856,60.44,0.6044,4.050231394388248,0.01060837765290589,provável cumprimento
3128253,Guaraciama,MG,Sudeste,52,0.6346466979070592,0.8076923076923077,0.06674229009009267,0.17304560978524852,2.592743065178935,0.3653533020929408,0.06756418903215056,0.10548142075309797,48.04,0.4804,15.42467018648076,0.010414247162511771,provável cumprimento
3106705,Betim,MG,Sudeste,4233,0.5998838030936696,0.6728088825891803,0.007514923083788086,0.07292507949551064,9.704035381657016,0.4001161969063304,0.06756418903215056,0.00536089046336008,58.25,0.5825,1.738382216715595,0.0103547182783163,provável cumprimento
3152204,Porteirinha,MG,Sudeste,334,0.7192992973252014,0.7215568862275449,0.024429864519276468,0.0022575889023435103,0.09241102833632794,0.28070070267479863,0.06756418903215056,-0.06530660012980705,66.24,0.6624,5.689929007727656,0.009927217546305073,provável cumprimento
2503555,Cacimbas,PB,Nordeste,105,0.5086920128589539,0.47619047619047616,0.04877590356719172,-0.03250153666847777,-0.6663441226404953,0.49130798714104607,-0.03568338079084338,0.003181844122365607,39.49,0.39490002,11.379198892172859,0.009825253184652844,provável cumprimento
1502103,Cametá,PA,Norte,1141,0.5008372028730215,0.39526730937773885,0.014795209264049012,-0.10556989349528262,-7.1354106326706495,0.49916279712697853,-0.03835117000600896,-0.06721872348927366,46.63,0.4663,3.4537192191869126,0.009788709359543183,provável cumprimento
2201101,Avelino Lopes,PI,Nordeste,122,0.5759875809856203,0.45081967213114754,0.04471029051146351,-0.12516790885447276,-2.7995324437084634,0.4240124190143797,0.039222924566388706,-0.16439083342086147,47.14,0.4714,10.458758828122882,0.00966180398995419,provável cumprimento
2104107,Fortaleza dos Nogueiras,MA,Nordeste,194,0.5912693099994281,0.788659793814433,0.035289443433447344,0.1973904838150049,5.593471151996638,0.40873069000057194,0.035901965390226165,0.16148851842477874,50.73,0.5073,8.396929073520687,0.008669364466443947,provável cumprimento
2613404,São José da Coroa Grande,PE,Nordeste,244,0.5540549962044619,0.38934426229508196,0.03181081130579877,-0.1647107339093799,-5.177822480728585,0.44594500379553814,0.056513547646742324,-0.22122428155612223,47.83,0.4783,7.575499100693683,0.008622952826337772,provável cumprimento
5004106,Guia Lopes da Laguna,MS,Centro-Oeste,155,0.6160767793911969,0.6580645161290323,0.039047779757044224,0.0419877367378354,1.0752912713369014,0.38392322060880313,-0.04453267849467879,0.08652041523251419,52.3,0.523,9.307677748384824,0.00857062804882786,provável cumprimento
2513802,Santa Teresinha,PB,Nordeste,35,0.659709608075669,0.42857142857142855,0.08005122876505492,-0.23113817950424048,-2.8873782835066253,0.34029039192433097,-0.03568338079084338,-0.1954547987133971,46.65,0.4665,19.320959400897287,0.007898451856759234,provável cumprimento
2102101,Brejo,MA,Nordeste,272,0.6231240998206247,0.5808823529411765,0.02938053546858905,-0.04224174687944815,-1.4377459840583613,0.37687590017937533,0.035901965390226165,-0.07814371226967431,55.2,0.552,7.112411364890225,0.007743405279051021,provável cumprimento
2907103,Carinhanha,BA,Nordeste,316,0.4243321396723624,0.31962025316455694,0.027785044406781152,-0.10471188650780544,-3.768642042632464,0.5756678603276376,-0.11217652645487203,0.007464639947066587,35.7,0.357,6.7332146348082595,0.007689615864655439,provável cumprimento
2310951,Pires Ferreira,CE,Nordeste,68,0.8914741714505262,1.0,0.03770568635882421,0.10852582854947379,2.8782350629211035,0.10852582854947379,0.15967059056633892,-0.05114476201686513,80.0,0.8,9.147415952959726,0.0076330434228620795,provável cumprimento
3118601,Contagem,MG,Sudeste,4601,0.5983163295307177,0.7061508367746142,0.007208744081830759,0.10783450724389654,14.958848035081099,0.40168367046928233,0.06756418903215056,0.04027031821174598,58.08,0.5808,1.7516332677842916,0.0075520569609015195,provável cumprimento
3108404,Botelhos,MG,Sudeste,144,0.7645681567251987,0.8472222222222222,0.0352878991781832,0.08265406549702348,2.342277874907455,0.23543184327480127,0.06756418903215056,0.01508987646487292,67.86,0.6786,8.596814346912574,0.007421375265179914,provável cumprimento
3124005,Ervália,MG,Sudeste,151,0.6798874015920854,0.8543046357615894,0.037959127832410886,0.17441723416950405,4.594869380022485,0.3201125984079146,0.06756418903215056,0.1068530451373535,58.71,0.58709997,9.278743220503094,0.007254590659665132,provável cumprimento
2703403,Jacaré dos Homens,AL,Nordeste,75,0.5857580657740373,0.5466666666666666,0.056775740465028195,-0.039091399107370695,-0.6885229287577427,0.41424193422596267,-0.0917585721464571,0.05266717303908641,44.64,0.4464,13.935807903011032,0.00705333381506806,provável cumprimento
3137502,Lagoa Formosa,MG,Sudeste,199,0.7160410585331982,0.8241206030150754,0.03196119132201467,0.10807954448187718,3.381586856164296,0.2839589414668018,0.06756418903215056,0.04051535544972662,63.75,0.6375,7.854107045412717,0.00699755843299635,provável cumprimento
1505700,Ponta de Pedras,PA,Norte,296,0.5227034800390171,0.5844594594594594,0.028988895136197016,0.06175597942044231,2.1303322920827927,0.4772965199609829,-0.03835117000600896,0.10010714942645127,45.11,0.4511,7.160348824061624,0.006755055080128846,provável cumprimento
2203255,Curralinhos,PI,Nordeste,41,0.5856691857690449,0.2682926829268293,0.07687696884409914,-0.31737650284221564,-4.128369102140746,0.4143308142309551,0.039222924566388706,-0.35659942740860434,39.57,0.3957,18.996917809196667,0.006735274725032032,provável cumprimento
3127206,Funilândia,MG,Sudeste,54,0.7134761731498243,0.6851851851851852,0.06149641510431851,-0.028290987964639025,-0.46004288081911826,0.28652382685017574,0.06756418903215056,-0.09585517699678958,56.12,0.56119996,15.22762100570203,0.006639825314714348,provável cumprimento
2204659,Ilha Grande,PI,Nordeste,148,0.562713653405475,0.33783783783783783,0.04074880775682475,-0.22487581556763714,-5.518586381953082,0.43728634659452503,0.039222924566388706,-0.26409874013402584,46.17,0.4617,10.101366098718579,0.0065887589875466635,provável cumprimento
2514909,São Mamede,PB,Nordeste,60,0.5992934247687943,0.48333333333333334,0.06321171337079569,-0.11596009143546099,-1.8344715757860706,0.4007065752312057,-0.03568338079084338,-0.08027671064461761,44.17,0.44169998,15.75934430793412,0.0063315683944913876,provável cumprimento
2412807,São Rafael,RN,Nordeste,41,0.46299044764839914,0.2926829268292683,0.07782014899643144,-0.17030752081913086,-2.1884759026475336,0.5370095523516009,-0.09364469258257188,-0.07666282823655898,26.88,0.2688,19.4190457232826,0.006291203244425005,provável cumprimento
2707909,Santa Luzia do Norte,AL,Nordeste,68,0.5401009881651432,0.38235294117647056,0.06042645962082388,-0.15774804698867262,-2.6105790075828015,0.4598990118348568,-0.0917585721464571,-0.06598947484221551,38.86,0.3886,15.15009963667423,0.00608465527463613,provável cumprimento
2901155,América Dourada,BA,Nordeste,192,0.48223156467848255,0.4322916666666667,0.036052949810916175,-0.049939898011815864,-1.3851820245980253,0.5177684353215175,-0.11217652645487203,0.06223662844305616,39.16,0.3916,9.063155189924672,0.005971133986427625,provável cumprimento
2102150,Brejo de Areia,MA,Nordeste,93,0.5320690147670387,0.4946236559139785,0.05171351962815051,-0.03744535885306022,-0.7240922513554202,0.4679309852329613,0.035901965390226165,-0.07334732424328638,40.15,0.40150002,13.056899831615675,0.005787346442535102,provável cumprimento
2918506,Jussara,BA,Nordeste,122,0.4176238572927379,0.4344262295081967,0.044638581318617136,0.016802372215458827,0.37640918951990004,0.5823761427072621,-0.11217652645487203,0.12897889867033085,30.4,0.304,11.362386706789962,0.005457343237687997,provável cumprimento
2409100,Passa e Fica,RN,Nordeste,99,0.4451324986881274,0.43434343434343436,0.049918319766336074,-0.010789064344693011,-0.21613436500258454,0.5548675013118727,-0.09364469258257188,0.08285562823787887,31.79,0.3179,12.723249668541131,0.005404501450495396,provável cumprimento
2931707,Terra Nova,BA,Nordeste,95,0.4345158831001106,0.28421052631578947,0.050828625360339795,-0.1503053567843211,-2.9571005652574724,0.5654841168998894,-0.11217652645487203,-0.03812883032944908,30.46,0.3046,12.991588271864085,0.005294779689252783,provável cumprimento
5103205,Colíder,MT,Centro-Oeste,383,0.6072169248289211,0.6422976501305483,0.024943906169536595,0.0350807253016272,1.4063845920199325,0.3927830751710789,0.0350807253016272,0.0,54.3,0.543,6.421694199505879,0.005019920061397681,provável cumprimento
2311702,Reriutaba,CE,Nordeste,199,0.8630306886712067,0.9849246231155779,0.02436038178665567,0.12189393444437124,5.0037776711341735,0.1369693113287933,0.15967059056633892,-0.03777665612196768,80.0,0.8,6.303067675027774,0.00483480301522367,provável cumprimento
3101607,Alfenas,MG,Sudeste,653,0.6728542775269519,0.7304747320061256,0.018329840782587956,0.05762045447917363,3.143532732368792,0.3271457224730481,0.06756418903215056,-0.009943734552976924,62.52,0.62520003,4.765424433908572,0.004663664908741285,provável cumprimento
2804706,Nossa Senhora de Lourdes,SE,Nordeste,60,0.4279085834167066,0.5833333333333334,0.06385197787502327,0.15542474991662675,2.434141511181342,0.5720914165832933,-0.06828671388153959,0.22371146379816634,26.18,0.2618,16.610859228587778,0.004641346610237909,provável cumprimento
2805505,Poço Verde,SE,Nordeste,153,0.483297152730316,0.4117647058823529,0.040386658494319785,-0.07153244684796306,-1.7711900294505374,0.516702847269684,-0.06828671388153959,-0.00324573296642347,37.82,0.3782,10.509715816625958,0.004630389228565162,provável cumprimento
2507309,Jacaraú,PB,Nordeste,113,0.539415731979755,0.5221238938053098,0.04687193152859533,-0.01729183817444524,-0.3689166972753394,0.460584268020245,-0.03568338079084338,0.018391542616398138,41.56,0.4156,12.38157301677738,0.004126074725271964,provável cumprimento
3120508,Cristina,MG,Sudeste,128,0.705166689720945,0.8203125,0.04029616254562061,0.11514581027905502,2.8574882322527526,0.294833310279055,0.06756418903215056,0.04758162124690446,59.84,0.5984,10.676669296343766,0.004029953584296594,provável cumprimento
2911006,Floresta Azul,BA,Nordeste,78,0.3620808207685337,0.41025641025641024,0.0543990898906652,0.048175589487876536,0.8855955050847899,0.6379191792314662,-0.11217652645487203,0.16035211594274856,21.74,0.2174,14.468082126921272,0.003911461251669042,provável cumprimento
2908507,Conceição do Jacuípe,BA,Nordeste,208,0.5041295466539589,0.375,0.03465279311966248,-0.12912954665395893,-3.726382061268504,0.4958704533460411,-0.11217652645487203,-0.0169530201990869,41.12,0.4112,9.292955971929706,0.0036620879234968685,provável cumprimento
3129509,Ibiá,MG,Sudeste,204,0.6596485273314192,0.7794117647058824,0.0331618126976473,0.11976323737446315,3.611480423775504,0.3403514726685808,0.06756418903215056,0.05219904834231259,57.07,0.5707,8.89485375357344,0.003656351884023729,provável cumprimento
2805604,Porto da Folha,SE,Nordeste,228,0.3945296878351008,0.17543859649122806,0.03235301320448289,-0.21909109134387272,-6.771891383319903,0.6054703121648992,-0.06828671388153959,-0.15080437746233313,30.74,0.3074,8.71296996606623,0.003539617339766357,provável cumprimento
1712504,Marianópolis do Tocantins,TO,Norte,58,0.49150228320296174,0.3620689655172414,0.06554843947002524,-0.12943331768572036,-1.974620886968776,0.5084977167970383,-0.06871734061086132,-0.06071597707485904,31.37,0.31370002,17.78022628896988,0.0033385631279715202,provável cumprimento
2203909,Floriano,PI,Nordeste,526,0.6002331566261273,0.5361216730038023,0.0213568150169562,-0.064111483622325,-3.001921567959633,0.3997668433738727,0.039222924566388706,-0.1033344081887137,54.22,0.5422,5.803312772979552,0.003290727610615832,provável cumprimento
2928208,Santana,BA,Nordeste,230,0.4593740695680511,0.3869565217391304,0.03284317238824502,-0.07241754782892068,-2.2049498438476003,0.540625930431949,-0.11217652645487203,0.03975897862595135,37.01,0.3701,8.927407800806881,0.0032819778774751,provável cumprimento
3121902,Divinésia,MG,Sudeste,52,0.6669795912593934,0.75,0.06535343602807221,0.08302040874060657,1.2703296687406858,0.33302040874060657,0.06756418903215056,0.01545621970845601,48.91,0.4891,17.787958205643626,0.0032462810110494723,provável cumprimento
3123106,Dores de Guanhães,MG,Sudeste,51,0.6654037712041913,0.7254901960784313,0.0660301977783243,0.060086424874240096,0.9099840208863441,0.33459622879580875,0.06756418903215056,-0.00747776415791046,48.52,0.48520002,18.02037535135327,0.0031752640970438076,provável cumprimento
1712454,Luzinópolis,TO,Norte,47,0.5212954316671617,0.48936170212765956,0.07275200482759965,-0.03193372953950219,-0.43893951259728875,0.47870456833283825,-0.06871734061086132,0.036783611071359135,32.22,0.3222,19.909543138105946,0.0031035886270417827,provável cumprimento
2401404,Baía Formosa,RN,Nordeste,74,0.4921383848131682,0.35135135135135137,0.058068108710877885,-0.1407870334618168,-2.4245155660708337,0.5078616151868318,-0.09364469258257188,-0.04714234087924493,33.22,0.33220002,15.993836426148667,0.002940678928759362,provável cumprimento
2111805,Sítio Novo,MA,Nordeste,250,0.5710848442715892,0.54,0.031294859143712044,-0.031084844271589196,-0.9932891574568712,0.42891515572841077,0.035901965390226165,-0.06698680966181536,48.38,0.48380002,8.728482047741505,0.002642651365394666,provável cumprimento
2904902,Cachoeira,BA,Nordeste,242,0.4091146302050582,0.3305785123966942,0.031570870286454486,-0.078536117808364,-2.4876133313961892,0.5908853697949418,-0.11217652645487203,0.033640408646508024,32.07,0.3207,8.84146404093734,0.00255107067838795,provável cumprimento
1303569,Rio Preto da Eva,AM,Norte,356,0.49466985463088087,0.46629213483146065,0.026463784247005545,-0.02837771979942022,-1.072322821806229,0.5053301453691191,-0.068715107700409,0.040337387900988786,42.05,0.42049998,7.416987418120435,0.0025338908500640157,provável cumprimento
3146750,Palmópolis,MG,Sudeste,60,0.6272135039982919,0.7,0.06208344775906348,0.07278649600170806,1.1723977747528052,0.3727864960017081,0.06756418903215056,0.0052223069695575,45.12,0.45119998,17.60135254082803,0.002290481401057592,provável cumprimento
2709202,Traipu,AL,Nordeste,160,0.49834181208098605,0.475,0.03951712201077631,-0.02334181208098607,-0.5906759119406712,0.501658187919014,-0.0917585721464571,0.06841676006547104,38.63,0.3863,11.204181451285555,0.0022893296875719617,provável cumprimento
2600054,Abreu e Lima,PE,Nordeste,722,0.5799142312872378,0.46121883656509693,0.018366872839361816,-0.11869539472214091,-6.4624716335905745,0.42008576871276215,0.056513547646742324,-0.17520894236888324,52.75,0.5275,5.241425751328155,0.002160402084562209,provável cumprimento
3157302,Santa Bárbara do Tugúrio,MG,Sudeste,45,0.7413918565518022,0.9111111111111111,0.06523003746249863,0.16971925455930892,2.6018573829101683,0.2586081434481978,0.06756418903215056,0.10215506552715836,55.44,0.55439997,18.699188935819866,0.0020741872426862477,provável cumprimento
2907806,Cícero Dantas,BA,Nordeste,156,0.49453692701627827,0.36538461538461536,0.04001249952184811,-0.1291523116316629,-3.227799142144109,0.5054630729837217,-0.11217652645487203,-0.01697578517679088,37.98,0.3798,11.473693517019367,0.002068465484255824,provável cumprimento
3158508,Santana de Pirapama,MG,Sudeste,37,0.7162987942773958,0.6486486486486487,0.07408453485258182,-0.06765014562874716,-0.9131480107604344,0.28370120572260416,0.06756418903215056,-0.13521433466089772,50.29,0.5029,21.3398789890494,0.0019853703607089664,provável cumprimento
1600204,Calçoene,AP,Norte,178,0.5259310955602768,0.39325842696629215,0.03728736589200598,-0.1326726685939847,-3.5581131951835814,0.47406890443972316,-0.13543326688745677,0.002760598293472083,41.81,0.4181,10.783109613248143,0.0019146378081635834,provável cumprimento
2514008,São João do Cariri,PB,Nordeste,41,0.5902901561486584,0.6097560975609756,0.07678997179103056,0.019465941412317167,0.25349587919227345,0.40970984385134157,-0.03568338079084338,0.055149322203160545,36.7,0.367,22.32901425587994,0.0018198852949321029,provável cumprimento
3304102,Porciúncula,RJ,Sudeste,123,0.5517653358345225,0.5284552845528455,0.04482649849281712,-0.023310051281676958,-0.5200060692987676,0.4482346641654775,-0.013487646671521136,-0.009822404610155822,42.11,0.42110002,13.06653154258921,0.0017789420777989504,provável cumprimento
3131703,Itabira,MG,Sudeste,989,0.6534254869902347,0.6976744186046512,0.014950415488654549,0.044248931614416454,2.959712500832885,0.3465745130097653,0.06756418903215056,-0.023315257417734103,60.96,0.6096,4.382547945620763,0.001687251150744927,provável cumprimento
1302306,Jutaí,AM,Norte,360,0.5094909765223482,0.36666666666666664,0.0260455584706849,-0.14282430985568156,-5.483633995271587,0.4905090234776518,-0.068715107700409,-0.07410920215527256,43.26,0.4326,7.689098496236591,0.0015777323072915436,provável cumprimento
3123809,Engenheiro Navarro,MG,Sudeste,93,0.6501668666722256,0.7634408602150538,0.049422244466147194,0.11327399354282819,2.2919637658386316,0.34983313332777444,0.06756418903215056,0.04570980451067763,50.36,0.5036,14.656686533708152,0.0015104400289614197,provável cumprimento
5105002,Jauru,MT,Centro-Oeste,111,0.6560867040980257,0.7477477477477478,0.045074442764807036,0.09166104364972205,2.0335480158456587,0.3439132959019743,0.0350807253016272,0.05658031834809485,52.12,0.5212,13.488670285824911,0.0013833692551254886,provável cumprimento
2507606,Juarez Távora,PB,Nordeste,50,0.570575654553578,0.34,0.0698712616253851,-0.23057565455357792,-3.3000070299261197,0.42942434544642205,-0.03568338079084338,-0.19489227376273455,36.0,0.36,21.05756402484632,0.0012901332197355843,provável cumprimento
2804904,Pacatuba,SE,Nordeste,106,0.37958179103760054,0.3018867924528302,0.04711821869194421,-0.07769499858477036,-1.6489375180487003,0.6204182089623995,-0.06828671388153959,-0.009408284703230768,23.74,0.2374,14.21817957106047,0.001274115821577281,provável cumprimento
3146107,Ouro Preto,MG,Sudeste,607,0.65319214588987,0.7462932454695222,0.019115717805788034,0.09310109957965229,4.870395165148456,0.34680785411013004,0.06756418903215056,0.025536910547501734,59.55,0.5955,5.769215351926449,0.0012720431064682876,provável cumprimento
2200103,Agricolândia,PI,Nordeste,63,0.5849342092220969,0.6031746031746031,0.0620455181302288,0.018240393952506206,0.2939840701180223,0.41506579077790307,0.039222924566388706,-0.0209825306138825,39.55,0.3955,18.94342049305625,0.0011322677455278833,provável cumprimento
2903235,Barro Alto,BA,Nordeste,121,0.4534084253051829,0.2975206611570248,0.04523139416200161,-0.15588776414815808,-3.446450569041218,0.5465915746948171,-0.11217652645487203,-0.043711237693286054,31.51,0.3151,13.830841109543556,0.0011148536754450615,provável cumprimento
2209872,São João da Fronteira,PI,Nordeste,45,0.5692786415671456,0.4444444444444444,0.07374755539991953,-0.12483419712270116,-1.692723188528055,0.4307213584328544,0.039222924566388706,-0.16405712168908987,34.14,0.3414,22.787864409438253,0.001000841970477522,provável cumprimento
2925808,Queimadas,BA,Nordeste,188,0.45865055747500516,0.30319148936170215,0.036332971942699396,-0.155459068113303,-4.278732506618973,0.5413494425249948,-0.11217652645487203,-0.043282541658430984,34.54,0.3454,11.325055189601041,0.0009134500091415297,provável cumprimento
1506203,Salinópolis,PA,Norte,525,0.5590056746089457,0.5085714285714286,0.02166654438893921,-0.050434246037517116,-2.3277475693476917,0.4409943253910543,-0.03835117000600896,-0.012083076031508155,49.14,0.4914,6.760567117571814,0.0009033980022534926,provável cumprimento
2924405,Pilão Arcado,BA,Nordeste,391,0.3880677989426899,0.22506393861892582,0.0246120939269302,-0.16300386032376407,-6.622917205163417,0.61193220105731,-0.11217652645487203,-0.050827333868892044,31.12,0.31120002,7.686777624524116,0.0008945690501999531,provável cumprimento
3140852,Matias Cardoso,MG,Sudeste,112,0.587407419219075,0.3125,0.04650285085362924,-0.274907419219075,-5.911625076156386,0.412592580780925,0.06756418903215056,-0.3424716082512256,44.2,0.442,14.540741755014498,0.0008834516542064117,provável cumprimento
3131604,Iraí de Minas,MG,Sudeste,77,0.6217941426666173,0.7792207792207793,0.055242605642346995,0.157426636554162,2.849732280431834,0.37820585733338274,0.06756418903215056,0.08986244752201145,44.85,0.44849998,17.32941650779637,0.0008535301661072198,provável cumprimento
3101003,Águas Vermelhas,MG,Sudeste,123,0.6241275088914057,0.7479674796747967,0.04365675340568654,0.12383997078339104,2.836673850494347,0.37587249110859433,0.06756418903215056,0.05627578175124048,48.71,0.4871,13.702750374156436,0.0008483593607137923,provável cumprimento
1703008,Babaçulândia,TO,Norte,68,0.4658607519553227,0.19117647058823528,0.06045449017512136,-0.27468428136708745,-4.543653921675571,0.5341392480446773,-0.06871734061086132,-0.20596694075622612,27.6,0.276,18.986075886946153,0.0008431350881633691,provável cumprimento
1720200,São Miguel do Tocantins,TO,Norte,165,0.4646700452836328,0.3696969696969697,0.03880155750861787,-0.09497307558666312,-2.4476614261056273,0.5353299547163672,-0.06871734061086132,-0.026255734975801803,34.18,0.3418,12.28700410397821,0.0007710912180114271,provável cumprimento
2412302,São José do Campestre,RN,Nordeste,92,0.41227436543353607,0.5108695652173914,0.05095883244962625,0.09859519978385528,1.9348009961044235,0.5877256345664639,-0.09364469258257188,0.19223989236642716,25.0,0.25,16.22743654335361,0.0007252200046586602,provável cumprimento
5003488,Dois Irmãos do Buriti,MS,Centro-Oeste,204,0.5576256638926604,0.4019607843137255,0.03476277068550836,-0.15566487957893493,-4.477919236852641,0.44237433610733956,-0.04453267849467879,-0.11113220108425614,44.63,0.4463,11.132566394034416,0.0006813450129648227,provável cumprimento
2614857,Tamandaré,PE,Nordeste,258,0.6035165791653209,0.5658914728682171,0.030450254012003304,-0.037625106297103805,-1.235625367271886,0.39648342083467913,0.056513547646742324,-0.09413865394384613,50.56,0.50560004,9.79165439747386,0.0006508080022762378,provável cumprimento
1504406,Marapanim,PA,Norte,189,0.47614623412428864,0.4497354497354497,0.0363228854990892,-0.026410784388838926,-0.7271114072008729,0.5238537658757114,-0.03835117000600896,0.011940385617170035,35.89,0.35889998,11.724625334082612,0.0006235361254959698,provável cumprimento
2204907,Isaías Coelho,PI,Nordeste,90,0.5209254179612086,0.34444444444444444,0.0526376566263031,-0.17648097351676417,-3.352751334841461,0.4790745820387914,0.039222924566388706,-0.21570389808315288,35.03,0.35029998,17.062543374451856,0.0005944935551158044,provável cumprimento
2108504,Pindaré-Mirim,MA,Nordeste,399,0.5522766730236857,0.5037593984962406,0.024892091992659918,-0.04851727452744503,-1.9491039379796449,0.44772332697631434,0.035901965390226165,-0.0844192399176712,47.1,0.471,8.127668709038183,0.0005470094355062081,provável cumprimento
2705804,Olho d'Água do Casado,AL,Nordeste,139,0.548481470367719,0.3597122302158273,0.042196426553045584,-0.18876924015189167,-4.473583560792472,0.451518529632281,-0.0917585721464571,-0.09701066800543456,41.05,0.4105,13.79814803812993,0.0005377750153972957,provável cumprimento
1303536,Presidente Figueiredo,AM,Norte,450,0.4871840575510593,0.3377777777777778,0.02355370678271806,-0.14940627977328153,-6.343217275800709,0.5128159424489407,-0.068715107700409,-0.08069117207287252,41.0,0.41,7.7184061127338,0.0005246951296357496,provável cumprimento
2708808,São Sebastião,AL,Nordeste,336,0.5224720109885523,0.4226190476190476,0.027241815132626135,-0.09985296336950472,-3.665429887229354,0.47752798901144766,-0.0917585721464571,-0.008094391223047614,43.27,0.4327,8.977200283463693,0.0004914516987793602,provável cumprimento
2402204,Canguaretama,RN,Nordeste,309,0.5357548626913131,0.31715210355987056,0.028363795904671564,-0.21860275913144256,-7.707105207855424,0.4642451373086869,-0.09364469258257188,-0.12495806654887068,44.21,0.4421,9.365487423077234,0.0004801339506788951,provável cumprimento
3122009,Divino,MG,Sudeste,186,0.6573616752072365,0.6827956989247311,0.03477959523384156,0.02543402371749459,0.731291538802802,0.34263832479276346,0.06756418903215056,-0.042130165314655965,54.23,0.5423,11.506168932161643,0.0004693039292294733,provável cumprimento
2403400,Equador,RN,Nordeste,47,0.5181043456636553,0.5957446808510638,0.07286828857504214,0.07764033518740854,1.0654886605090497,0.48189565433634474,-0.09364469258257188,0.17128502776998042,27.64,0.2764,24.17043458067064,0.0004549428846802103,provável cumprimento
2104081,Fernando Falcão,MA,Nordeste,73,0.5629461302853843,0.7945205479452054,0.058039120123769515,0.23157441765982112,3.9899711981502186,0.4370538697146157,0.035901965390226165,0.19567245226959495,36.99,0.36990002,19.304611230862346,0.00044029188685529633,provável cumprimento
5209408,Guarani de Goiás,GO,Centro-Oeste,48,0.6238054520658489,0.6458333333333334,0.0699110492188268,0.02202788126748445,0.31508440387635345,0.3761945479341511,0.10274857715476204,-0.0807206958872776,39.09,0.39090002,23.290543623485526,0.00043196807031213493,provável cumprimento
2516102,Soledade,PB,Nordeste,111,0.5619553059842498,0.46846846846846846,0.0470517831889273,-0.09348683751578135,-1.9868925507116937,0.4380446940157502,-0.03568338079084338,-0.057803456724937974,40.39,0.4039,15.805530851148674,0.000390873673754926,provável cumprimento
2802304,Frei Paulo,SE,Nordeste,91,0.43866735454148975,0.37362637362637363,0.05200701242971657,-0.06504098091511612,-1.2506194429648105,0.5613326454585102,-0.06828671388153959,0.00324573296642347,26.27,0.2627,17.59673630768749,0.00035780003320438057,provável cumprimento
1700301,Aguiarnópolis,TO,Norte,77,0.516939734080354,0.4025974025974026,0.05692119989330477,-0.11434233148295136,-2.0087828734685655,0.483060265919646,-0.06871734061086132,-0.04562499087209004,32.42,0.32419997,19.273975954345822,0.00035449303682679454,provável cumprimento
1501204,Baião,PA,Norte,261,0.45234325791586655,0.39080459770114945,0.030794890485404333,-0.0615386602147171,-1.9983399598022342,0.5476567420841334,-0.03835117000600896,-0.02318749020870814,34.71,0.3471,10.524326826323287,0.0003159302604652621,provável cumprimento
3131109,Inimutaba,MG,Sudeste,76,0.655323474392823,0.7763157894736842,0.05451166213409201,0.12099231508086117,2.2195675263622467,0.344676525607177,0.06756418903215056,0.05342812604871061,46.85,0.4685,18.68234860753334,0.00030489684395481063,provável cumprimento
3118304,Conselheiro Lafaiete,MG,Sudeste,1226,0.7182951905732947,0.835236541598695,0.012798219049779729,0.11694135102540026,9.137314384958348,0.2817048094267053,0.06756418903215056,0.04937716199324971,67.43,0.6743,4.399517560060795,0.00029344547653789414,provável cumprimento
3135803,Jequitinhonha,MG,Sudeste,172,0.6227050453258811,0.6162790697674418,0.036194373696493726,-0.0064259755584392675,-0.17754073084187044,0.3772949546741189,0.06756418903215056,-0.07399016459058982,49.76,0.4976,12.51050561500846,0.0002736419470793461,provável cumprimento
1507201,São Domingos do Capim,PA,Norte,184,0.5062243215689298,0.32608695652173914,0.03684191878563542,-0.1801373650471907,-4.8894675137665695,0.4937756784310702,-0.03835117000600896,-0.14178619504118173,37.87,0.3787,12.752433344217506,0.0002686945613602991,provável cumprimento
2906873,Capim Grosso,BA,Nordeste,242,0.4451068271095675,0.29338842975206614,0.03192134557559503,-0.15171839735750137,-4.7528822680174025,0.5548931728904325,-0.11217652645487203,-0.03954187090262934,33.41,0.3341,11.100681909870325,0.0002530464755188587,provável cumprimento
2305100,Guaramiranga,CE,Nordeste,73,0.7702108899168582,0.958904109589041,0.04923290988397007,0.1886932196721829,3.832664372609433,0.22978911008314185,0.15967059056633892,0.029022629105843967,59.66,0.5966,17.361089382692285,0.0002106903779077129,provável cumprimento
3110301,Caldas,MG,Sudeste,121,0.7072097978162337,0.7355371900826446,0.04135377515038426,0.0283273922664109,0.685001361142906,0.2927902021837663,0.06756418903215056,-0.03923679676573966,56.1,0.561,14.62098083066512,0.00020343626811948607,provável cumprimento
3101102,Aimorés,MG,Sudeste,232,0.6503366604684193,0.6293103448275862,0.03129628436605755,-0.021026315640833126,-0.6718470280656467,0.3496633395315807,0.06756418903215056,-0.08859050467298368,53.9,0.53900003,11.133662613614392,0.00018719839941962215,provável cumprimento
5102694,Canabrava do Norte,MT,Centro-Oeste,73,0.6169991052269087,0.7808219178082192,0.0568454604502087,0.16382281258131048,2.881897890945996,0.3830008947730913,0.0350807253016272,0.12874208727968328,41.47,0.4147,20.229910374871352,0.00018630799216099104,provável cumprimento
2411403,Santana do Matos,RN,Nordeste,59,0.5216994365443672,0.5932203389830508,0.06459280366088378,0.07152090243868359,1.107258059491778,0.47830056345563277,-0.09364469258257188,0.16516559502125547,28.87,0.2887,23.299942219156875,0.00015475713368055496,provável cumprimento
1600808,Vitória do Jari,AP,Norte,170,0.49701739459269356,0.3588235294117647,0.03830059882741543,-0.13819386518092885,-3.608138499443256,0.5029826054073064,-0.13543326688745677,-0.002760598293472083,35.85,0.35849997,13.851742058031869,0.00014925691800921637,provável cumprimento
3154150,Reduto,MG,Sudeste,92,0.640214583499878,0.8586956521739131,0.04995877492720071,0.21848106867403505,4.373227105596622,0.35978541650012197,0.06756418903215056,0.1509168796418845,45.77,0.4577,18.251456938549815,0.00012944394123643585,provável cumprimento
2209203,Santa Filomena,PI,Nordeste,100,0.5321757211391733,0.62,0.049886356839220374,0.08782427886082667,1.7604869231857738,0.46782427886082667,0.039222924566388706,0.04860135429443796,34.92,0.34919998,18.297574064181312,0.00012229866153884783,provável cumprimento
2210938,Sussuapara,PI,Nordeste,62,0.5732883591501968,0.5645161290322581,0.06279208734019769,-0.008772230117938706,-0.13970279520112364,0.4267116408498032,0.039222924566388706,-0.04799515468432741,34.28,0.3428,23.048836778094937,0.00012096275478431292,provável cumprimento
3303203,Nilópolis,RJ,Sudeste,851,0.5636739974209317,0.4735605170387779,0.016999841767642812,-0.09011348038215383,-5.3008423027603815,0.4363260025790683,-0.013487646671521136,-0.0766258337106327,50.1,0.501,6.267401029553499,0.00011357225087996977,provável cumprimento
1714880,Nova Olinda,TO,Norte,164,0.4726159802129121,0.42073170731707316,0.03892195713052552,-0.05188427289583897,-1.3330335039896395,0.5273840197870878,-0.06871734061086132,0.016833067715022354,32.67,0.32669997,14.591600806020216,8.879245254463977e-05,provável cumprimento
2906808,Cansanção,BA,Nordeste,332,0.4711329999989193,0.2319277108433735,0.02736198716636248,-0.23920528915554579,-8.742248423009764,0.5288670000010807,-0.11217652645487203,-0.12702876270067376,36.8,0.368,10.313299928366353,8.188344611571155e-05,provável cumprimento
1718865,Santa Fé do Araguaia,TO,Norte,70,0.46070896592243965,0.3142857142857143,0.05955617998269134,-0.14642325163672537,-2.458573596884152,0.5392910340775603,-0.06871734061086132,-0.07770591102586405,23.48,0.2348,22.590896990402992,7.435678498286642e-05,provável cumprimento
2103208,Chapadinha,MA,Nordeste,685,0.5958523119364023,0.41751824817518246,0.01874661362632467,-0.17833406376121985,-9.512868154000717,0.4041476880635977,0.035901965390226165,-0.21423602915144602,52.46,0.52459997,7.125234254934787,7.211152665481352e-05,provável cumprimento
1714203,Natividade,TO,Norte,104,0.5412521491209316,0.4423076923076923,0.04883212712374131,-0.09894445681323927,-2.0262163997589657,0.45874785087906844,-0.06871734061086132,-0.030227116202377946,35.38,0.3538,18.745215036070817,6.184236019094717e-05,provável cumprimento
1600279,Laranjal do Jari,AP,Norte,539,0.5397229135775443,0.4007421150278293,0.02145853840821964,-0.138980798549715,-6.476713180823105,0.4602770864224557,-0.13543326688745677,-0.003547531662258241,45.64,0.4564,8.33229065680381,5.159369978201498e-05,provável cumprimento
2406106,Jucurutu,RN,Nordeste,112,0.5315416301237581,0.4642857142857143,0.04713575609899081,-0.0672559158380438,-1.4268555636786266,0.4684583698762419,-0.09364469258257188,0.02638877674452808,34.74,0.3474,18.41416204916475,4.679753943875244e-05,provável cumprimento
3130507,Ilicínea,MG,Sudeste,143,0.6687173199343617,0.6573426573426573,0.03933723832670206,-0.011374662591704388,-0.28915762965452724,0.3312826800656383,0.06756418903215056,-0.07893885162385494,51.49,0.5149,15.381729122876475,4.610587747653594e-05,provável cumprimento
2112407,Turiaçu,MA,Nordeste,294,0.5808027179461341,0.6496598639455783,0.02877414696452056,0.06885714599944415,2.39302127998259,0.41919728205386586,0.035901965390226165,0.03295518060921798,46.7,0.467,11.38027103167396,3.826199121333928e-05,provável cumprimento
2401206,Arês,RN,Nordeste,149,0.48251732974516254,0.31543624161073824,0.04089005354970023,-0.1670810881344243,-4.086105877346037,0.5174826702548374,-0.09364469258257188,-0.07343639555185241,31.97,0.3197,16.281732707487446,3.419304421610553e-05,provável cumprimento
3151800,Poços de Caldas,MG,Sudeste,1117,0.6731984547179365,0.7851387645478961,0.014024742978954256,0.11194030982995962,7.981630037565677,0.3268015452820635,0.06756418903215056,0.04437612079780906,61.73,0.6173,5.589848075324532,3.3640105472309885e-05,provável cumprimento
2923704,Paratinga,BA,Nordeste,233,0.4110231840181856,0.2446351931330472,0.032191634866723114,-0.1663879908851384,-5.168671661877468,0.5889768159818144,-0.11217652645487203,-0.054211464430266365,28.27,0.2827,12.832318182473468,3.3566066244726925e-05,provável cumprimento
3127339,Gameleiras,MG,Sudeste,49,0.7314699043075142,0.6530612244897959,0.06285437247269289,-0.07840867981771837,-1.2474657964612257,0.26853009569248576,0.06756418903215056,-0.14597286884986893,47.75,0.4775,25.39699126521645,2.6656344691583077e-05,provável cumprimento
2304236,Croatá,CE,Nordeste,233,0.8845905314015313,0.9914163090128756,0.020923435499253688,0.10682577761134426,5.10555628472937,0.11540946859846868,0.15967059056633892,-0.05284481295499466,80.0,0.8,8.459051948060237,2.640158090456667e-05,provável cumprimento
2919157,Lapão,BA,Nordeste,301,0.43910443719732456,0.25249169435215946,0.028599034789359216,-0.1866127428451651,-6.525141293041041,0.5608955628026755,-0.11217652645487203,-0.07443621639029308,32.3,0.32299998,11.610445317136936,2.4564401998749715e-05,provável cumprimento
2928000,Santaluz,BA,Nordeste,199,0.46712349695224736,0.2914572864321608,0.035359032762010995,-0.17566621052008657,-4.968071714586568,0.5328765030477527,-0.11217652645487203,-0.06348968406521455,32.3,0.32299998,14.412351292629216,2.2908243666769923e-05,provável cumprimento
2516300,Sumé,PB,Nordeste,132,0.5765415322898406,0.6439393939393939,0.043000124608533946,0.0673978616495533,1.5673875892949691,0.4234584677101594,-0.03568338079084338,0.10308124244039668,40.1,0.401,17.55415392039794,2.2291336948885037e-05,provável cumprimento
5001508,Bandeirantes,MS,Centro-Oeste,128,0.5127165517117939,0.5234375,0.044146362276546315,0.010720948288206134,0.24285009534980107,0.48728344828820613,-0.04453267849467879,0.055253626782884924,33.17,0.33169997,18.10165843274555,2.0624172349041442e-05,provável cumprimento
3152501,Pouso Alegre,MG,Sudeste,1194,0.6800060798050169,0.6892797319932998,0.01344267248185108,0.00927365218828291,0.6898667062522906,0.3199939201949831,0.06756418903215056,-0.058290536843867646,62.41,0.62409997,5.590610994112533,1.5992424195882165e-05,provável cumprimento
2909802,Cruz das Almas,BA,Nordeste,432,0.5150759484574473,0.33564814814814814,0.02403727446649561,-0.17942780030929917,-7.464565109467584,0.4849240515425527,-0.11217652645487203,-0.06725127385442714,41.43,0.4143,10.077595375033976,1.3795662526650912e-05,provável cumprimento
2401453,Baraúna,RN,Nordeste,183,0.5485416950099161,0.4426229508196721,0.03677502280257033,-0.105918744190244,-2.8801816047505207,0.4514583049900839,-0.09364469258257188,-0.012274051607672115,38.99,0.38990003,15.864166630431919,8.022053494729775e-06,provável cumprimento
1507474,São João de Pirabas,PA,Norte,222,0.5148945753125441,0.40540540540540543,0.03353943609197205,-0.1094891699071387,-3.2644904823950176,0.4851054246874559,-0.03835117000600896,-0.07113799990112973,36.94,0.3694,14.549458070080401,7.188763485218151e-06,provável cumprimento
5002902,Cassilândia,MS,Centro-Oeste,230,0.5844053091610271,0.5478260869565217,0.032484016370637095,-0.03657922220450538,-1.1260683342583837,0.41559469083897294,-0.04453267849467879,0.00795345629017341,44.23,0.4423,14.210531731494246,6.082132722865713e-06,provável cumprimento
3135050,Jaíba,MG,Sudeste,536,0.5806740029066464,0.6007462686567164,0.02129615090996048,0.02007226575007004,0.942530217546589,0.4193259970933536,0.06756418903215056,-0.04749192328208052,48.75,0.4875,9.317399098571745,6.067272109555414e-06,provável cumprimento
2906824,Canudos,BA,Nordeste,156,0.4338355182228653,0.30128205128205127,0.03967237229111728,-0.13255346694081405,-3.3412034442541523,0.5661644817771347,-0.11217652645487203,-0.02037694048594202,25.86,0.2586,17.523552165609285,5.002464060761737e-06,provável cumprimento
3302502,Magé,RJ,Sudeste,2969,0.5577536229757873,0.46783428763893564,0.00911385022006388,-0.0899193353368517,-9.866229218788,0.44224637702421266,-0.013487646671521136,-0.07643168866533057,51.74,0.5174,4.035359665437621,4.761673012688458e-06,provável cumprimento
3302270,Japeri,RJ,Sudeste,1085,0.5222620885959608,0.36589861751152075,0.0151632198061697,-0.15636347108444004,-10.312022979500563,0.4777379114040392,-0.013487646671521136,-0.1428758244129189,45.46,0.45459998,6.766211205634898,4.0551331865574945e-06,provável cumprimento
3301157,Cardoso Moreira,RJ,Sudeste,163,0.566040796616648,0.3619631901840491,0.03880155567855599,-0.20407760643259887,-5.259521245056267,0.43395920338335203,-0.013487646671521136,-0.19058995976107773,38.93,0.3893,17.67408078700049,2.619368271806561e-06,provável cumprimento
5202155,Araguapaz,GO,Centro-Oeste,93,0.7067618667732432,0.6881720430107527,0.04718233549498662,-0.01858982376249041,-0.3939996519346881,0.29323813322675685,0.10274857715476204,-0.12133840091725245,49.16,0.4916,21.51618599544718,2.554995113128072e-06,provável cumprimento
3101904,Alpinópolis,MG,Sudeste,155,0.6618505843364817,0.7870967741935484,0.037992026192294866,0.1252461898570667,3.2966441227203562,0.3381494156635183,0.06756418903215056,0.057682000824916146,48.26,0.48259997,17.925061065789283,1.190220902170332e-06,provável cumprimento
1505304,Oriximiná,PA,Norte,734,0.5008561203156123,0.31607629427792916,0.018449624850876346,-0.18477982603768317,-10.015370368298099,0.49914387968438767,-0.03835117000600896,-0.1464286560316742,41.32,0.4132,8.765612932783462,1.0115335673673631e-06,provável cumprimento
2507507,João Pessoa,PB,Nordeste,5447,0.5537647746044324,0.5581053791077657,0.006733686897156037,0.00434060450333329,0.6446103850130807,0.4462352253955676,-0.03568338079084338,0.04002398529417667,52.13,0.5213,3.246475677072269,7.133237185789475e-07,provável cumprimento
3169703,Turmalina,MG,Sudeste,186,0.7373215339452492,0.8225806451612904,0.03201550090112207,0.08525911121604113,2.663057232162593,0.26267846605475076,0.06756418903215056,0.01769492218389057,58.26,0.5826,15.472153642480247,6.734446141548437e-07,provável cumprimento
3125903,Ferros,MG,Sudeste,51,0.7424556672849729,0.8823529411764706,0.06096151145748063,0.13989727389149764,2.294845887951335,0.2575443327150271,0.06756418903215056,0.07233308485934709,44.57,0.4457,29.67556774892881,5.638987202346782e-07,provável cumprimento
2103604,Coroatá,MA,Nordeste,553,0.5782660859277725,0.5587703435804702,0.020997811199524537,-0.019495742347302336,-0.928465455853979,0.4217339140722275,0.035901965390226165,-0.0553977077375285,47.59,0.4759,10.236609155445098,5.438110677308994e-07,provável cumprimento
5106505,Poconé,MT,Centro-Oeste,371,0.5116250461002001,0.38544474393531,0.025938250503404266,-0.12618030216489012,-4.8646419753070695,0.4883749538997999,0.0350807253016272,-0.16126102746651733,38.45,0.3845,12.712504919964163,4.765927838280194e-07,provável cumprimento
2901908,Aporá,BA,Nordeste,230,0.40630503345527175,0.16521739130434782,0.03235875780399998,-0.24108764215092393,-7.450460354850898,0.5936949665447282,-0.11217652645487203,-0.1289111156960519,24.7,0.24700001,15.930502463378431,4.259447681791463e-07,provável cumprimento
2205557,Lagoa Alegre,PI,Nordeste,94,0.5439848787625384,0.5851063829787234,0.051326747658171384,0.04112150421618499,0.8011710480868217,0.4560151212374616,0.039222924566388706,0.0018985796497962837,28.81,0.2881,25.588487456637143,3.091529814685207e-07,provável cumprimento
2911105,Formosa do Rio Preto,BA,Nordeste,234,0.42934930894119094,0.28205128205128205,0.0323422379297399,-0.1472980268899089,-4.55435481026076,0.5706506910588091,-0.11217652645487203,-0.03512150043503687,26.73,0.2673,16.204929921371292,2.715087208562269e-07,provável cumprimento
2708006,Santana do Ipanema,AL,Nordeste,513,0.5261593076290625,0.442495126705653,0.02204291406832422,-0.08366418092340949,-3.795513635995857,0.4738406923709375,-0.0917585721464571,0.008094391223047614,41.57,0.4157,11.045931902547057,2.705942861571505e-07,provável cumprimento
3170701,Varginha,MG,Sudeste,1027,0.6315061321064201,0.7215189873417721,0.015046369521229936,0.09001285523535196,5.982363726236203,0.36849386789357985,0.06756418903215056,0.022448666203201406,55.51,0.55509996,7.6406167964574445,1.906674302369466e-07,provável cumprimento
2506905,Itabaiana,PB,Nordeste,158,0.529227631343482,0.5379746835443038,0.039665023139943946,0.008747052200821726,0.2205230580595115,0.47077236865651795,-0.03568338079084338,0.0444304329916651,32.55,0.32549998,20.372764970171264,1.4017168567640707e-07,provável cumprimento
2105500,João Lisboa,MA,Nordeste,245,0.5808841426987091,0.563265306122449,0.031515523458343485,-0.017618836576260177,-0.5590526395523261,0.41911585730129086,0.035901965390226165,-0.05352080196648634,41.8,0.41799998,16.288415986484683,1.1806673941891564e-07,provável cumprimento
2206100,Matias Olímpio,PI,Nordeste,111,0.5653661263807788,0.5225225225225225,0.047028646506305324,-0.04284360385825625,-0.911010778345748,0.43463387361922123,0.039222924566388706,-0.08206652842464496,31.65,0.3165,24.886611827454708,6.055966953817536e-08,provável cumprimento
5003207,Corumbá,MS,Centro-Oeste,1250,0.5518500780059621,0.3848,0.014063626441859049,-0.1670500780059621,-11.878165187092385,0.4481499219940379,-0.04453267849467879,-0.12251739951128332,47.61,0.4761,7.575008024709673,3.597325530163027e-08,provável cumprimento
3105608,Barbacena,MG,Sudeste,860,0.7090304566281441,0.8383720930232558,0.015181262704480284,0.12934163639511165,8.519820710100776,0.2909695433718559,0.06756418903215056,0.06177744736296109,62.71,0.6271,8.193046578341756,3.3917139926281105e-08,provável cumprimento
1709005,Goiatins,TO,Norte,127,0.4243616729785149,0.3858267716535433,0.04382795138416046,-0.038534901324971615,-0.8792311780034108,0.5756383270214851,-0.06871734061086132,0.030182439285889706,18.74,0.1874,23.69616746712868,3.211016395941966e-08,provável cumprimento
1302504,Manacapuru,AM,Norte,1280,0.5744379665525272,0.403125,0.013812980042146974,-0.1713129665525272,-12.402317677272178,0.4255620334474728,-0.068715107700409,-0.1025978588521182,49.77,0.4977,7.67379607827976,1.3841196687422455e-08,provável cumprimento
1600600,Santana,AP,Norte,1709,0.5465725773036084,0.5318899941486249,0.012041017909573817,-0.014682583154983497,-1.2193805594549754,0.4534274226963916,-0.13543326688745677,0.12075068373247327,47.82,0.4782,6.83725887000165,6.8017452751648e-09,provável cumprimento
1301902,Itacoatiara,AM,Norte,1148,0.5993216567050911,0.5034843205574913,0.01421656684404477,-0.09583733614759982,-6.741243311337538,0.4006783432949089,-0.068715107700409,-0.02712222844719081,51.78,0.5178,8.152168321723707,4.8965584055159875e-09,provável cumprimento
2609907,Ouricuri,PE,Nordeste,510,0.5555104285971675,0.3137254901960784,0.022001531567116654,-0.24178493840108906,-10.989459423018499,0.4444895714028325,0.056513547646742324,-0.2982984860478314,42.82,0.4282,12.731042211218213,3.594804335163261e-09,provável cumprimento
5005400,Maracaju,MS,Centro-Oeste,648,0.5806986586483721,0.4722222222222222,0.01938314921144985,-0.1084764364261499,-5.596429932142896,0.4193013413516279,-0.04453267849467879,-0.06394375793147111,46.82,0.4682,11.249866050803703,3.2386978000674302e-09,provável cumprimento
3100203,Abaeté,MG,Sudeste,185,0.7512571013189738,0.7891891891891892,0.031318279295995864,0.0379320878702154,1.2111804582784065,0.24874289868102617,0.06756418903215056,-0.029632101161935154,56.9,0.569,18.225709559692792,2.9509880559771903e-09,provável cumprimento
2800605,Barra dos Coqueiros,SE,Nordeste,278,0.467630666479608,0.2805755395683453,0.029919245121820173,-0.1870551269112627,-6.25200021423144,0.5323693335203921,-0.06828671388153959,-0.1187684130297231,29.32,0.2932,17.443068026020185,2.7705467131075353e-09,provável cumprimento
1600501,Oiapoque,AP,Norte,384,0.4838485925058222,0.21354166666666666,0.02549433885615909,-0.2703069258391555,-10.602625444191622,0.5161514074941778,-0.13543326688745677,-0.13487365895169873,33.3,0.333,15.084858821428776,1.639886453365208e-09,provável cumprimento
5007208,Rio Brilhante,MS,Centro-Oeste,569,0.5867663215647594,0.5272407732864675,0.020641299951497726,-0.05952554827829193,-2.8838081137410523,0.4132336784352406,-0.04453267849467879,-0.014992869783613139,46.43,0.4643,12.24663149367229,1.4865936218096587e-09,provável cumprimento
1500701,Anajás,PA,Norte,339,0.5031354820252051,0.3421828908554572,0.027123605611063646,-0.16095259116974786,-5.93404112556834,0.4968645179747949,-0.03835117000600896,-0.1226014211637389,34.01,0.3401,16.303549165731567,9.228564446357767e-10,provável cumprimento
3171006,Vazante,MG,Sudeste,174,0.7063608652737289,0.6551724137931034,0.03447276338067913,-0.05118845148062545,-1.484895507660837,0.2936391347262711,0.06756418903215056,-0.11875264051277601,49.64,0.4964,20.996086660887293,5.623340480381479e-10,provável cumprimento
2505238,Cuité de Mamanguape,PB,Nordeste,65,0.5448996552464749,0.23076923076923078,0.06174128645244958,-0.3141304244772441,-5.0878503271740785,0.4551003447535251,-0.03568338079084338,-0.2784470436864007,16.05,0.16049999,38.43996652600552,2.3928619528134193e-10,provável cumprimento
5003256,Costa Rica,MS,Centro-Oeste,451,0.6001579751396194,0.5476718403547672,0.023064361784732725,-0.0524861347848522,-2.2756378552644363,0.39984202486038056,-0.04453267849467879,-0.00795345629017341,45.24,0.45240003,14.775794643402252,7.453136028351657e-11,provável cumprimento
1504703,Moju,PA,Norte,769,0.5076054396347585,0.3420026007802341,0.01802342874912116,-0.16560283885452437,-9.188198381098788,0.49239456036524154,-0.03835117000600896,-0.1272516688485154,39.09,0.39090002,11.670542380376482,4.7341166731931446e-11,provável cumprimento
1301209,Coari,AM,Norte,932,0.5562482569296519,0.40772532188841204,0.016138073487887386,-0.1485229350412398,-9.203263025956312,0.44375174307034815,-0.068715107700409,-0.0798078273408308,45.17,0.45169997,10.454828477694189,4.636178822253845e-11,provável cumprimento
5001904,Bataguassu,MS,Centro-Oeste,321,0.6209952524593024,0.5264797507788161,0.02707527271736437,-0.09451550168048628,-3.49084209297253,0.3790047475406976,-0.04453267849467879,-0.04998282318580749,44.18,0.4418,17.91952541759162,1.8154149438909055e-11,provável cumprimento
3162500,São João del Rei,MG,Sudeste,708,0.7132982814617742,0.7740112994350282,0.0167134478414642,0.06071301797325401,3.632584883092272,0.2867017185382258,0.06756418903215056,-0.0068511710588965435,59.67,0.59669995,11.659832838255058,1.5150813054861964e-12,provável cumprimento
3139409,Manhuaçu,MG,Sudeste,966,0.6493518777446946,0.7639751552795031,0.015298554551673102,0.1146232775348085,7.49242532342854,0.3506481222553054,0.06756418903215056,0.04705908850265794,53.58,0.53580004,11.35518379764756,5.751276599492599e-14,provável cumprimento
1507003,Santo Antônio do Tauá,PA,Norte,331,0.534334358502374,0.31722054380664655,0.027401640494831174,-0.21711381469572744,-7.9233874605676275,0.465665641497626,-0.03835117000600896,-0.17876264468971848,32.94,0.32939997,20.4934385348306,3.747097085775494e-14,provável cumprimento
5004809,Japorã,MS,Centro-Oeste,121,0.5296594220577342,0.4462809917355372,0.04535076951826208,-0.083378430322197,-1.838522944767712,0.4703405779422658,-0.04453267849467879,-0.038845751827518205,18.91,0.1891,34.055942477570596,2.9687702481094094e-14,provável cumprimento
2103000,Caxias,MA,Nordeste,1394,0.5952448487903232,0.554519368723099,0.013144422190535536,-0.04072548006722421,-3.098308885463831,0.40475515120967676,0.035901965390226165,-0.07662744545745037,49.57,0.4957,9.954484707370948,1.8212290422515876e-14,provável cumprimento
3103504,Araguari,MG,Sudeste,1032,0.6464059404959194,0.6579457364341085,0.014871331390271938,0.011539795938189101,0.775975979241364,0.3535940595040806,0.06756418903215056,-0.056024393093961455,53.17,0.53169996,11.470598503250995,6.1336825496438035e-15,provável cumprimento
3129707,Ibiraci,MG,Sudeste,165,0.6809956790210965,0.7696969696969697,0.036055066087773,0.08870129067587318,2.4601616444118397,0.3190043209789035,0.06756418903215056,0.021137101643722622,39.73,0.3973,28.369567406199003,1.7960307062241543e-15,provável cumprimento
2112506,Tutóia,MA,Nordeste,637,0.5962991994366645,0.5792778649921507,0.0194350030908797,-0.017021334444513814,-0.8758081676097828,0.40370080056333546,0.035901965390226165,-0.05292329983473998,44.16,0.4416,15.469920453882214,8.614206407549514e-16,provável cumprimento
2930105,Senhor do Bonfim,BA,Nordeste,487,0.4534697350789501,0.2402464065708419,0.02254210279179943,-0.2132233285081082,-9.458892565500879,0.54653026492105,-0.11217652645487203,-0.10104680205323618,27.01,0.2701,18.336973755850334,2.0674509121010124e-16,provável cumprimento
2905701,Camaçari,BA,Nordeste,2552,0.49564822923262225,0.36559561128526646,0.00989450008637715,-0.1300526179473558,-13.143930144223614,0.5043517707673777,-0.11217652645487203,-0.01787609149248376,40.43,0.4043,9.134822498877154,1.3253703534278e-20,provável cumprimento
1505205,Oeiras do Pará,PA,Norte,373,0.5206256465380185,0.3136729222520107,0.025851163083970757,-0.20695272428600775,-8.005547897933097,0.47937435346198154,-0.03835117000600896,-0.1686015542799988,25.53,0.25530002,26.532563132691312,5.140816019092738e-25,provável cumprimento
3170107,Uberaba,MG,Sudeste,2858,0.6081232475887378,0.6154653603918825,0.009114674195727672,0.007342112803144674,0.8055266316141226,0.3918767524112622,0.06756418903215056,-0.06022207622900588,51.32,0.5132,9.492326256142459,1.0664243095506334e-25,provável cumprimento
2918407,Juazeiro,BA,Nordeste,2494,0.4899987603341649,0.29310344827586204,0.010003315324014782,-0.19689531205830285,-19.683005651698267,0.5100012396658351,-0.11217652645487203,-0.08471878560343082,38.21,0.3821,10.789877425780992,1.9977369845983915e-27,provável cumprimento
3301009,Campos dos Goytacazes,RJ,Sudeste,3954,0.5501250950499477,0.39580171977744055,0.007910610767363338,-0.1543233752725071,-19.508402045161446,0.44987490495005233,-0.013487646671521136,-0.14083572860098598,45.1,0.45099998,9.91251198454799,2.5371519711038306e-36,provável cumprimento
2207702,Parnaíba,PI,Nordeste,1474,0.5561298381297366,0.38738127544097695,0.012939206347305866,-0.16874856268875965,-13.041647080919734,0.4438701618702634,0.039222924566388706,-0.20797148725514836,38.04,0.3804,17.572983612702053,2.58887022161589e-42,provável cumprimento
2914307,Iramaia,BA,Nordeste,33,0.3811585299858242,0.36363636363636365,0.08447943983437672,-0.017522166349460577,-0.2074133822834652,0.6188414700141758,-0.11217652645487203,0.09465436010541145,,,,,
2928307,Santanópolis,BA,Nordeste,61,0.4109640754545971,0.22950819672131148,0.0629341587647527,-0.18145587873328564,-2.8832653410299174,0.5890359245454029,-0.11217652645487203,-0.06927935227841361,,,,,
2904852,Cabaceiras do Paraguaçu,BA,Nordeste,119,0.4360682835740601,0.3277310924369748,0.04544076655569863,-0.10833719113708529,-2.384140923421525,0.5639317164259399,-0.11217652645487203,0.0038393353177867406,,,,,
2414456,Triunfo Potiguar,RN,Nordeste,37,0.44971090013911796,0.10810810810810811,0.0817574770036016,-0.34160279203100985,-4.178245275547844,0.550289099860882,-0.09364469258257188,-0.24795809944843797,,,,,
4304358,Candiota,RS,Sul,96,0.4864332319691718,0.3854166666666667,0.050995565965447076,-0.10101656530250513,-1.9808891888943962,0.5135667680308282,-0.0742131756906475,-0.02680338961185763,,,,,
2406205,Lagoa d'Anta,RN,Nordeste,45,0.49636095597841384,0.28888888888888886,0.07443211567277004,-0.20747206708952498,-2.787399836941969,0.5036390440215861,-0.09364469258257188,-0.1138273745069531,,,,,
1200435,Santa Rosa do Purus,AC,Norte,58,0.49972404532986087,0.15517241379310345,0.06560546135194802,-0.3445516315367574,-5.2518742256589075,0.5002759546701392,-0.13269691024315983,-0.21185472129359756,,,,,
2412609,São Paulo do Potengi,RN,Nordeste,114,0.5055493635198952,0.35964912280701755,0.04681166653336894,-0.14590024071287766,-3.116749552355181,0.4944506364801048,-0.09364469258257188,-0.05225554813030578,,,,,
1300839,Caapiranga,AM,Norte,123,0.5064990637423431,0.3089430894308943,0.04470734380942122,-0.19755597431144878,-4.41887075988213,0.4935009362576569,-0.068715107700409,-0.12884086661103977,,,,,
1304401,Urucurituba,AM,Norte,257,0.512294874237374,0.44357976653696496,0.031049841279957885,-0.068715107700409,-2.2130582594882178,0.48770512576262603,-0.068715107700409,0.0,,,,,
1503754,Jacareacanga,PA,Norte,187,0.5167429246877849,0.2620320855614973,0.036508683279010495,-0.2547108391262876,-6.976719406167286,0.48325707531221507,-0.03835117000600896,-0.21635966912027865,,,,,
1301803,Ipixuna,AM,Norte,248,0.5210053123782772,0.6451612903225806,0.031467736969676946,0.12415597794430344,3.9455006905626253,0.4789946876217228,-0.068715107700409,0.19287108564471245,,,,,
1200351,Marechal Thaumaturgo,AC,Norte,136,0.5229591711398178,0.625,0.04281091646237744,0.10204082886018218,2.3835235797826573,0.4770408288601822,-0.13269691024315983,0.234737739103342,,,,,
4300406,Alegrete,RS,Sul,501,0.5254032199176373,0.45109780439121755,0.02230287083599566,-0.07430541552641973,-3.3316525066582323,0.4745967800823627,-0.0742131756906475,-9.223983577222317e-05,,,,,
2414506,Umarizal,RN,Nordeste,30,0.5258061777022197,0.4666666666666667,0.09075111040797969,-0.05913951103555304,-0.6516670789997622,0.4741938222977803,-0.09364469258257188,0.03450518154701884,,,,,
1200393,Porto Walter,AC,Norte,87,0.5417199376230235,0.40229885057471265,0.05339211912343366,-0.13942108704831085,-2.6112671558510834,0.4582800623769765,-0.13269691024315983,-0.0067241768051510276,,,,,
4311205,Júlio de Castilhos,RS,Sul,132,0.5423861499556101,0.4166666666666667,0.04334092211864566,-0.1257194832889434,-2.900710855777056,0.4576138500443899,-0.0742131756906475,-0.051506307598295886,,,,,
1200344,Manoel Urbano,AC,Norte,189,0.5453599606484287,0.43386243386243384,0.03617332157271795,-0.1114975267859949,-3.082313758825143,0.45464003935157127,-0.13269691024315983,0.021199383457164933,,,,,
1200336,Mâncio Lima,AC,Norte,215,0.5486014609381976,0.386046511627907,0.033925487346785334,-0.16255494931029063,-4.791528789215575,0.4513985390618024,-0.13269691024315983,-0.029858039067130804,,,,,
1301407,Eirunepé,AM,Norte,415,0.5541140915890287,0.43373493975903615,0.02406136854794218,-0.12037915182999254,-5.003005194411014,0.4458859084109713,-0.068715107700409,-0.05166404412958353,,,,,
3551009,São Vicente,SP,Sudeste,3048,0.5636042288468658,0.4868766404199475,0.008980618563396001,-0.07672758842691829,-8.543686371410026,0.4363957711531342,-0.023316330966331233,-0.05341125746058706,,,,,
1200500,Sena Madureira,AC,Norte,482,0.5645317908786258,0.6556016597510373,0.02256910607979972,0.09106986887241153,4.035156224194577,0.4354682091213742,-0.13269691024315983,0.22376677911557136,,,,,
3527207,Lorena,SP,Sudeste,656,0.5654495722748709,0.4801829268292683,0.01935249790991009,-0.08526664544560264,-4.405976212607625,0.4345504277251291,-0.023316330966331233,-0.06195031447927141,,,,,
3529708,Miguelópolis,SP,Sudeste,155,0.5763073084364125,0.3096774193548387,0.03968396040846813,-0.2666298890815738,-6.7188326552376525,0.42369269156358746,-0.023316330966331233,-0.24331355811524258,,,,,
1300300,Autazes,AM,Norte,277,0.5773061510290317,0.4151624548736462,0.029554266488063512,-0.16214369615538549,-5.486304193029886,0.4226938489709683,-0.068715107700409,-0.09342858845497648,,,,,
3516309,Francisco Morato,SP,Sudeste,2160,0.5773206181578325,0.5097222222222222,0.010628065433355764,-0.06759839593561034,-6.360366932203433,0.42267938184216747,-0.023316330966331233,-0.04428206496927911,,,,,
3521002,Iperó,SP,Sudeste,380,0.5773649244114943,0.4421052631578947,0.025334078321715924,-0.13525966125359962,-5.339040147265094,0.42263507558850566,-0.023316330966331233,-0.11194333028726838,,,,,
4211306,Navegantes,SC,Sul,821,0.5796865754379034,0.5286236297198539,0.017226506420972752,-0.05106294571804948,-2.9642078591096035,0.42031342456209664,0.05230326180180411,-0.10336620751985359,,,,,
3551405,Serra Azul,SP,Sudeste,91,0.5814975254889823,0.46153846153846156,0.05168556845166792,-0.1199590639505207,-2.3209392397937254,0.41850247451101774,-0.023316330966331233,-0.09664273298418946,,,,,
3550605,São Roque,SP,Sudeste,725,0.5826143665559322,0.5158620689655172,0.018311126185313702,-0.06675229759041501,-3.6454501440743265,0.41738563344406776,-0.023316330966331233,-0.04343596662408378,,,,,
3501152,Alumínio,SP,Sudeste,189,0.5836589365810319,0.5396825396825397,0.03581148851084294,-0.0439763968984922,-1.2279969006364284,0.41634106341896815,-0.023316330966331233,-0.020660065932160965,,,,,
3556503,Várzea Paulista,SP,Sudeste,1188,0.5836741996705588,0.531986531986532,0.014298272052828033,-0.05168766768402677,-3.6149590309273454,0.4163258003294412,-0.023316330966331233,-0.02837133671769554,,,,,
3554003,Tatuí,SP,Sudeste,1236,0.5851671875290293,0.5396440129449838,0.014012445108893838,-0.045523174584045534,-3.2487673800164627,0.4148328124709707,-0.023316330966331233,-0.0222068436177143,,,,,
3524402,Jacareí,SP,Sudeste,2047,0.5856417979717001,0.5192965315095261,0.010885015804578483,-0.06634526646217398,-6.095100609249245,0.41435820202829987,-0.023316330966331233,-0.043028935495842746,,,,,
3509007,Caieiras,SP,Sudeste,1025,0.5857167003984691,0.5248780487804878,0.015379177848353147,-0.0608386516179813,-3.9559105316215653,0.4142832996015309,-0.023316330966331233,-0.037522320651650065,,,,,
3506102,Bebedouro,SP,Sudeste,567,0.5858752795150963,0.5537918871252204,0.020680413740478975,-0.0320833923898759,-1.5513902571048281,0.4141247204849037,-0.023316330966331233,-0.008767061423544664,,,,,
3516408,Franco da Rocha,SP,Sudeste,1792,0.5862987762780408,0.4838169642857143,0.011629069029550727,-0.10248181199232653,-8.812555135059318,0.41370122372195917,-0.023316330966331233,-0.0791654810259953,,,,,
3536703,Pederneiras,SP,Sudeste,400,0.5866014198631746,0.465,0.024619813552069526,-0.12160141986317458,-4.939168999228787,0.4133985801368254,-0.023316330966331233,-0.09828508889684334,,,,,
4201950,Balneário Arroio do Silva,SC,Sul,119,0.5867292456801227,0.5126050420168067,0.045123968978331486,-0.07412420366331607,-1.642679164567959,0.41327075431987725,0.05230326180180411,-0.12642746546512018,,,,,
1301506,Envira,AM,Norte,234,0.5873563778692914,0.45726495726495725,0.03171695093370899,-0.13009142060433415,-4.1016370355472,0.4126436221307086,-0.068715107700409,-0.061376312903925145,,,,,
3541059,Pratânia,SP,Sudeste,82,0.5882068203133536,0.573170731707317,0.0543437219102043,-0.015036088606036557,-0.2766849247256504,0.4117931796866464,-0.023316330966331233,0.008280242360294676,,,,,
3500709,Agudos,SP,Sudeste,330,0.5892840291283176,0.6515151515151515,0.02707383984150865,0.062231122386833926,2.2985702342607266,0.41071597087168243,-0.023316330966331233,0.08554745335316516,,,,,
3510807,Casa Branca,SP,Sudeste,217,0.5894059266664331,0.6221198156682027,0.03338680291856835,0.032713889001769636,0.9798449130202741,0.4105940733335669,-0.023316330966331233,0.05603021996810087,,,,,
3510302,Capela do Alto,SP,Sudeste,284,0.5895563707717505,0.4753521126760563,0.029183112322108684,-0.11420425809569418,-3.9133680066459107,0.4104436292282495,-0.023316330966331233,-0.09088792712936294,,,,,
3537008,Pedregulho,SP,Sudeste,170,0.5899732602550782,0.5176470588235295,0.037710570203303706,-0.07232620143154878,-1.9179291387435053,0.41002673974492176,-0.023316330966331233,-0.04900987046521754,,,,,
3523206,Itararé,SP,Sudeste,486,0.5902472330963009,0.5329218106995884,0.022300389398963075,-0.057325422396712455,-2.570601856816813,0.4097527669036991,-0.023316330966331233,-0.03400909143038122,,,,,
4213500,Porto Belo,SC,Sul,255,0.5907437498751734,0.6274509803921569,0.03078287953495345,0.036707230516983436,1.192456036327043,0.4092562501248266,0.05230326180180411,-0.015596031284820677,,,,,
3522109,Itanhaém,SP,Sudeste,1291,0.5909797793145576,0.48412083656080557,0.013680092139754487,-0.10685894275375202,-7.811273612932682,0.4090202206854424,-0.023316330966331233,-0.08354261178742078,,,,,
3556206,Valinhos,SP,Sudeste,829,0.5914377244644601,0.48492159227985526,0.017067336271050074,-0.10651613218460482,-6.240934759414064,0.4085622755355399,-0.023316330966331233,-0.08319980121827358,,,,,
4207205,Imaruí,SC,Sul,111,0.5926615955426232,0.45045045045045046,0.04661795430007493,-0.14221114509217275,-3.050565972431445,0.4073384044573768,0.05230326180180411,-0.19451440689397687,,,,,
3557303,Estiva Gerbi,SP,Sudeste,84,0.5930900765166223,0.5238095238095238,0.05355421832458766,-0.06928055270709843,-1.2936525800301064,0.40690992348337773,-0.023316330966331233,-0.0459642217407672,,,,,
3511607,Cesário Lange,SP,Sudeste,264,0.5936712785502468,0.5113636363636364,0.030224796121440047,-0.08230764218661046,-2.723182709187087,0.4063287214497532,-0.023316330966331233,-0.05899131122027923,,,,,
3513504,Cubatão,SP,Sudeste,1093,0.5937295763054834,0.45105215004574567,0.014827376699797308,-0.14267742625973773,-9.622567035859293,0.4062704236945166,-0.023316330966331233,-0.1193610952934065,,,,,
3524303,Jaboticabal,SP,Sudeste,449,0.5937757073126657,0.5835189309576837,0.023168889447898747,-0.010256776354982011,-0.4426960721637967,0.4062242926873343,-0.023316330966331233,0.013059554611349222,,,,,
3514809,Eldorado,SP,Sudeste,85,0.5937842539798057,0.7529411764705882,0.0532564446072046,0.1591569224907825,2.988500709438113,0.4062157460201943,-0.023316330966331233,0.18247325345711374,,,,,
3512803,Cosmópolis,SP,Sudeste,529,0.5948577526951976,0.5954631379962193,0.021335019833752463,0.0006053853010217214,0.02837519279283672,0.4051422473048024,-0.023316330966331233,0.023921716267352955,,,,,
3510153,Canitar,SP,Sudeste,87,0.5973856681738441,0.7931034482758621,0.05255941270911137,0.195717780102018,3.7237436648162854,0.4026143318261559,-0.023316330966331233,0.21903411106834925,,,,,
4309407,Guaporé,RS,Sul,240,0.5978286027924661,0.49583333333333335,0.031629802451588515,-0.10199526945913273,-3.22465717625784,0.4021713972075339,-0.0742131756906475,-0.027782093768485228,,,,,
3508603,Cachoeira Paulista,SP,Sudeste,229,0.5979790888639092,0.4148471615720524,0.03239237039088482,-0.18313192729185673,-5.6535512863668,0.40202091113609084,-0.023316330966331233,-0.1598155963255255,,,,,
3536505,Paulínia,SP,Sudeste,1040,0.5991621478893367,0.6192307692307693,0.015189831368538229,0.020068621341432502,1.321187895673379,0.40083785211066325,-0.023316330966331233,0.043384952307763736,,,,,
3507308,Boracéia,SP,Sudeste,66,0.599222623579219,0.6666666666666666,0.060276113729446176,0.06744404308744767,1.1189182399876554,0.40077737642078104,-0.023316330966331233,0.0907603740537789,,,,,
3530706,Mogi Guaçu,SP,Sudeste,1351,0.5996462630570348,0.6365655070318282,0.01332799196589331,0.0369192439747934,2.7700529884224676,0.40035373694296517,-0.023316330966331233,0.06023557494112464,,,,,
3127073,Fruta de Leite,MG,Sudeste,40,0.6002111161403845,0.675,0.07742237164725406,0.07478888385961557,0.9659854415253903,0.39978888385961553,0.06756418903215056,0.007224694827465017,,,,,
3518404,Guaratinguetá,SP,Sudeste,904,0.6002819231317532,0.5597345132743363,0.01628916397140337,-0.040547409857416894,-2.4892259620322057,0.3997180768682468,-0.023316330966331233,-0.01723107889108566,,,,,
3543907,Rio Claro,SP,Sudeste,1648,0.6005974792376112,0.5449029126213593,0.012047012672478407,-0.05569456661625194,-4.623101853581267,0.3994025207623888,-0.023316330966331233,-0.032378235649920706,,,,,
3539400,Piratininga,SP,Sudeste,102,0.6009790905566357,0.4411764705882353,0.048448976717232,-0.1598026199684004,-3.298369352588677,0.3990209094433643,-0.023316330966331233,-0.13648628900206916,,,,,
3506003,Bauru,SP,Sudeste,2786,0.6016000838644993,0.5997846374730796,0.009258130366867786,-0.0018154463914196173,-0.19609211789851042,0.39839991613550074,-0.023316330966331233,0.021500884574911616,,,,,
3556453,Vargem Grande Paulista,SP,Sudeste,545,0.6030724786365261,0.6440366972477064,0.020952253234992207,0.04096421861118027,1.9551223513643976,0.39692752136347387,-0.023316330966331233,0.0642805495775115,,,,,
3529906,Miracatu,SP,Sudeste,230,0.6037663056535889,0.6478260869565218,0.03224737173266159,0.044059781302932866,1.3663061184706453,0.3962336943464111,-0.023316330966331233,0.0673761122692641,,,,,
3535804,Paranapanema,SP,Sudeste,212,0.6039112644180367,0.4339622641509434,0.033574369405709896,-0.16994900026709325,-5.061867230131521,0.39608873558196334,-0.023316330966331233,-0.14663266930076202,,,,,
3524105,Ituverava,SP,Sudeste,285,0.6039583222008071,0.5017543859649123,0.028963884659794253,-0.10220393623589485,-3.528668113285494,0.39604167779919286,-0.023316330966331233,-0.07888760526956362,,,,,
3539509,Pitangueiras,SP,Sudeste,339,0.6041645373606698,0.672566371681416,0.026555282681582183,0.0684018343207462,2.5758277605603244,0.3958354626393302,-0.023316330966331233,0.09171816528707744,,,,,
3549102,São João da Boa Vista,SP,Sudeste,627,0.6042704950295285,0.6172248803827751,0.01952211168371515,0.012954385353246667,0.6635750047497622,0.39572950497047155,-0.023316330966331233,0.0362707163195779,,,,,
3530904,Mombuca,SP,Sudeste,56,0.605127845402077,0.75,0.06525280716854935,0.14487215459792302,2.220167390250587,0.394872154597923,-0.023316330966331233,0.16818848556425425,,,,,
3526803,Lençóis Paulista,SP,Sudeste,607,0.6056253082561449,0.6359143327841845,0.019833546373141296,0.03028902452803961,1.5271613032885123,0.3943746917438551,-0.023316330966331233,0.05360535549437084,,,,,
3551900,Severínia,SP,Sudeste,161,0.605705940946455,0.6086956521739131,0.03850715326171102,0.0029897112274580584,0.07764041156557866,0.394294059053545,-0.023316330966331233,0.026306042193789292,,,,,
3551801,Sete Barras,SP,Sudeste,143,0.6058618212582979,0.5244755244755245,0.04085590447891835,-0.08138629678277343,-1.992032677302953,0.3941381787417021,-0.023316330966331233,-0.05806996581644219,,,,,
3526605,Lavrinhas,SP,Sudeste,83,0.6061391906425201,0.4578313253012048,0.05356716031485546,-0.1483078653413153,-2.768634074862206,0.3938608093574799,-0.023316330966331233,-0.12499153437498406,,,,,
3552403,Sumaré,SP,Sudeste,2702,0.6062070858175577,0.5810510732790526,0.009351085962863182,-0.02515601253850508,-2.6901701725777563,0.39379291418244233,-0.023316330966331233,-0.0018396815721738458,,,,,
3532157,Nantes,SP,Sudeste,40,0.6062657761583405,0.375,0.0772310263996053,-0.23126577615834054,-2.994467210130493,0.39373422384165946,-0.023316330966331233,-0.2079494451920093,,,,,
3540705,Porto Ferreira,SP,Sudeste,460,0.6062730751466131,0.5043478260869565,0.022769603740074668,-0.10192524905965661,-4.476373424113105,0.3937269248533869,-0.023316330966331233,-0.07860891809332538,,,,,
3514106,Dois Córregos,SP,Sudeste,249,0.6067585938412229,0.5742971887550201,0.030945035144206486,-0.032461405086202766,-1.0490020429749027,0.3932414061587771,-0.023316330966331233,-0.009145074119871532,,,,,
3511102,Catanduva,SP,Sudeste,741,0.6078526744202187,0.7058029689608637,0.01793055876149292,0.09795029454064497,5.462757510435191,0.39214732557978127,-0.023316330966331233,0.1212666255069762,,,,,
3532827,Nova Campina,SP,Sudeste,109,0.6085887946403434,0.6146788990825688,0.04673916704429131,0.0060901044422253525,0.13029980693610144,0.39141120535965657,-0.023316330966331233,0.029406435408556586,,,,,
3508405,Cabreúva,SP,Sudeste,668,0.6096687755308077,0.6452095808383234,0.01887329140281686,0.03554080530751569,1.8831270364538102,0.39033122446919233,-0.023316330966331233,0.05885713627384692,,,,,
3552007,Silveiras,SP,Sudeste,70,0.6096901702546177,0.4714285714285714,0.058286205966380615,-0.13826159882604627,-2.3721152635289955,0.3903098297453823,-0.023316330966331233,-0.11494526785971504,,,,,
3549508,São José da Bela Vista,SP,Sudeste,81,0.6098465148115231,0.5061728395061729,0.05419289545563568,-0.10367367530535021,-1.913049200152469,0.3901534851884769,-0.023316330966331233,-0.08035734433901898,,,,,
3512209,Conchal,SP,Sudeste,337,0.6098932177375116,0.5548961424332344,0.026567705860892965,-0.05499707530427722,-2.070072425230799,0.3901067822624884,-0.023316330966331233,-0.03168074433794599,,,,,
3547809,Santo André,SP,Sudeste,4506,0.6099513750487476,0.6096316023080337,0.007208711619615696,-0.0003197727407139306,-0.04435920835614978,0.39004862495125237,-0.023316330966331233,0.022996558225617303,,,,,
3538600,Piracaia,SP,Sudeste,277,0.6102569676980091,0.5740072202166066,0.029282739146862097,-0.03624974748140253,-1.2379220160927809,0.3897430323019909,-0.023316330966331233,-0.012933416515071294,,,,,
3519600,Ibitinga,SP,Sudeste,511,0.6103241449416749,0.49510763209393344,0.021572323911713865,-0.11521651284774143,-5.340941166991209,0.38967585505832514,-0.023316330966331233,-0.09190018188141019,,,,,
3552205,Sorocaba,SP,Sudeste,6334,0.6104086327986585,0.5509946321439848,0.006054301923052488,-0.059414000654673726,-9.81351795959295,0.38959136720134147,-0.023316330966331233,-0.03609766968834249,,,,,
3507159,Bom Sucesso de Itararé,SP,Sudeste,54,0.610552775194192,0.5555555555555556,0.0663165328870145,-0.05499721963863646,-0.8293138565059923,0.38944722480580796,-0.023316330966331233,-0.03168088867230523,,,,,
3519303,Ibaté,SP,Sudeste,394,0.6124222064088137,0.6928934010152284,0.024535250207116853,0.08047119460641472,3.2798196035136713,0.38757779359118627,-0.023316330966331233,0.10378752557274595,,,,,
3553500,Tapiraí,SP,Sudeste,103,0.6131265596015029,0.5728155339805825,0.047967696186303706,-0.04031102562092037,-0.8403786053087628,0.38687344039849714,-0.023316330966331233,-0.016994694654589138,,,,,
3508306,Cabrália Paulista,SP,Sudeste,49,0.6147068954701643,0.7755102040816326,0.0695107527935186,0.1608033086114683,2.3133587560061946,0.3852931045298357,-0.023316330966331233,0.18411963957779953,,,,,
3520103,Igarapava,SP,Sudeste,209,0.6152990837144693,0.5598086124401914,0.033633199782513785,-0.055490471274277864,-1.649871901368358,0.3847009162855307,-0.023316330966331233,-0.03217414030794663,,,,,
3522901,Itapuí,SP,Sudeste,147,0.6155288529609654,0.5306122448979592,0.04011128033518176,-0.08491660806300616,-2.1170256185645977,0.3844711470390346,-0.023316330966331233,-0.06160027709667493,,,,,
4211108,Monte Castelo,SC,Sul,108,0.6165153627424729,0.5462962962962963,0.04677646239793175,-0.07021906644617659,-1.5011623976352981,0.38348463725752713,0.05230326180180411,-0.1225223282479807,,,,,
3521309,Ipuã,SP,Sudeste,143,0.6168125812380653,0.6433566433566433,0.04064617184142542,0.02654406211857807,0.6530519583033677,0.38318741876193474,-0.023316330966331233,0.049860393084909305,,,,,
4218251,Timbó Grande,SC,Sul,81,0.6179893429311448,0.4444444444444444,0.053975673002689704,-0.1735448984867004,-3.215242883179101,0.3820106570688552,0.05230326180180411,-0.22584816028850452,,,,,
3546603,Santa Fé do Sul,SP,Sudeste,338,0.6181025788570915,0.5414201183431953,0.026421501325567847,-0.07668246051389627,-2.902274915002326,0.3818974211429085,-0.023316330966331233,-0.05336612954756503,,,,,
3555604,Uchoa,SP,Sudeste,98,0.6181711797118274,0.8775510204081632,0.04902696614112955,0.2593798406963358,5.290554588870179,0.38182882028817255,-0.023316330966331233,0.28269617166266703,,,,,
1200450,Senador Guiomard,AC,Norte,280,0.6184111959574455,0.4857142857142857,0.02896228475229126,-0.13269691024315983,-4.581714163025827,0.38158880404255446,-0.13269691024315983,0.0,,,,,
3507100,Bom Jesus dos Perdões,SP,Sudeste,292,0.618433376232184,0.5376712328767124,0.02842202804046438,-0.0807621433554716,-2.8415334486508392,0.381566623767816,-0.023316330966331233,-0.05744581238914037,,,,,
3505203,Bariri,SP,Sudeste,259,0.6185350205983825,0.7297297297297297,0.03016959008805215,0.11119470913134721,3.6856552842387766,0.3814649794016175,-0.023316330966331233,0.13451104009767845,,,,,
3545100,Salmourão,SP,Sudeste,54,0.618765251844533,0.6296296296296297,0.06608657141316729,0.010864377785096635,0.16439614815502418,0.381234748155467,-0.023316330966331233,0.03418070875142787,,,,,
3527009,Lindóia,SP,Sudeste,77,0.6192967089356803,0.6103896103896104,0.055321048081247604,-0.00890709854606997,-0.16100740775895103,0.38070329106431966,-0.023316330966331233,0.014409232420261264,,,,,
3535606,Paraibuna,SP,Sudeste,183,0.6205913715028586,0.5846994535519126,0.03586347462845294,-0.03589191795094604,-1.0007931000213384,0.3794086284971414,-0.023316330966331233,-0.012575586984614806,,,,,
3533205,Nova Independência,SP,Sudeste,45,0.6210866354394522,0.8888888888888888,0.07222842309505889,0.26780225344943664,3.7077128639093444,0.3789133645605478,-0.023316330966331233,0.2911185844157679,,,,,
3543204,Ribeirão do Sul,SP,Sudeste,46,0.6211177487415204,0.5869565217391305,0.07147278426271964,-0.03416122700238988,-0.4779613296834786,0.37888225125847963,-0.023316330966331233,-0.010844896036058649,,,,,
3509452,Campina do Monte Alegre,SP,Sudeste,65,0.6213499478418609,0.4307692307692308,0.06015301682032501,-0.19058071707263013,-3.168265319790829,0.37865005215813907,-0.023316330966331233,-0.1672643861062989,,,,,
3509700,Campos do Jordão,SP,Sudeste,442,0.6215146757087213,0.5701357466063348,0.023062048702368502,-0.051378929102386506,-2.2278562397238293,0.3784853242912787,-0.023316330966331233,-0.028062598136055272,,,,,
4205175,Entre Rios,SC,Sul,32,0.6215432349107197,0.65625,0.08569629512520024,0.03470676508928028,0.40499726433417593,0.3784567650892803,0.05230326180180411,-0.017596496712523835,,,,,
3501707,Américo Brasiliense,SP,Sudeste,359,0.6218278955937728,0.7075208913649025,0.02558567038951272,0.08569299577112965,3.349257395508943,0.37817210440622717,-0.023316330966331233,0.10900932673746089,,,,,
3529203,Martinópolis,SP,Sudeste,193,0.6219727516819198,0.6321243523316062,0.034890529916068745,0.010151600649686454,0.29095576003307305,0.3780272483180802,-0.023316330966331233,0.03346793161601769,,,,,
3540754,Potim,SP,Sudeste,197,0.6224953933902985,0.4720812182741117,0.03451344366857553,-0.15041417511618677,-4.358132922364359,0.37750460660970153,-0.023316330966331233,-0.12709784414985553,,,,,
3556404,Vargem Grande do Sul,SP,Sudeste,370,0.6225296738233236,0.6189189189189189,0.025196700635233212,-0.003610754904404656,-0.1433026869936948,0.3774703261766764,-0.023316330966331233,0.019705576061926577,,,,,
3526902,Limeira,SP,Sudeste,2425,0.6231663421306934,0.6321649484536083,0.009807427589270138,0.008998606322914826,0.9175297233659714,0.37683365786930656,-0.023316330966331233,0.03231493728924606,,,,,
3514403,Dracena,SP,Sudeste,327,0.6232510356516829,0.6269113149847095,0.02676181555373394,0.003660279333026595,0.13677245946476507,0.37674896434831706,-0.023316330966331233,0.02697661029935783,,,,,
4216305,São João Batista,SC,Sul,277,0.6236819272599213,0.6967509025270758,0.029089836049506664,0.0730689752671545,2.5118386759829705,0.37631807274007867,0.05230326180180411,0.02076571346535039,,,,,
3533502,Novo Horizonte,SP,Sudeste,357,0.623973967524653,0.7535014005602241,0.025633517624820003,0.12952743303557113,5.053049485106735,0.37602603247534705,-0.023316330966331233,0.15284376400190236,,,,,
3513702,Descalvado,SP,Sudeste,233,0.6242009578133224,0.8068669527896996,0.031716098043215867,0.18266599497637714,5.759409455963948,0.3757990421866776,-0.023316330966331233,0.20598232594270838,,,,,
2512077,Poço de José de Moura,PB,Nordeste,41,0.6242310785717455,0.5853658536585366,0.0755888268199886,-0.038865224913208984,-0.5141662670035185,0.37576892142825447,-0.03568338079084338,-0.003181844122365607,,,,,
3502804,Araçatuba,SP,Sudeste,1479,0.6245500107187876,0.7417173766058147,0.012589235242147613,0.11716736588702714,9.306948645677974,0.3754499892812124,-0.023316330966331233,0.14048369685335838,,,,,
3524709,Jaguariúna,SP,Sudeste,546,0.6257105618012035,0.7032967032967034,0.02070646049249722,0.0775861414954998,3.7469533493477734,0.37428943819879645,-0.023316330966331233,0.10090247246183104,,,,,
3538105,Pindorama,SP,Sudeste,113,0.6258610347903392,0.6283185840707964,0.04548426377581001,0.002457549280457272,0.054030758694269015,0.37413896520966083,-0.023316330966331233,0.025773880246788505,,,,,
4200705,Alfredo Wagner,SC,Sul,114,0.6268913449007559,0.4824561403508772,0.045269460129084546,-0.14443520454987874,-3.1905660933005597,0.37310865509924407,0.05230326180180411,-0.19673846635168285,,,,,
3504107,Atibaia,SP,Sudeste,1697,0.6292248216327114,0.6535061873895109,0.01172425123523169,0.02428136575679951,2.0710376526079,0.37077517836728857,-0.023316330966331233,0.047597696723130745,,,,,
3538808,Piraju,SP,Sudeste,281,0.6292694856605047,0.7153024911032029,0.028805818285037327,0.08603300544269821,2.986653758327238,0.37073051433949533,-0.023316330966331233,0.10934933640902944,,,,,
3540002,Pompéia,SP,Sudeste,170,0.6296686850552554,0.6058823529411764,0.037003475223063735,-0.02378633211407899,-0.6428134647000212,0.3703313149447446,-0.023316330966331233,-0.00047000114774775614,,,,,
3546900,Santa Lúcia,SP,Sudeste,93,0.6308175614022656,0.7096774193548387,0.050026927019034,0.07885985795257311,1.576348231874584,0.36918243859773436,-0.023316330966331233,0.10217618891890434,,,,,
3528809,Maracaí,SP,Sudeste,110,0.6312293152457473,0.9090909090909091,0.045964362288565555,0.27786159384516174,6.04515280992563,0.3687706847542527,-0.023316330966331233,0.30117792481149297,,,,,
4217808,Taió,SC,Sul,176,0.6325649648497148,0.7159090909090909,0.03624923238922574,0.08334412605937613,2.299196991662319,0.3674350351502852,0.05230326180180411,0.03104086425757202,,,,,
3511904,Clementina,SP,Sudeste,66,0.6336503149910971,0.5454545454545454,0.059285492179483694,-0.08819576953655173,-1.487645059427755,0.36634968500890286,-0.023316330966331233,-0.0648794385702205,,,,,
3517208,Guaiçara,SP,Sudeste,126,0.6337579702290596,0.6031746031746031,0.042881785766721844,-0.030583367054456412,-0.7132018060262418,0.36624202977094045,-0.023316330966331233,-0.007267036088125178,,,,,
3501301,Álvares Machado,SP,Sudeste,247,0.6338171299952445,0.7246963562753036,0.03064240443367428,0.09087922628005907,2.9657994520882935,0.36618287000475547,-0.023316330966331233,0.1141955572463903,,,,,
3508702,Caconde,SP,Sudeste,164,0.6356180173832089,0.7073170731707317,0.03755826695701391,0.07169905578752278,1.9090086310314476,0.3643819826167911,-0.023316330966331233,0.09501538675385401,,,,,
3508108,Buritama,SP,Sudeste,161,0.6361993668096466,0.6770186335403726,0.03789743296853942,0.040819266730726,1.0770984611177266,0.3638006331903534,-0.023316330966331233,0.06413559769705723,,,,,
3520442,Ilha Solteira,SP,Sudeste,209,0.6362769306752937,0.8038277511961722,0.03325551884806002,0.16755082052087855,5.038286164963946,0.3637230693247063,-0.023316330966331233,0.19086715148720979,,,,,
4128625,Alto Paraíso,PR,Sul,44,0.6384137777679778,0.7045454545454546,0.07241612988428618,0.06613167677747678,0.9132174956483957,0.3615862222320222,0.07813155795034676,-0.011999881172869986,,,,,
3516853,Gavião Peixoto,SP,Sudeste,61,0.6384299906889689,0.7377049180327869,0.061477701488736845,0.09927492734381804,1.614811955225846,0.3615700093110311,-0.023316330966331233,0.12259125831014928,,,,,
4200309,Agronômica,SC,Sul,53,0.638551148664381,0.7169811320754716,0.06593907888608862,0.07842998341109064,1.1894309829013592,0.361448851335619,0.05230326180180411,0.02612672160928653,,,,,
3541653,Quadra,SP,Sudeste,59,0.6397179642511377,0.6610169491525424,0.06243036857347449,0.021298984901404694,0.341163850031381,0.3602820357488623,-0.023316330966331233,0.04461531586773593,,,,,
3536802,Pedra Bela,SP,Sudeste,41,0.6417188224649062,0.4878048780487805,0.07485622170068619,-0.15391394441612571,-2.0561276126325625,0.3582811775350938,-0.023316330966331233,-0.13059761344979448,,,,,
3514601,Dumont,SP,Sudeste,87,0.6418607178224454,0.6436781609195402,0.051371569679926815,0.0018174430970948618,0.03537838357711345,0.35813928217755464,-0.023316330966331233,0.025133774063426095,,,,,
4205159,Doutor Pedrinho,SC,Sul,38,0.6422326889046599,0.7894736842105263,0.07772721613034687,0.14724099530586643,1.8943299739301924,0.3577673110953401,0.05230326180180411,0.09493773350406232,,,,,
4211504,Nova Trento,SC,Sul,108,0.6430195327807261,0.5462962962962963,0.04599661212239626,-0.09672323648442982,-2.102833926704228,0.3569804672192739,0.05230326180180411,-0.14902649828623393,,,,,
3506300,Bernardino de Campos,SP,Sudeste,92,0.6433048009119362,0.4782608695652174,0.04988014460824198,-0.1650439313467188,-3.3088102017941554,0.3566951990880638,-0.023316330966331233,-0.14172760038038756,,,,,
3517604,Guapiara,SP,Sudeste,144,0.6441020268448463,0.6041666666666666,0.0398865588083296,-0.03993536017817967,-1.0012235041404443,0.3558979731551537,-0.023316330966331233,-0.016619029211848435,,,,,
3514502,Duartina,SP,Sudeste,110,0.6442134166021624,0.7727272727272727,0.045606024022797446,0.12851385612511035,2.8179140558464186,0.35578658339783764,-0.023316330966331233,0.15183018709144158,,,,,
3548054,Santo Antônio do Aracanguá,SP,Sudeste,87,0.6444888347767789,0.632183908045977,0.051295239796580586,-0.012304926730801857,-0.2398843787376567,0.3555111652232211,-0.023316330966331233,0.011011404235529376,,,,,
3544905,Sales Oliveira,SP,Sudeste,95,0.6448199595604535,0.49473684210526314,0.04907003709135618,-0.15008311745519032,-3.0585490933249746,0.35518004043954654,-0.023316330966331233,-0.12676678648885908,,,,,
3552106,Socorro,SP,Sudeste,247,0.6455022621218797,0.611336032388664,0.030408561874965045,-0.0341662297332157,-1.1235726922470575,0.35449773787812033,-0.023316330966331233,-0.01084989876688447,,,,,
3505906,Batatais,SP,Sudeste,475,0.647448644549273,0.5894736842105263,0.021738521129695133,-0.05797496033874672,-2.6669229241888073,0.352551355450727,-0.023316330966331233,-0.034658629372415484,,,,,
3538501,Piquete,SP,Sudeste,87,0.6484418534641481,0.7011494252873564,0.05116257000551634,0.05270757182320829,1.0301978930598163,0.35155814653585193,-0.023316330966331233,0.07602390278953952,,,,,
3537503,Pereiras,SP,Sudeste,98,0.6486945598406884,0.673469387755102,0.04820554366223708,0.024774827914413655,0.5139414688070738,0.35130544015931164,-0.023316330966331233,0.04809115888074489,,,,,
3528007,Macatuba,SP,Sudeste,182,0.6492199561922098,0.6263736263736264,0.03537115754733422,-0.022846329818583477,-0.6459028033790009,0.35078004380779015,-0.023316330966331233,0.00047000114774775614,,,,,
3501905,Amparo,SP,Sudeste,481,0.6497614637764476,0.6257796257796258,0.021509170009524518,-0.023981837996821853,-1.1149587820544637,0.3502385362235524,-0.023316330966331233,-0.0006655070304906197,,,,,
3507407,Borborema,SP,Sudeste,118,0.6517133374710781,0.8559322033898306,0.04376015090768572,0.2042188659187525,4.666777003341753,0.34828666252892193,-0.023316330966331233,0.22753519688508372,,,,,
3553104,Taiaçu,SP,Sudeste,46,0.6526336270220644,0.391304347826087,0.07019065865946315,-0.2613292791959774,-3.72313473312513,0.3473663729779356,-0.023316330966331233,-0.2380129482296462,,,,,
3507704,Braúna,SP,Sudeste,54,0.6528916040533969,0.7407407407407407,0.0647685361818232,0.08784913668734384,1.356355135782705,0.34710839594660314,-0.023316330966331233,0.11116546765367508,,,,,
3527405,Lucélia,SP,Sudeste,152,0.6539223598179347,0.6842105263157895,0.03857839974171992,0.030288166497854818,0.7851068655162547,0.3460776401820653,-0.023316330966331233,0.05360449746418605,,,,,
3555505,Ubirajara,SP,Sudeste,66,0.6541253227050301,0.5606060606060606,0.058539031737369976,-0.09351926209896955,-1.5975539622612,0.3458746772949699,-0.023316330966331233,-0.07020293113263831,,,,,
3556909,Vista Alegre do Alto,SP,Sudeste,87,0.654552577551449,0.5287356321839081,0.05095240307400044,-0.12581694536754096,-2.469303463171529,0.345447422448551,-0.023316330966331233,-0.10250061440120972,,,,,
3515202,Estrela d'Oeste,SP,Sudeste,79,0.6552626373540151,0.5949367088607594,0.05346752540045471,-0.06032592849325569,-1.1282723118647016,0.34473736264598487,-0.023316330966331233,-0.037009597526924454,,,,,
3510005,Cândido Mota,SP,Sudeste,268,0.6555629001905766,0.6791044776119403,0.028893308845487062,0.023541577421363646,0.8147760973745546,0.3444370998094234,-0.023316330966331233,0.04685790838769488,,,,,
3553203,Taiúva,SP,Sudeste,61,0.656104281596884,0.5737704918032787,0.060758553631889416,-0.0823337897936054,-1.355097922383592,0.34389571840311595,-0.023316330966331233,-0.05901745882727416,,,,,
3542305,Redenção da Serra,SP,Sudeste,51,0.6568776608217138,0.8431372549019608,0.06645013718329214,0.18625959408024695,2.802997886467555,0.34312233917828616,-0.023316330966331233,0.20957592504657818,,,,,
3512902,Cosmorama,SP,Sudeste,68,0.6572245612076567,0.5588235294117647,0.0575313473340566,-0.09840103179589199,-1.7103898371182753,0.3427754387923433,-0.023316330966331233,-0.07508470082956076,,,,,
3537404,Pereira Barreto,SP,Sudeste,205,0.6573952016946174,0.8390243902439024,0.03312242698624236,0.181629188549285,5.483571255956757,0.3426047983053826,-0.023316330966331233,0.20494551951561624,,,,,
3523701,Itirapuã,SP,Sudeste,48,0.6578951130874833,0.8125,0.06846726679816227,0.15460488691251673,2.258084689845783,0.3421048869125167,-0.023316330966331233,0.17792121787884796,,,,,
3543105,Ribeirão Corrente,SP,Sudeste,59,0.6592101355402749,0.7457627118644068,0.06168973060710841,0.08655257632413194,1.4030305445061972,0.34078986445972514,-0.023316330966331233,0.10986890729046317,,,,,
3548609,São Bento do Sapucaí,SP,Sudeste,75,0.6611623482064314,0.5866666666666667,0.05463970677077574,-0.07449568153976471,-1.3633982673495793,0.3388376517935686,-0.023316330966331233,-0.05117935057343348,,,,,
3531407,Monte Aprazível,SP,Sudeste,154,0.6629464291226936,0.6818181818181818,0.03808358835012888,0.01887175269548813,0.4955350457521755,0.33705357087730636,-0.023316330966331233,0.042188083661819364,,,,,
3528304,Magda,SP,Sudeste,33,0.664024327620801,0.9393939393939394,0.08211662807011037,0.27536961177313846,3.3533964830853815,0.335975672379199,-0.023316330966331233,0.2986859427394697,,,,,
4212700,Petrolândia,SC,Sul,76,0.6640569887333608,0.6710526315789473,0.05412969855133634,0.006995642845586514,0.1292385332416341,0.33594301126663917,0.05230326180180411,-0.0453076189562176,,,,,
3503307,Araras,SP,Sudeste,1043,0.6641011902632532,0.6529242569511026,0.01437147983125553,-0.011176933312150639,-0.7777162437957645,0.3358988097367468,-0.023316330966331233,0.012139397654180595,,,,,
3555356,Ubarana,SP,Sudeste,69,0.6645851782877124,0.7391304347826086,0.056783214821791134,0.0745452564948963,1.3128044392845613,0.33541482171228765,-0.023316330966331233,0.09786158746122753,,,,,
3525706,José Bonifácio,SP,Sudeste,320,0.6672267974483167,0.59375,0.026043391931800837,-0.0734767974483167,-2.8213221089145573,0.3327732025516833,-0.023316330966331233,-0.050160466481985466,,,,,
3505104,Barbosa,SP,Sudeste,74,0.6702163906760974,0.6486486486486487,0.0546361166587994,-0.02156774202744871,-0.39475247046085815,0.3297836093239026,-0.023316330966331233,0.0017485889388825226,,,,,
3555000,Tupã,SP,Sudeste,536,0.6751584703065107,0.5522388059701493,0.020080172130207012,-0.12291966433636137,-6.121444753526331,0.32484152969348934,-0.023316330966331233,-0.09960333337003013,,,,,
3506409,Bilac,SP,Sudeste,68,0.6774716424776939,0.75,0.05661861016588498,0.07252835752230613,1.2809985499433438,0.32252835752230613,-0.023316330966331233,0.09584468848863736,,,,,
3552908,Taciba,SP,Sudeste,76,0.6811470214256939,0.6710526315789473,0.05340251219342582,-0.010094389846746599,-0.18902462509973977,0.31885297857430606,-0.023316330966331233,0.013221941119584635,,,,,
3529500,Mendonça,SP,Sudeste,65,0.6846283744633328,0.7846153846153846,0.05760328531908666,0.0999870101520518,1.7357865892229143,0.3153716255366672,-0.023316330966331233,0.12330334111838304,,,,,
3540408,Populina,SP,Sudeste,40,0.6848552652458982,0.8,0.07341866466375617,0.11514473475410181,1.5683305502959402,0.31514473475410176,-0.023316330966331233,0.13846106572043304,,,,,
3537156,Pedrinhas Paulista,SP,Sudeste,31,0.6871292232549371,0.6774193548387096,0.08316234304299168,-0.009709868416227452,-0.11675799479588772,0.3128707767450629,-0.023316330966331233,0.013606462550103782,,,,,
3502408,Anhumas,SP,Sudeste,40,0.6873558434374873,0.575,0.07326051873238587,-0.11235584343748739,-1.5336479372731886,0.31264415656251265,-0.023316330966331233,-0.08903951247115616,,,,,
4306304,David Canabarro,RS,Sul,41,0.6892019772596458,0.6097560975609756,0.07221731660675479,-0.07944587969867023,-1.100094595473232,0.3107980227403542,-0.0742131756906475,-0.005232704008022726,,,,,
1300631,Beruri,AM,Norte,227,0.6902931430419329,0.7797356828193832,0.03016175820324378,0.08944253977745031,2.9654285792872352,0.3097068569580671,-0.068715107700409,0.15815764747785932,,,,,
3532702,Nipoã,SP,Sudeste,57,0.6916759057006928,0.8070175438596491,0.061149722817550246,0.11534163815895626,1.8862168599373061,0.3083240942993072,-0.023316330966331233,0.1386579691252875,,,,,
3548906,São Carlos,SP,Sudeste,2048,0.6968364757612814,0.62548828125,0.009958416926355284,-0.07134819451128138,-7.164612110430524,0.3031635242387186,-0.023316330966331233,-0.04803186354495015,,,,,
3136504,Jordânia,MG,Sudeste,86,0.7019439069584541,0.5581395348837209,0.04931388279226565,-0.14380437207473318,-2.916103213379242,0.2980560930415459,0.06756418903215056,-0.21136856110688373,,,,,
3505005,Barão de Antonina,SP,Sudeste,40,0.704755066057235,0.65,0.07211659301070479,-0.05475506605723501,-0.7592575268926989,0.29524493394276496,-0.023316330966331233,-0.03143873509090378,,,,,
3545704,Santa Albertina,SP,Sudeste,65,0.7058612438053758,0.5846153846153846,0.056501493560393225,-0.1212458591899912,-2.1458876845511017,0.29413875619462415,-0.023316330966331233,-0.09792952822365997,,,,,
3112406,Capetinga,MG,Sudeste,67,0.7121669552831548,0.7910447761194029,0.05528340905026413,0.07887782083624817,1.426790101973122,0.28783304471684523,0.06756418903215056,0.011313631804097612,,,,,
3135456,Jenipapo de Minas,MG,Sudeste,44,0.7139201901689458,0.5909090909090909,0.0680816471940321,-0.12301109925985487,-1.806817319053317,0.2860798098310542,0.06756418903215056,-0.19057528829200543,,,,,
3551306,Sebastianópolis do Sul,SP,Sudeste,34,0.718188114776354,0.7647058823529411,0.07709269552514772,0.0465177675765871,0.6034004552534157,0.281811885223646,-0.023316330966331233,0.06983409854291833,,,,,
3529609,Meridiano,SP,Sudeste,46,0.7290903715151539,0.6739130434782609,0.06549383998844664,-0.055177328036893014,-0.8424811867288053,0.2709096284848461,-0.023316330966331233,-0.03186099707056178,,,,,
3142502,Monjolos,MG,Sudeste,30,0.7310324306997141,0.9333333333333333,0.08081744071883246,0.20230090263361922,2.503183729084335,0.26896756930028587,0.06756418903215056,0.13473671360146866,,,,,
3164506,São Sebastião do Maranhão,MG,Sudeste,43,0.7377802235834076,0.813953488372093,0.06705970802458963,0.07617326478868547,1.135902124130246,0.26221977641659244,0.06756418903215056,0.008609075756534912,,,,,
