id_municipio,municipio,uf,regiao,n_alunos,taxa_prevista,taxa_observada,erro_padrao,residuo,residuo_z,risco
1718501,Recursolândia,TO,Norte,48,0.149657809951496,0.5,0.05143605179594263,0.350342190048504,6.811218548390598,0.850342190048504
2907202,Casa Nova,BA,Nordeste,430,0.18574728161206777,0.20930232558139536,0.018739647539208294,0.023555043969327588,1.2569630202512727,0.8142527183879322
1715705,Palmeirante,TO,Norte,81,0.18963311538977695,0.30864197530864196,0.04343939710080762,0.119008859918865,2.739652662367462,0.810366884610223
2805406,Poço Redondo,SE,Nordeste,345,0.1955727232238057,0.26666666666666666,0.021339825520420068,0.07109394344286096,3.331514748085977,0.8044272767761943
2410108,Poço Branco,RN,Nordeste,65,0.200000146431039,0.24615384615384617,0.049520145699635996,0.04615369972280717,0.9320186576742326,0.799999853568961
1716307,Pau D'Arco,TO,Norte,58,0.20598803973129137,0.3793103448275862,0.05308665236123769,0.17332230509629482,3.264894232111152,0.7940119602687086
1711951,Lagoa do Tocantins,TO,Norte,52,0.20673244097934876,0.15384615384615385,0.055927686738323316,-0.052886287133194904,-0.9456190702226138,0.7932675590206513
2912608,Ibiquera,BA,Nordeste,32,0.20705459898794618,0.15625,0.07155237400567531,-0.050804598987946176,-0.7100337297532087,0.7929454010120538
2405504,Jardim de Angicos,RN,Nordeste,38,0.21331093644355126,0.3157894736842105,0.066370790580928,0.10247853724065925,1.544030684939694,0.7866890635564487
2902252,Arataca,BA,Nordeste,61,0.21559501167551454,0.13114754098360656,0.05249410070336357,-0.08444747069190797,-1.6087040174115599,0.7844049883244855
1709005,Goiatins,TO,Norte,127,0.21571016831171003,0.3858267716535433,0.036457800470579456,0.17011660334183326,4.666123604442708,0.78428983168829
1718303,Praia Norte,TO,Norte,39,0.2177631890402864,0.38461538461538464,0.06603109473262953,0.16685219557509823,2.526873077762976,0.7822368109597135
2901908,Aporá,BA,Nordeste,230,0.21859192043987558,0.16521739130434782,0.027166299552552297,-0.05337452913552776,-1.9647331441765383,0.7814080795601244
2403509,Espírito Santo,RN,Nordeste,72,0.22060562704605846,0.4861111111111111,0.048759461263297894,0.26550548406505264,5.445209548795883,0.7793943729539415
2910503,Entre Rios,BA,Nordeste,255,0.22385007913843694,0.3254901960784314,0.026067257343650587,0.10164011693999445,3.8991488671036483,0.7761499208615631
2205581,Lagoa do Piauí,PI,Nordeste,55,0.2242255631933929,0.45454545454545453,0.056094125554283523,0.23031989135206163,4.105953860162701,0.7757744368066071
2505238,Cuité de Mamanguape,PB,Nordeste,65,0.22653780416814884,0.23076923076923078,0.05187618593657779,0.004231426601081945,0.08156780466195326,0.7734621958318512
1703073,Barra do Ouro,TO,Norte,72,0.23033342915185218,0.18055555555555555,0.04958237379487855,-0.04977787359629662,-1.0039429294415563,0.7696665708481478
2203271,Curral Novo do Piauí,PI,Nordeste,73,0.23058380501131123,0.4794520547945205,0.04920326048878116,0.2488682497832093,5.057962568150413,0.7694161949886887
2401602,Bento Fernandes,RN,Nordeste,55,0.23317214219958435,0.2909090909090909,0.056850508120462245,0.05773694870950655,1.015592483134293,0.7668278578004156
2414456,Triunfo Potiguar,RN,Nordeste,37,0.2336988982267333,0.10810810810810811,0.0695067402237744,-0.12559079011862517,-1.8068864935154523,0.7663011017732667
2910602,Esplanada,BA,Nordeste,359,0.23972579063523947,0.2395543175487465,0.022481529151471804,-0.000171473086492957,-0.007627287509565653,0.7602742093647605
2923357,Ourolândia,BA,Nordeste,141,0.239919104667758,0.3404255319148936,0.03590474197965803,0.1005064272471356,2.799252179672476,0.760080895332242
2208601,Prata do Piauí,PI,Nordeste,50,0.24040471525654486,0.48,0.06040514621420793,0.23959528474345512,3.9664713978806625,0.7595952847434552
1718907,Santa Rosa do Tocantins,TO,Norte,75,0.2409892703170462,0.37333333333333335,0.04930389470241737,0.13234406301628715,2.6842516968501946,0.7590107296829538
2202653,Caxingó,PI,Nordeste,43,0.24203109068389564,0.46511627906976744,0.06516059380187648,0.2230851883858718,3.423621169938562,0.7579689093161044
2902104,Araci,BA,Nordeste,331,0.24560656111396728,0.24471299093655588,0.023645699355872088,-0.0008935701774114013,-0.037789966114472114,0.7543934388860327
2805604,Porto da Folha,SE,Nordeste,228,0.24582580324902256,0.17543859649122806,0.02821228905028181,-0.0703872067577945,-2.494913001647819,0.7541741967509774
2414704,Várzea,RN,Nordeste,35,0.24674798508449633,0.45714285714285713,0.07277665929234907,0.2103948720583608,2.8909663359675455,0.7532520149155036
2918506,Jussara,BA,Nordeste,122,0.2473495367234545,0.4344262295081967,0.038937130584483996,0.1870766927847422,4.804583439419908,0.7526504632765455
2931103,Tanquinho,BA,Nordeste,75,0.24773548613528532,0.30666666666666664,0.049832562134512974,0.05893118053138133,1.1825837967614121,0.7522645138647147
2927101,Rodelas,BA,Nordeste,162,0.24814658866001907,0.2839506172839506,0.033868189829767574,0.03580402862393153,1.0571580236172677,0.751853411339981
1703842,Campos Lindos,TO,Norte,148,0.2482883609102605,0.38513513513513514,0.03535695303952089,0.13684677422487465,3.8704345951957917,0.7517116390897395
2804904,Pacatuba,SE,Nordeste,106,0.24961040632149253,0.3018867924528302,0.04202055373763788,0.05227638613133764,1.2440670453258116,0.7503895936785074
1718865,Santa Fé do Araguaia,TO,Norte,70,0.2498691830234139,0.3142857142857143,0.05171824613733078,0.06441653126230037,1.2455281467057298,0.7501308169765861
2929800,Saúde,BA,Nordeste,82,0.2504570962546273,0.2073170731707317,0.04777918963559839,-0.04314002308389561,-0.9029040344324651,0.7495429037453727
2801207,Canindé de São Francisco,SE,Nordeste,460,0.2510328595413169,0.26956521739130435,0.02018814318510849,0.01853235784998747,0.9179822869325402,0.7489671404586831
2111250,São José dos Basílios,MA,Nordeste,73,0.25144902368898314,0.5616438356164384,0.05071951221979538,0.31019481192745524,6.115887128078273,0.7485509763110169
2906824,Canudos,BA,Nordeste,156,0.25158958433121786,0.30128205128205127,0.03471727417163432,0.0496924669508334,1.431347020655053,0.7484104156687821
2930204,Sento Sé,BA,Nordeste,429,0.25200422229045105,0.24242424242424243,0.020946796220961066,-0.009579979866208621,-0.45734821521880825,0.747995777709549
1700400,Almas,TO,Norte,126,0.25207494728769975,0.47619047619047616,0.03864940948091553,0.22411552890277642,5.798679253131697,0.7479250527123003
2514602,São José do Bonfim,PB,Nordeste,31,0.25221366783177973,0.2903225806451613,0.07791728490845423,0.03810891281338158,0.48909446547266255,0.7477863321682203
2804805,Nossa Senhora do Socorro,SE,Nordeste,1785,0.2532646742087448,0.2980392156862745,0.01026973900258019,0.044774541477529683,4.3598519364786625,0.7467353257912552
2925600,Presidente Dutra,BA,Nordeste,100,0.2543675569790149,0.2,0.0435259632115995,-0.05436755697901491,-1.249083373863767,0.7456324430209851
2907400,Catolândia,BA,Nordeste,35,0.25479846423711017,0.2571428571428571,0.07359340235023287,0.0023443929057469504,0.03185602011699262,0.7452015357628898
2805901,Riachuelo,SE,Nordeste,92,0.25518002565800496,0.31521739130434784,0.045387658070677815,0.06003736564634288,1.322768527797854,0.744819974341995
2919900,Macururé,BA,Nordeste,40,0.2552199451164641,0.125,0.06882561013545548,-0.13021994511646412,-1.8920274714627106,0.7447800548835359
1703909,Caseara,TO,Norte,60,0.25563914301033047,0.31666666666666665,0.05629504666717021,0.06102752365633618,1.0840656020261517,0.7443608569896696
2925253,Ponto Novo,BA,Nordeste,173,0.25573072070311575,0.3699421965317919,0.03312152570003514,0.11421147582867613,3.4482552785469953,0.7442692792968842
1712801,Maurilândia do Tocantins,TO,Norte,38,0.2560030492782736,0.21052631578947367,0.07076488452862091,-0.045476733488799936,-0.6426454842925213,0.7439969507217263
2924405,Pilão Arcado,BA,Nordeste,391,0.2564711547952592,0.22506393861892582,0.021997132249735315,-0.03140721617633341,-1.4277868505660014,0.7435288452047408
2408953,Rio do Fogo,RN,Nordeste,88,0.25664535004418887,0.3068181818181818,0.046451894871826986,0.050172831773992954,1.0801030165170444,0.7433546499558111
2415008,Vila Flor,RN,Nordeste,50,0.2567317377098789,0.4,0.06168510836712185,0.14326826229012113,2.3225745416130787,0.7432682622901211
2805307,Pirambu,SE,Nordeste,100,0.25714213529947577,0.39,0.043652176856279146,0.13285786470052424,3.0435564562552466,0.7428578647005242
1703883,Carmolândia,TO,Norte,36,0.25726747617470425,0.2777777777777778,0.07281331753407212,0.020510301603073544,0.2816833828986846,0.7427325238252958
2902203,Aramari,BA,Nordeste,78,0.2577078362534848,0.1794871794871795,0.04945251404122619,-0.07822065676630532,-1.581732663805454,0.7422921637465152
2930501,Serrinha,BA,Nordeste,487,0.25792647831914417,0.19917864476386038,0.019813596687090106,-0.05874783355528379,-2.9650262132145833,0.7420735216808558
2800209,Aquidabã,SE,Nordeste,86,0.2588550759783936,0.20930232558139536,0.04710452708510353,-0.04955275039699822,-1.0519742679397142,0.7411449240216064
1304260,Uarini,AM,Norte,199,0.25925576629069724,0.19095477386934673,0.03065940495773043,-0.06830099242135051,-2.22773379051276,0.7407442337093028
2926004,Remanso,BA,Nordeste,329,0.2598126890954755,0.3525835866261398,0.024168900892523465,0.09277089753066431,3.8384408932456893,0.7401873109045245
2919108,Lamarão,BA,Nordeste,46,0.26037929531659254,0.1956521739130435,0.06458669886092068,-0.06472712140354905,-1.0021741712319243,0.7396207046834075
2804003,Maruim,SE,Nordeste,122,0.26167359141760027,0.3114754098360656,0.03975557585673952,0.049801818418465316,1.2527002148812472,0.7383264085823997
2400505,Alexandria,RN,Nordeste,134,0.2618058186503945,0.5895522388059702,0.037968285968150724,0.3277464201555757,8.632109978061747,0.7381941813496056
2916302,Itapebi,BA,Nordeste,64,0.2618397798443247,0.234375,0.05487038849764271,-0.027464779844324716,-0.5005391905600346,0.7381602201556753
2915403,Itaju do Colônia,BA,Nordeste,59,0.26239697616413393,0.15254237288135594,0.057114155537413704,-0.10985460328277799,-1.9234216500113648,0.7376030238358661
2806404,Santana do São Francisco,SE,Nordeste,89,0.26358165340454853,0.2247191011235955,0.04664425154238035,-0.03886255228095303,-0.8331691686732937,0.7364183465954515
1717800,Ponte Alta do Bom Jesus,TO,Norte,42,0.2640718692621836,0.4523809523809524,0.06789730710939927,0.18830908311876876,2.773439641948634,0.7359281307378164
2903607,Biritinga,BA,Nordeste,57,0.26553814989732616,0.2982456140350877,0.058448540925924664,0.032707464137761544,0.5595941937920003,0.7344618501026738
1718659,Rio da Conceição,TO,Norte,35,0.2662488025373395,0.2,0.07457186469412574,-0.0662488025373395,-0.8883887081149806,0.7337511974626605
1718006,Porto Alegre do Tocantins,TO,Norte,47,0.26665993659645165,0.3829787234042553,0.06444605596926357,0.11631878680780366,1.8049015577195273,0.7333400634035483
2920908,Mascote,BA,Nordeste,101,0.267004214022269,0.26732673267326734,0.043996175796886826,0.0003225186509983602,0.007330606471055642,0.732995785977731
1701309,Aragominas,TO,Norte,55,0.2674703361989724,0.5272727272727272,0.05964401149045048,0.2598023910737548,4.355883928352998,0.7325296638010276
2930105,Senhor do Bonfim,BA,Nordeste,487,0.26765764173665946,0.2402464065708419,0.02005233817338554,-0.02741123516581756,-1.3669844847419894,0.7323423582633406
2706109,Ouro Branco,AL,Nordeste,112,0.26767339383594857,0.5357142857142857,0.04180338443076631,0.26804089187833713,6.41194237089247,0.7323266061640514
2804300,Muribeca,SE,Nordeste,35,0.26797375205832613,0.22857142857142856,0.07484346600014317,-0.03940232348689757,-0.5264631048329882,0.7320262479416739
2513158,Santa Cecília,PB,Nordeste,54,0.26811590615196734,0.48148148148148145,0.060196421735092764,0.2133655753295141,3.544489343045588,0.7318840938480327
2803609,Laranjeiras,SE,Nordeste,215,0.2684777373241644,0.26976744186046514,0.030205838486761942,0.0012897045363007287,0.04269719368545113,0.7315222626758355
2402907,Coronel João Pessoa,RN,Nordeste,40,0.26850349663300865,0.475,0.07002645739687942,0.20649650336699132,2.948835497941288,0.7314965033669913
2911105,Formosa do Rio Preto,BA,Nordeste,234,0.2689383018259365,0.28205128205128205,0.028947834346973515,0.013112980225345572,0.4529865712291714,0.7310616981740635
1700301,Aguiarnópolis,TO,Norte,77,0.26904212886784223,0.4025974025974026,0.05050055875622588,0.1335552737295604,2.644629624283023,0.7309578711321578
2803203,Itaporanga d'Ajuda,SE,Nordeste,345,0.2696712080587719,0.4028985507246377,0.02386064755811632,0.13322734266586578,5.583559387538409,0.730328791941228
2412906,São Tomé,RN,Nordeste,63,0.2705046315404947,0.49206349206349204,0.055804399312346535,0.22155886052299734,3.9702758788405808,0.7294953684595054
2411007,Rodolfo Fernandes,RN,Nordeste,44,0.2707359773747276,0.45454545454545453,0.06691063962285043,0.18380947717072693,2.747088926466558,0.7292640226252725
2414209,Tibau do Sul,RN,Nordeste,216,0.2709100573353061,0.25462962962962965,0.030177177976086125,-0.016280427705676448,-0.5394947041959277,0.729089942664694
2922904,Nova Soure,BA,Nordeste,242,0.27101074386001545,0.3140495867768595,0.028479790002261376,0.04303884291684407,1.511206470041621,0.7289892561399846
2405801,João Câmara,RN,Nordeste,277,0.2717142989983424,0.36462093862815886,0.026716011146137014,0.09290663962981649,3.477564039093099,0.7282857010016577
2411205,Santa Cruz,RN,Nordeste,374,0.27274452237620606,0.35561497326203206,0.023014396479272586,0.08287045088582601,3.6008092135051846,0.7272554776237939
2807600,Umbaúba,SE,Nordeste,183,0.2730237947284409,0.39344262295081966,0.03292329555827159,0.12041882822237876,3.6575569419910323,0.7269762052715592
2802304,Frei Paulo,SE,Nordeste,91,0.2731124581587197,0.37362637362637363,0.046664704002881564,0.10051391546765392,2.1539602064431214,0.7268875418412803
1600501,Oiapoque,AP,Norte,384,0.27336368598539,0.21354166666666666,0.022462411202593537,-0.05982201931872336,-2.6632056006443436,0.7266363140146099
2800605,Barra dos Coqueiros,SE,Nordeste,278,0.2746636830212005,0.2805755395683453,0.026695480158094163,0.0059118565471448226,0.22145533671370682,0.7253363169787995
2407302,Marcelino Vieira,RN,Nordeste,38,0.27558148713221015,0.2631578947368421,0.07183981863344722,-0.012423592395368055,-0.17293462917491095,0.7244185128677898
2924108,Pedrão,BA,Nordeste,30,0.27572568369968764,0.13333333333333333,0.08150559095363925,-0.1423923503663543,-1.7470255561651926,0.7242743163003124
2802403,Gararu,SE,Nordeste,94,0.27603377158443354,0.3723404255319149,0.04606514305638728,0.09630665394748134,2.0906622135004462,0.7239662284155665
2806503,Santa Rosa de Lima,SE,Nordeste,41,0.2768409298521173,0.2682926829268293,0.06985031534035462,-0.008548246925287994,-0.12237950370926123,0.7231590701478827
2414407,Touros,RN,Nordeste,278,0.2774664207086525,0.38489208633093525,0.02680737095634312,0.10742566562228273,4.007318203535503,0.7225335792913474
1711902,Lagoa da Confusão,TO,Norte,177,0.2776847630970262,0.3559322033898305,0.033637327261969927,0.07824744029280428,2.326208609959037,0.7223152369029737
2923704,Paratinga,BA,Nordeste,233,0.2780550910413222,0.2446351931330472,0.02933811980028755,-0.03341989790827499,-1.1391288240614326,0.7219449089586778
2402600,Ceará-Mirim,RN,Nordeste,654,0.2781721360737514,0.3470948012232416,0.017511901336841596,0.06892266514949019,3.9357613901404562,0.7218278639262485
2707107,Piranhas,AL,Nordeste,375,0.27844938645410655,0.25066666666666665,0.023131133676494366,-0.027782719787439902,-1.2010963308587177,0.7215506135458934
2110278,Santo Amaro do Maranhão,MA,Nordeste,124,0.2786630922478681,0.4032258064516129,0.03939542394154759,0.12456271420374476,3.161857437771528,0.7213369077521319
1600808,Vitória do Jari,AP,Norte,170,0.278684672759396,0.3588235294117647,0.03408246314818339,0.0801388566523687,2.35132232972546,0.721315327240604
2108702,Pio XII,MA,Nordeste,219,0.2791407189359128,0.639269406392694,0.0302971914835636,0.3601286874567812,11.88653699641279,0.7208592810640873
2927507,Santa Bárbara,BA,Nordeste,133,0.2793894070474359,0.3157894736842105,0.03884818037688948,0.036400066636774586,0.9369825377568711,0.7206105929525641
2405405,Japi,RN,Nordeste,57,0.2795545968984592,0.2631578947368421,0.059125201869715864,-0.016396702161617094,-0.27732171126870253,0.7204454031015408
2800704,Brejo Grande,SE,Nordeste,139,0.2799629220375607,0.34532374100719426,0.037863019560539724,0.06536081896963358,1.7262442279630454,0.7200370779624393
2920205,Malhada,BA,Nordeste,190,0.2814132217058839,0.3368421052631579,0.032556972145907026,0.05542888355727399,1.7025196111255192,0.7185867782941161
2922052,Mulungu do Morro,BA,Nordeste,111,0.2814360385287972,0.2882882882882883,0.0426622987059576,0.006852249759491058,0.16061604665793996,0.7185639614712027
2924009,Paulo Afonso,BA,Nordeste,944,0.28144865780458656,0.3050847457627119,0.014632431154001938,0.02363608795812533,1.615322000108021,0.7185513421954135
2907004,Cardeal da Silva,BA,Nordeste,115,0.2817160174830257,0.33043478260869563,0.04184710283015542,0.048718765125669916,1.1642087941763728,0.7182839825169742
2931905,Tucano,BA,Nordeste,256,0.28174068822275516,0.35546875,0.028087538891502804,0.07372806177724484,2.6249384847153503,0.7182593117772449
2406601,Lagoa Salgada,RN,Nordeste,54,0.2825012480216409,0.6481481481481481,0.061160629777212754,0.36564690012650725,5.978468525560214,0.7174987519783591
1718550,Riachinho,TO,Norte,51,0.28274479700135813,0.5490196078431373,0.0630168095652205,0.2662748108417792,4.225456869030997,0.7172552029986419
2904704,Buerarema,BA,Nordeste,140,0.2827650703877453,0.2857142857142857,0.037964325709200275,0.002949215326540411,0.07768385902941766,0.7172349296122547
2925402,Potiraguá,BA,Nordeste,69,0.28291691659431567,0.2753623188405797,0.05418121466982939,-0.007554597753735959,-0.1394320485388215,0.7170830834056843
2805703,Propriá,SE,Nordeste,193,0.28308414229152995,0.3626943005181347,0.0319594872662525,0.07961015822660478,2.490971071074373,0.71691585770847
2801702,Cristinápolis,SE,Nordeste,185,0.2837343935097939,0.34594594594594597,0.033105858835175056,0.06221155243615206,1.8791704738996873,0.7162656064902061
1722107,Xambioá,TO,Norte,119,0.28477995439397746,0.42857142857142855,0.041360045997476926,0.14379147417745108,3.476579164980202,0.7152200456060225
2401206,Arês,RN,Nordeste,149,0.2849985057615771,0.31543624161073824,0.03694529966225235,0.03043773584916115,0.8238594930185371,0.7150014942384229
2202174,Campo Largo do Piauí,PI,Nordeste,60,0.2852617653606855,0.6333333333333333,0.058190647120504174,0.3480715679726478,5.981572386570017,0.7147382346393145
2932457,Umburanas,BA,Nordeste,122,0.28531231713086364,0.22950819672131148,0.040857928722854715,-0.055804120409552155,-1.365808844302403,0.7146876828691364
2911907,Iaçu,BA,Nordeste,263,0.28575135141843017,0.28517110266159695,0.027838602222004297,-0.0005802487568332126,-0.02084331505604725,0.7142486485815698
2801504,Carmópolis,SE,Nordeste,147,0.28579723546561947,0.16326530612244897,0.03720615299126742,-0.1225319293431705,-3.2933243426679915,0.7142027645343805
2925808,Queimadas,BA,Nordeste,188,0.28662846546816356,0.30319148936170215,0.03296134886655063,0.016563023893538587,0.5024983643902644,0.7133715345318364
2505808,Duas Estradas,PB,Nordeste,35,0.2866788217946831,0.6,0.07637514565569509,0.31332117820531685,4.10239712822012,0.7133211782053168
1600105,Amapá,AP,Norte,112,0.28698927074448827,0.19642857142857142,0.04233268522359091,-0.09056069931591684,-2.1392618691112393,0.7130107292555117
2930774,Sobradinho,BA,Nordeste,302,0.2870787032596583,0.3443708609271523,0.025997659663542852,0.057292157667494015,2.203742891050928,0.7129212967403418
2904902,Cachoeira,BA,Nordeste,242,0.2879402212626723,0.3305785123966942,0.029086013797577907,0.0426382911340219,1.4659379394770327,0.7120597787373277
1701101,Aparecida do Rio Negro,TO,Norte,70,0.28839678480135933,0.35714285714285715,0.05405549177881197,0.06874607234149782,1.2717685119358046,0.7116032151986407
2915809,Itambé,BA,Nordeste,252,0.2887424000459673,0.2698412698412698,0.02849704621787969,-0.01890113020469747,-0.6632662929408618,0.7112575999540327
1600709,Tartarugalzinho,AP,Norte,284,0.2894358929800884,0.9049295774647887,0.02662722137633944,0.6154936844847003,23.11520514234426,0.7105641070199116
2803401,Japoatã,SE,Nordeste,137,0.2896184917490983,0.39416058394160586,0.03873756724214086,0.10454209219250754,2.6987263175055785,0.7103815082509017
2501401,Baía da Traição,PB,Nordeste,148,0.2897552554026089,0.4527027027027027,0.03726954688373113,0.1629474473000938,4.372133844514849,0.7102447445973912
1720200,São Miguel do Tocantins,TO,Norte,165,0.2901011412414752,0.3696969696969697,0.03527019460875894,0.07959582845549451,2.2567448050237813,0.7098988587585249
1704105,Centenário,TO,Norte,30,0.290159247283796,0.6666666666666666,0.08277543798502994,0.37650741938287063,4.548540346605748,0.7098407527162041
2413201,Senador Georgino Avelino,RN,Nordeste,51,0.29029012950154603,0.27450980392156865,0.06353254207100457,-0.015780325579977383,-0.24838177515927415,0.7097098704984539
2918308,Jitaúna,BA,Nordeste,98,0.2907171195294053,0.40816326530612246,0.045789068770547614,0.11744614577671714,2.5649385089102466,0.7092828804705946
2507200,Itatuba,PB,Nordeste,79,0.2910064199958719,0.3670886075949367,0.05105521144849396,0.07608218759906482,1.4901943492256189,0.708993580004128
2400604,Almino Afonso,RN,Nordeste,52,0.29121306552183196,0.40384615384615385,0.06264496512184105,0.1126330883243219,1.7979591513101918,0.7087869344781681
2902708,Barra,BA,Nordeste,474,0.2913477262452338,0.2848101265822785,0.020864539109367086,-0.006537599662955307,-0.3133354457861121,0.7086522737547662
1600402,Mazagão,AP,Norte,347,0.2914177213564088,0.43515850144092216,0.024317067296136776,0.14374078008451335,5.91110672738687,0.7085822786435911
2200509,Amarante,PI,Nordeste,198,0.2914586120032599,0.3282828282828283,0.03220952254214716,0.03682421627956839,1.1432711003828995,0.7085413879967402
2900900,Almadina,BA,Nordeste,46,0.29198061671979486,0.2391304347826087,0.06688253129579119,-0.05285018193718616,-0.7901941046975884,0.7080193832802051
2922250,Muquém de São Francisco,BA,Nordeste,118,0.2920341548377154,0.22033898305084745,0.04163302130818231,-0.07169517178686793,-1.72207467856236,0.7079658451622846
1715259,Novo Jardim,TO,Norte,34,0.29258859439576224,0.6176470588235294,0.07793261871099635,0.3250584644277672,4.171019398606468,0.7074114056042378
2916500,Itapicuru,BA,Nordeste,326,0.2931862500965511,0.5122699386503068,0.02508243883317116,0.2190836885537557,8.7345449145089,0.7068137499034489
2409704,Pedro Avelino,RN,Nordeste,36,0.29326935904784335,0.3333333333333333,0.07549399929600002,0.04006397428548997,0.5306908450883026,0.7067306409521567
2207900,Pedro II,PI,Nordeste,367,0.2938943692550159,0.42779291553133514,0.0237591056398168,0.13389854627631925,5.63567283660395,0.7061056307449841
2404200,Goianinha,RN,Nordeste,373,0.29393231754051014,0.353887399463807,0.023542199433196517,0.05995508192329685,2.546706907883681,0.7060676824594898
2905305,Cafarnaum,BA,Nordeste,135,0.29397159009674934,0.3037037037037037,0.03918667158368431,0.009732113606954362,0.24835264679652985,0.7060284099032507
2905800,Camamu,BA,Nordeste,236,0.2941696841841598,0.2838983050847458,0.029642875548344223,-0.010271379099414002,-0.34650414001376245,0.7058303158158402
2933604,Xique-Xique,BA,Nordeste,524,0.29443174378449993,0.32251908396946566,0.01988238907565804,0.028087340184965726,1.41267430579321,0.7055682562155001
2930402,Serra Preta,BA,Nordeste,90,0.2949430072028494,0.36666666666666664,0.04779410110979387,0.07172365946381726,1.5006801634170666,0.7050569927971506
2800407,Arauá,SE,Nordeste,108,0.29514014702213853,0.28703703703703703,0.043827947778907896,-0.008103109985101498,-0.18488454047581715,0.7048598529778615
2901700,Antônio Cardoso,BA,Nordeste,66,0.2952647440237577,0.25757575757575757,0.05609508424501252,-0.03768898644800012,-0.6718768133653545,0.7047352559762423
2508109,Lagoa,PB,Nordeste,30,0.29546192940427235,0.6,0.08324367679509213,0.30453807059572763,3.6583928331921367,0.7045380705957276
1503101,Gurupá,PA,Norte,473,0.2955623766576579,0.3657505285412262,0.020921477062462453,0.0701881518835683,3.3548373125863407,0.7044376233423422
2900306,Acajutiba,BA,Nordeste,93,0.29562148318908504,0.5913978494623656,0.04729380866410044,0.2957763662732806,6.254018752729405,0.7043785168109149
2924207,Pedro Alexandre,BA,Nordeste,132,0.2956474333150688,0.20454545454545456,0.03937550493634721,-0.09110197876961426,-2.313671378103872,0.7043525666849312
2931707,Terra Nova,BA,Nordeste,95,0.2960484571882201,0.28421052631578947,0.046817796308075095,-0.011837930872430624,-0.25285109095125924,0.70395154281178
2928307,Santanópolis,BA,Nordeste,61,0.2963975080642495,0.22950819672131148,0.058368152382596655,-0.06688931134293805,-1.1459898696893154,0.7036024919357504
2907103,Carinhanha,BA,Nordeste,316,0.2967667330910635,0.31962025316455694,0.025682595172326496,0.02285352007349345,0.8898446562798518,0.7032332669089365
2801603,Cedro de São João,SE,Nordeste,32,0.29732544893069407,0.46875,0.080768222275915,0.17142455106930593,2.122425704551189,0.702674551069306
2921609,Morpará,BA,Nordeste,90,0.297352436072226,0.28888888888888886,0.04811553895552553,-0.008463547183337139,-0.17590049632739685,0.702647563927774
2901809,Antônio Gonçalves,BA,Nordeste,79,0.2974236296835738,0.25316455696202533,0.051399640294753156,-0.04425907272154844,-0.8610774796816308,0.7025763703164263
2409100,Passa e Fica,RN,Nordeste,99,0.29753613380945226,0.43434343434343436,0.04588192930552624,0.1368073005339821,2.981725106261048,0.7024638661905478
1707702,Filadélfia,TO,Norte,55,0.2977914414661337,0.12727272727272726,0.06159254532312703,-0.17051871419340642,-2.768495981109898,0.7022085585338663
1717503,Pium,TO,Norte,64,0.29790307072328354,0.4375,0.05707207154137912,0.13959692927671646,2.4459762105446643,0.7020969292767165
2807303,Telha,SE,Nordeste,38,0.2987498113445608,0.42105263157894735,0.07417713105978527,0.12230282023438654,1.648794156460607,0.7012501886554392
2502102,Boa Ventura,PB,Nordeste,50,0.299165030111602,0.48,0.06409667711944964,0.18083496988839798,2.8212846283965165,0.700834969888398
2909901,Curaçá,BA,Nordeste,388,0.2993946991326219,0.22938144329896906,0.023243709459323154,-0.07001325583365284,-3.0121377982364264,0.700605300867378
2409803,Pedro Velho,RN,Nordeste,80,0.29972589448191367,0.25,0.05111204658180942,-0.04972589448191367,-0.9728801291946491,0.7002741055180863
2205557,Lagoa Alegre,PI,Nordeste,94,0.30017925616913754,0.5851063829787234,0.04712644146852415,0.2849271268095859,6.046014040756489,0.6998207438308625
2920809,Marcionílio Souza,BA,Nordeste,70,0.3005062955688687,0.18571428571428572,0.05472268327923786,-0.11479200985458299,-2.0977043334813192,0.6994937044311313
2927606,Santa Brígida,BA,Nordeste,155,0.30089014411885756,0.2838709677419355,0.03682030679410797,-0.017019176376922074,-0.4622225575710168,0.6991098558811424
2705309,Minador do Negrão,AL,Nordeste,64,0.30098102262677956,0.28125,0.0572635146500975,-0.01973102262677956,-0.34456534404749406,0.6990189773732205
2802205,Feira Nova,SE,Nordeste,86,0.3010709300755091,0.2558139534883721,0.04931191486106076,-0.04525697658713701,-0.9177696042559129,0.6989290699244909
2929370,São José do Jacuípe,BA,Nordeste,88,0.3012186231856954,0.2840909090909091,0.04884887099087418,-0.017127714094786306,-0.3506266111654057,0.6987813768143045
2703601,Japaratinga,AL,Nordeste,98,0.3014284603338442,0.23469387755102042,0.04621637782228843,-0.06673458278282376,-1.4439596075536707,0.6985715396661558
2800670,Boquim,SE,Nordeste,164,0.30158701392954324,0.3597560975609756,0.035720080838054925,0.05816908363143236,1.6284701004780777,0.6984129860704568
2931509,Teofilândia,BA,Nordeste,186,0.3018870535064113,0.2956989247311828,0.03360857828009918,-0.0061881287752285075,-0.1841234914388722,0.6981129464935887
2909208,Coronel João Sá,BA,Nordeste,111,0.3020605949306852,0.36036036036036034,0.04353097614166974,0.05829976542967513,1.3392708043104982,0.6979394050693148
2700508,Barra de Santo Antônio,AL,Nordeste,235,0.3022530556146254,0.3276595744680851,0.029950031196000933,0.02540651885345968,0.8482969078460285,0.6977469443853745
2923050,Novo Triunfo,BA,Nordeste,64,0.30236662501921463,0.390625,0.0572907295357713,0.08825837498078537,1.5405350166762743,0.6976333749807854
2913705,Inhambupe,BA,Nordeste,229,0.30241382585837007,0.30131004366812225,0.030297253029001173,-0.001103782190247815,-0.036431757994404686,0.6975861741416299
2929701,Sátiro Dias,BA,Nordeste,88,0.3026398053145234,0.3068181818181818,0.048859270124528044,0.004178376503658432,0.08551860257038157,0.6973601946854766
2907905,Cipó,BA,Nordeste,193,0.30281318358789494,0.31088082901554404,0.03292777154419666,0.008067645427649095,0.24501036812711285,0.6971868164121051
2922102,Mundo Novo,BA,Nordeste,126,0.30319518889887404,0.3333333333333333,0.04090791465627617,0.03013814443445928,0.736731380411136,0.696804811101126
2915353,Itaguaçu da Bahia,BA,Nordeste,125,0.3032249300683129,0.328,0.04108136088044584,0.0247750699316871,0.6030732527042377,0.696775069931687
2406700,Lajes,RN,Nordeste,75,0.3032382371968131,0.3333333333333333,0.0529186912976215,0.030095096136520227,0.5687044671468073,0.6967617628031869
5005202,Ladário,MS,Centro-Oeste,332,0.30332195976870585,0.3373493975903614,0.02520984654831693,0.03402743782165557,1.3497677487421011,0.6966780402312942
1710706,Itaguatins,TO,Norte,49,0.30332913033510467,0.1836734693877551,0.06557750050976119,-0.11965566094734956,-1.82464503857598,0.6966708696648953
2928000,Santaluz,BA,Nordeste,199,0.3036071740906805,0.2914572864321608,0.03258103143417484,-0.012149887658519709,-0.37291292275589133,0.6963928259093195
2412807,São Rafael,RN,Nordeste,41,0.3046211331901201,0.2926829268292683,0.07184402714683658,-0.0119382063608518,-0.16616839053930263,0.6953788668098799
1712504,Marianópolis do Tocantins,TO,Norte,58,0.3046534280903747,0.3620689655172414,0.06041453863206716,0.05741553742686667,0.9503596108965622,0.6953465719096252
5004809,Japorã,MS,Centro-Oeste,121,0.305167336340136,0.4462809917355372,0.04065649921165363,0.14111365539540122,3.4708757057703807,0.6948326636598641
2904852,Cabaceiras do Paraguaçu,BA,Nordeste,119,0.3053866068492375,0.3277310924369748,0.04219595556912042,0.022344485587737273,0.5295409307921747,0.6946133931507625
2901155,América Dourada,BA,Nordeste,192,0.3054578090191487,0.4322916666666667,0.033211318476195004,0.12683385764751798,3.818994953134099,0.6945421909808513
2910859,Filadélfia,BA,Nordeste,136,0.305506850243802,0.36764705882352944,0.03947527518811165,0.06214020857972746,1.5741551713980597,0.694493149756198
2206100,Matias Olímpio,PI,Nordeste,111,0.30555822282712625,0.5225225225225225,0.043690973556879814,0.21696429969539627,4.965883843557244,0.6944417771728737
2917706,Jaguarari,BA,Nordeste,233,0.3059739228073999,0.40772532188841204,0.030170097451022282,0.10175139908101216,3.372590998295381,0.6940260771926001
2401859,Caiçara do Norte,RN,Nordeste,65,0.3060839251789343,0.27692307692307694,0.05679259222666515,-0.029160848255857352,-0.5134621807624729,0.6939160748210658
2206001,Marcos Parente,PI,Nordeste,63,0.3061349009244212,0.8095238095238095,0.05803079943771113,0.5033889085993883,8.674512732496714,0.6938650990755788
1505205,Oeiras do Pará,PA,Norte,373,0.3063027553376953,0.3136729222520107,0.023850629330939104,0.0073701669143154125,0.30901351960364465,0.6936972446623046
2101939,Bernardo do Mearim,MA,Nordeste,33,0.30667734842549704,0.8787878787878788,0.07997838517025822,0.5721105303623817,7.153314350426944,0.693322651574503
2911808,Guaratinga,BA,Nordeste,159,0.30673219384537553,0.22641509433962265,0.036519250333260506,-0.08031709950575289,-2.199308550225161,0.6932678061546245
2406809,Lajes Pintadas,RN,Nordeste,32,0.3073282344723775,0.46875,0.08140540174957876,0.1614217655276225,1.9829367837799263,0.6926717655276224
1501204,Baião,PA,Norte,261,0.3075885008037497,0.39080459770114945,0.028555851759100824,0.08321609689739973,2.9141521534505985,0.6924114991962502
1500701,Anajás,PA,Norte,339,0.3080574441878999,0.3421828908554572,0.02502750950870387,0.034125446667557346,1.3635174788641862,0.6919425558121002
2900603,Aiquara,BA,Nordeste,57,0.3081817001393806,0.2631578947368421,0.06113046783173497,-0.04502380540253853,-0.7365198893368372,0.6918182998606194
2922854,Nova Redenção,BA,Nordeste,37,0.30825456012901836,0.2702702702702703,0.07587238194632731,-0.03798428985874808,-0.5006339445836622,0.6917454398709817
2917805,Jaguaripe,BA,Nordeste,143,0.3089562990824547,0.46853146853146854,0.03850701734752783,0.15957516944901384,4.144054264417305,0.6910437009175453
2507002,Itaporanga,PB,Nordeste,163,0.30929110107936486,0.48466257668711654,0.036191348314200754,0.17537147560775168,4.845674001566265,0.6907088989206351
2901353,Andorinha,BA,Nordeste,109,0.3094526560333228,0.28440366972477066,0.0441960499722158,-0.025048986308552124,-0.5667697978506986,0.6905473439666772
2913804,Ipecaetá,BA,Nordeste,86,0.3094886908409081,0.46511627906976744,0.04971462226673281,0.15562758822885936,3.1304188010093683,0.690511309159092
2802502,General Maynard,SE,Nordeste,32,0.3095112339340709,0.21875,0.08157207987428128,-0.09076123393407087,-1.1126507264979868,0.6904887660659291
1714880,Nova Olinda,TO,Norte,164,0.30960488968191247,0.42073170731707316,0.036066184522397675,0.11112681763516069,3.0811914014954693,0.6903951103180875
2804409,Neópolis,SE,Nordeste,200,0.3096752415931301,0.31,0.032478824852586026,0.0003247584068699072,0.009999081196561498,0.6903247584068699
2917003,Itiúba,BA,Nordeste,247,0.310061499952966,0.21052631578947367,0.029364904113073746,-0.09953518416349233,-3.3895967710372195,0.6899385000470339
2918100,Jeremoabo,BA,Nordeste,193,0.31028568518753896,0.29533678756476683,0.03328370228392003,-0.014948897622772128,-0.4491356609085587,0.689714314812461
1703008,Babaçulândia,TO,Norte,68,0.31051004402750415,0.19117647058823528,0.05606038942552352,-0.11933357343926887,-2.1286611574078353,0.6894899559724958
2913101,Ibititá,BA,Nordeste,100,0.31097786709033415,0.28,0.04624732292274476,-0.03097786709033412,-0.6698304925040102,0.6890221329096659
1702901,Axixá do Tocantins,TO,Norte,97,0.3113284475102329,0.4020618556701031,0.04697057478439739,0.09073340815987019,1.9317074269657408,0.6886715524897671
2928505,Santa Teresinha,BA,Nordeste,76,0.3114236751723549,0.27631578947368424,0.05300458428504325,-0.03510788569867068,-0.6623556466337076,0.6885763248276451
1504406,Marapanim,PA,Norte,189,0.3116360278507353,0.4497354497354497,0.033618712475715455,0.1380994218847144,4.107814122401945,0.6883639721492647
2915908,Itanagra,BA,Nordeste,53,0.31164064097979577,0.24528301886792453,0.06322769623483239,-0.06635762211187124,-1.0495024500879182,0.6883593590202042
2922300,Muritiba,BA,Nordeste,174,0.3118714948118053,0.5172413793103449,0.03510671404361172,0.20536988449853955,5.849874877022567,0.6881285051881947
2401404,Baía Formosa,RN,Nordeste,74,0.31195259424358346,0.35135135135135137,0.05376917002430519,0.03939875710776791,0.732738799761249,0.6880474057564165
2402303,Caraúbas,RN,Nordeste,125,0.3121186006999003,0.416,0.041398385495745975,0.10388139930009971,2.509310400783006,0.6878813993000997
2206670,Morro do Chapéu do Piauí,PI,Nordeste,77,0.3125260212780138,0.4025974025974026,0.05275411150363767,0.0900713813193888,1.7073812590546218,0.6874739787219861
2907608,Central,BA,Nordeste,78,0.31257203702246944,0.2564102564102564,0.05236646496722292,-0.05616178061221305,-1.0724760712292816,0.6874279629775306
1507508,São João do Araguaia,PA,Norte,197,0.31264476999186896,0.34517766497461927,0.032964979193740106,0.032532894982750304,0.9868926290397341,0.687355230008131
2206654,Morro Cabeça no Tempo,PI,Nordeste,72,0.31265424100827194,0.19444444444444445,0.05460155808057973,-0.11820979656382749,-2.164952809393757,0.687345758991728
2932408,Uibaí,BA,Nordeste,83,0.3129166115603957,0.27710843373493976,0.050777933420581754,-0.03580817782545592,-0.7051917124878864,0.6870833884396044
2701308,Cajueiro,AL,Nordeste,233,0.3129189269382108,0.33905579399141633,0.030343339017949764,0.02613686705320556,0.8613708279680149,0.6870810730617892
2914802,Itabuna,BA,Nordeste,931,0.31294169673842465,0.2975295381310419,0.015188522596393321,-0.015412158607382764,-1.0147240134496391,0.6870583032615754
2802700,Ilha das Flores,SE,Nordeste,114,0.3130292428838353,0.15789473684210525,0.04329527709565119,-0.15513450604173007,-3.5831738805827533,0.6869707571161647
2805208,Pinhão,SE,Nordeste,42,0.31317661240820244,0.38095238095238093,0.07149332053520048,0.0677757685441785,0.9480014081988035,0.6868233875917975
1503408,Inhangapi,PA,Norte,98,0.3132877026890373,0.4489795918367347,0.04683538075256134,0.13569188914769742,2.897209053654948,0.6867122973109627
2503555,Cacimbas,PB,Nordeste,105,0.31333888070498994,0.47619047619047616,0.04480308448231851,0.16285159548548622,3.634829998138977,0.6866611192950101
2804706,Nossa Senhora de Lourdes,SE,Nordeste,60,0.3134560348895856,0.5833333333333334,0.05981534122031714,0.26987729844374775,4.511840824408439,0.6865439651104144
2903235,Barro Alto,BA,Nordeste,121,0.31354384734458995,0.2975206611570248,0.04208802029391358,-0.016023186187565153,-0.3807065781585905,0.68645615265541
2403806,Florânia,RN,Nordeste,50,0.3137681074492724,0.4,0.0655425533902302,0.0862318925507276,1.315662696833251,0.6862318925507276
1713957,Muricilândia,TO,Norte,32,0.3137991861102394,0.5,0.08199953363937859,0.18620081388976062,2.270754547320273,0.6862008138897606
2921500,Monte Santo,BA,Nordeste,251,0.31398320397436297,0.2749003984063745,0.029220261116797347,-0.03908280556798849,-1.3375241724147917,0.686016796025637
2802809,Indiaroba,SE,Nordeste,235,0.31407132709715263,0.3446808510638298,0.030253137990567485,0.030609523966677155,1.0117801325674312,0.6859286729028473
2111052,São João do Paraíso,MA,Nordeste,109,0.31413014735514166,0.44954128440366975,0.0443935648496566,0.13541113704852809,3.050242473365496,0.6858698526448583
2907806,Cícero Dantas,BA,Nordeste,156,0.31413297792502115,0.36538461538461536,0.037146272230309786,0.05125163745959421,1.3797249194166796,0.6858670220749788
2412302,São José do Campestre,RN,Nordeste,92,0.3154890273875307,0.5108695652173914,0.048400776805043025,0.19538053782986065,4.036723183531702,0.6845109726124693
2407203,Macau,RN,Nordeste,179,0.31558728678478826,0.31843575418994413,0.03468277297261504,0.0028484674051558745,0.082129171372917,0.6844127132152118
2410306,Serra Caiada,RN,Nordeste,66,0.3158835710308861,0.4090909090909091,0.05710000038095776,0.09320733806002302,1.6323526696701505,0.684116428969114
2921401,Mirangaba,BA,Nordeste,119,0.3160128812438295,0.29411764705882354,0.0423811807307094,-0.02189523418500594,-0.5166263376220818,0.6839871187561706
2410405,Pureza,RN,Nordeste,96,0.3160132109049882,0.3333333333333333,0.047402432191307235,0.01732012242834513,0.36538467812040526,0.6839867890950118
2930808,Souto Soares,BA,Nordeste,132,0.3163958238938112,0.3181818181818182,0.04046148188259065,0.0017859942880069646,0.04414060496324589,0.6836041761061888
1720309,São Sebastião do Tocantins,TO,Norte,49,0.3164291006455664,0.5918367346938775,0.06615971721043139,0.27540763404831115,4.162769214571064,0.6835708993544336
2802908,Itabaiana,SE,Nordeste,776,0.31670685378118,0.4059278350515464,0.016677857176698258,0.08922098127036637,5.3496669461244055,0.68329314621882
2110658,São Domingos do Azeitão,MA,Nordeste,116,0.31741074338167524,0.3706896551724138,0.04314538296744507,0.05327891179073857,1.2348693678519358,0.6825892566183247
2919157,Lapão,BA,Nordeste,301,0.3176189873874514,0.25249169435215946,0.02682520982755122,-0.06512729303529197,-2.427839090690058,0.6823810126125486
1502806,Curralinho,PA,Norte,510,0.3176595998478695,0.25882352941176473,0.020576145698137167,-0.05883607043610478,-2.859431076123816,0.6823404001521305
2911402,Glória,BA,Nordeste,85,0.3177989824300274,0.23529411764705882,0.05041906619126531,-0.08250486478296859,-1.6363822461523867,0.6822010175699726
2906303,Canavieiras,BA,Nordeste,272,0.31816612743605005,0.2867647058823529,0.028226541403801958,-0.03140142155369713,-1.1124785394170726,0.6818338725639499
1301407,Eirunepé,AM,Norte,415,0.3182890284542617,0.43373493975903615,0.022579893490809022,0.11544591130477444,5.112774838896642,0.6817109715457383
2914653,Itabela,BA,Nordeste,313,0.31839611554070796,0.24920127795527156,0.026309967953538526,-0.0691948375854364,-2.629985627790555,0.681603884459292
1302009,Itapiranga,AM,Norte,113,0.31849345367641557,0.30973451327433627,0.04348445745493261,-0.008758940402079307,-0.2014269215881811,0.6815065463235844
1706506,Darcinópolis,TO,Norte,82,0.31862369432036836,0.45121951219512196,0.051381176026934795,0.1325958178747536,2.5806302643840784,0.6813763056796316
2511806,Pirpirituba,PB,Nordeste,59,0.31936866546636156,0.423728813559322,0.060543756458555774,0.10436014809296046,1.7237144537669788,0.6806313345336384
2929008,São Félix,BA,Nordeste,83,0.3193868791074876,0.3132530120481928,0.051126272730177454,-0.006133867059294806,-0.11997485307929108,0.6806131208925124
2919553,Luís Eduardo Magalhães,BA,Nordeste,1313,0.31959325741300126,0.3571972581873572,0.012861486962699665,0.03760400077435594,2.923767748116019,0.6804067425869987
2805109,Pedrinhas,SE,Nordeste,62,0.3197273020335033,0.11290322580645161,0.0590941488830923,-0.20682407622705168,-3.4999078612032783,0.6802726979664967
2805505,Poço Verde,SE,Nordeste,153,0.31989205201291965,0.4117647058823529,0.0376405832384868,0.09187265386943327,2.440787202667338,0.6801079479870804
2605707,Floresta,PE,Nordeste,228,0.3202843899311086,0.5131578947368421,0.030877184643476795,0.19287350480573356,6.246473149438532,0.6797156100688915
2917508,Jacobina,BA,Nordeste,558,0.3205262956805962,0.2849462365591398,0.01974459206277357,-0.0355800591214564,-1.8020154079829787,0.6794737043194038
1713809,Palmeiras do Tocantins,TO,Norte,82,0.3207444898298112,0.5,0.05150750081317906,0.17925551017018881,3.4801826402014693,0.6792555101701888
2702405,Delmiro Gouveia,AL,Nordeste,560,0.32079190727454704,0.2839285714285714,0.019714229820042044,-0.03686333584597562,-1.8698846560315183,0.6792080927254529
2100832,Apicum-Açu,MA,Nordeste,165,0.3212001111860743,0.3878787878787879,0.03624357283436354,0.0666786766927136,1.8397379584358664,0.6787998888139257
2928109,Santa Maria da Vitória,BA,Nordeste,251,0.3214260219174764,0.26294820717131473,0.02946924417069073,-0.05847781474616165,-1.984367648096045,0.6785739780825236
2908507,Conceição do Jacuípe,BA,Nordeste,208,0.32161995242147107,0.375,0.032366149573077055,0.05338004757852893,1.6492554190916717,0.6783800475785289
2920452,Mansidão,BA,Nordeste,59,0.3216472558694276,0.3728813559322034,0.06070535552606911,0.05123410006277579,0.843979902906161,0.6783527441305723
2906873,Capim Grosso,BA,Nordeste,242,0.32167430825248117,0.29338842975206614,0.03000862031166354,-0.02828587850041503,-0.942591768853201,0.6783256917475189
2913606,Ilhéus,BA,Nordeste,1378,0.32208688808326097,0.2663280116110305,0.012575736077051853,-0.05575887647223049,-4.433845949898633,0.677913111916739
2412203,São José de Mipibu,RN,Nordeste,541,0.3222747481200643,0.3419593345656192,0.020066498316905212,0.01968458644555493,0.9809676872706516,0.6777252518799357
2912202,Ibicoara,BA,Nordeste,249,0.3222882740142821,0.3253012048192771,0.029612758452158064,0.0030129308049949843,0.10174434812827825,0.6777117259857179
2906204,Canarana,BA,Nordeste,255,0.3227413954872864,0.33725490196078434,0.029248036483780344,0.014513506473497917,0.49622156624245395,0.6772586045127136
2914000,Ipirá,BA,Nordeste,415,0.32280227151054913,0.344578313253012,0.022935200967699812,0.021776041742462893,0.9494593822452486,0.6771977284894508
2905503,Caldeirão Grande,BA,Nordeste,149,0.32298010825216933,0.28187919463087246,0.03826952303820517,-0.041100913621296864,-1.0739855205476447,0.6770198917478307
2211357,Várzea Branca,PI,Nordeste,48,0.32318924406934946,0.3125,0.06742317989502145,-0.010689244069349457,-0.15853960145446588,0.6768107559306505
2928208,Santana,BA,Nordeste,230,0.3232711593028418,0.3869565217391304,0.030826591291194104,0.06368536243628864,2.065922950569009,0.6767288406971582
1600204,Calçoene,AP,Norte,178,0.32329776953358785,0.39325842696629215,0.03412744010020281,0.0699606574327043,2.049982572009218,0.6767022304664121
2910701,Euclides da Cunha,BA,Nordeste,434,0.3233707804449757,0.31336405529953915,0.02242849937614061,-0.010006725145436546,-0.4461611531657655,0.6766292195550243
2929354,São José da Vitória,BA,Nordeste,77,0.3233965453918696,0.2727272727272727,0.053008660046664144,-0.05066927266459692,-0.9558678265021634,0.6766034546081303
2211209,Uruçuí,PI,Nordeste,280,0.3236058977950382,0.31785714285714284,0.02769328597354596,-0.0057487549378953395,-0.20758659493809595,0.6763941022049618
2908903,Coração de Maria,BA,Nordeste,169,0.32406346687404275,0.21301775147928995,0.035960344759499364,-0.1110457153947528,-3.0880047490484284,0.6759365331259573
2933158,Várzea Nova,BA,Nordeste,156,0.32413301334847094,0.1794871794871795,0.0373857880631351,-0.14464583386129146,-3.8690058804436966,0.675866986651529
2802106,Estância,SE,Nordeste,537,0.3242184351788675,0.31471135940409684,0.020181986624583165,-0.009507075774770668,-0.4710673905209282,0.6757815648211325
2925709,Presidente Jânio Quadros,BA,Nordeste,107,0.3247521385950175,0.3177570093457944,0.045219068699299085,-0.006995129249223131,-0.15469423520727127,0.6752478614049825
2804201,Monte Alegre de Sergipe,SE,Nordeste,169,0.324807655597102,0.35502958579881655,0.03598427861758239,0.030221930201714542,0.8398648343876404,0.675192344402898
2102309,Buriti Bravo,MA,Nordeste,245,0.32481437562097415,0.5714285714285714,0.029897394421875848,0.24661419580759725,8.248685230815642,0.6751856243790259
2101905,Bequimão,MA,Nordeste,77,0.3248720381275729,0.6103896103896104,0.05325405034095636,0.28551757226203744,5.361424538303202,0.6751279618724271
2903409,Belmonte,BA,Nordeste,168,0.3250603219962654,0.3392857142857143,0.03606800919414072,0.014225392289448913,0.39440469843730214,0.6749396780037347
2405603,Jardim de Piranhas,RN,Nordeste,97,0.3251227127259954,0.5670103092783505,0.047464345524588704,0.2418875965523551,5.096195762923693,0.6748772872740045
2929206,São Francisco do Conde,BA,Nordeste,342,0.32542394125397184,0.2573099415204678,0.025311903586009217,-0.06811399973350402,-2.6909868513861213,0.6745760587460281
2404705,Ipanguaçu,RN,Nordeste,130,0.32558632826200984,0.4,0.0403053570929715,0.07441367173799018,1.8462476728922603,0.6744136717379902
2931400,Teodoro Sampaio,BA,Nordeste,72,0.3256595835155717,0.3055555555555556,0.0551463189960211,-0.020104027960016146,-0.36455793108270174,0.6743404164844282
2706208,Palestina,AL,Nordeste,80,0.3257621475177579,0.5125,0.052215149451129,0.18673785248224206,3.5763155797728814,0.6742378524822421
2910800,Feira de Santana,BA,Nordeste,3528,0.32595355809092064,0.33191609977324266,0.00788871193262185,0.00596254168232202,0.7558320969568403,0.6740464419090794
2402105,Campo Redondo,RN,Nordeste,52,0.3263482137346034,0.40384615384615385,0.06499220239262421,0.07749794011155048,1.1924190481094623,0.6736517862653966
2407104,Macaíba,RN,Nordeste,556,0.3264576801121425,0.3057553956834532,0.019857295603205222,-0.020702284428689266,-1.0425530667603926,0.6735423198878575
2906808,Cansanção,BA,Nordeste,332,0.3267563367677134,0.2319277108433735,0.02563248172268329,-0.09482862592433988,-3.6995491482364713,0.6732436632322867
2914901,Itacaré,BA,Nordeste,218,0.3270406227323738,0.3119266055045872,0.031741948066250324,-0.015114017227786603,-0.47615279302459085,0.6729593772676262
2401305,Campo Grande,RN,Nordeste,71,0.3270492410741796,0.4507042253521127,0.055492328711559034,0.12365498427793309,2.2283257370703167,0.6729507589258203
2913903,Ipiaú,BA,Nordeste,326,0.32719269916958466,0.25153374233128833,0.025957675354544414,-0.07565895683829632,-2.9147046414944353,0.6728073008304154
2929255,São Gabriel,BA,Nordeste,158,0.3275805847613112,0.33544303797468356,0.03732991061661662,0.007862453213372367,0.21062073504865458,0.6724194152386889
2806305,Santa Luzia do Itanhy,SE,Nordeste,123,0.3281454599069268,0.21951219512195122,0.042302172876432405,-0.10863326478497556,-2.5680303728676277,0.6718545400930732
2708006,Santana do Ipanema,AL,Nordeste,513,0.3285889272455405,0.442495126705653,0.02071731057708643,0.11390619946011249,5.498117095666557,0.6714110727544595
2900405,Água Fria,BA,Nordeste,69,0.328665229066438,0.30434782608695654,0.05648640827691512,-0.024317402979481484,-0.4305000746421954,0.671334770933562
2106706,Mirador,MA,Nordeste,216,0.3288040820487011,0.5694444444444444,0.031442431713302715,0.24064036239574332,7.6533636008163075,0.671195917951299
1703057,Bandeirantes do Tocantins,TO,Norte,45,0.32907084032770356,0.37777777777777777,0.06996308456925106,0.048706937450074206,0.6961805322042793,0.6709291596722964
1714203,Natividade,TO,Norte,104,0.329116383635493,0.4423076923076923,0.04592787923758977,0.11319130867219929,2.4645446415378487,0.670883616364507
2905107,Caém,BA,Nordeste,79,0.3295414015560263,0.3670886075949367,0.05275639644109336,0.03754720603891043,0.7117090736255047,0.6704585984439737
1300508,Barreirinha,AM,Norte,410,0.32987931340764665,0.25121951219512195,0.022842071644559047,-0.0786598012125247,-3.4436369186006544,0.6701206865923534
2930154,Serra do Ramalho,BA,Nordeste,439,0.3301492033185385,0.26651480637813213,0.022429328864483736,-0.06363439694040635,-2.837106599349469,0.6698507966814615
2102150,Brejo de Areia,MA,Nordeste,93,0.33019334002181366,0.4946236559139785,0.04862776613943099,0.16443031589216484,3.3814079680463167,0.6698066599781863
2933000,Valente,BA,Nordeste,102,0.3302096611770184,0.37254901960784315,0.04648651878776643,0.04233935843082476,0.9107878915202173,0.6697903388229816
2111078,São João do Soter,MA,Nordeste,161,0.33025360975466567,0.5341614906832298,0.03682963980334258,0.20390788092856416,5.5365157524581035,0.6697463902453343
2205102,Itaueira,PI,Nordeste,64,0.33030331858639256,0.859375,0.05874927987172936,0.5290716814136074,9.005585814307166,0.6696966814136074
2507606,Juarez Távora,PB,Nordeste,50,0.33063339220746535,0.34,0.0663971381445442,0.009366607792534676,0.14106945049565095,0.6693666077925347
2922656,Nordestina,BA,Nordeste,176,0.33081905289536884,0.26136363636363635,0.0354261034950154,-0.06945541653173248,-1.960571716319441,0.6691809471046312
2920007,Maiquinique,BA,Nordeste,86,0.33081976793829293,0.32558139534883723,0.05065121689935935,-0.005238372589455698,-0.10342046865061506,0.6691802320617071
1703891,Carrasco Bonito,TO,Norte,34,0.3313094476109848,0.23529411764705882,0.08059008718821424,-0.09601532996392598,-1.1914037236327444,0.6686905523890152
2928802,Santo Estêvão,BA,Nordeste,499,0.3317908301657547,0.3186372745490982,0.02107597539274664,-0.013153555616656543,-0.6241018681955464,0.6682091698342453
2413904,Taipu,RN,Nordeste,93,0.33245183688636404,0.34408602150537637,0.04877931798720296,0.011634184619012333,0.23850650437680393,0.667548163113636
2923100,Olindina,BA,Nordeste,202,0.3325579448882208,0.21287128712871287,0.033117567242018586,-0.11968665775950796,-3.6139930474015336,0.6674420551117792
1302801,Maraã,AM,Norte,184,0.3328901567267388,0.5163043478260869,0.03460038582094922,0.18341419109934815,5.300929071961325,0.6671098432732612
2705804,Olho d'Água do Casado,AL,Nordeste,139,0.33298911054666,0.3597122302158273,0.039897816157298566,0.026723119669167295,0.6697890321568089,0.66701088945334
2908408,Conceição do Coité,BA,Nordeste,446,0.3332498111120746,0.3094170403587444,0.02231222248147835,-0.02383277075333018,-1.0681486693274977,0.6667501888879255
2413359,Serra do Mel,RN,Nordeste,88,0.33331014536594106,0.2840909090909091,0.05023373525037833,-0.04921923627503194,-0.9798044288307478,0.6666898546340589
2806602,Santo Amaro das Brotas,SE,Nordeste,101,0.33341439522710603,0.37623762376237624,0.04678927089533138,0.04282322853527021,0.9152360726258527,0.666585604772894
2912103,Ibicaraí,BA,Nordeste,166,0.3334779776945771,0.3795180722891566,0.03655370531827133,0.04604009459457953,1.259519225033705,0.6665220223054229
2707909,Santa Luzia do Norte,AL,Nordeste,68,0.3336050129963621,0.38235294117647056,0.056980718671052144,0.04874792818010848,0.8555162047275798,0.6663949870036379
2406106,Jucurutu,RN,Nordeste,112,0.3338190495302447,0.4642857142857143,0.044512549166805616,0.13046666475546959,2.931008607630196,0.6661809504697553
2807105,Simão Dias,SE,Nordeste,358,0.33395782179667954,0.36033519553072624,0.024888525479529886,0.026377373734046694,1.0598206693980865,0.6660421782033205
1703701,Brejinho de Nazaré,TO,Norte,63,0.33398298901723594,0.49206349206349204,0.059358471865830806,0.1580805030462561,2.6631498095767823,0.6660170109827641
2203354,Dirceu Arcoverde,PI,Nordeste,44,0.33426697246831955,0.11363636363636363,0.07083395286434425,-0.2206306088319559,-3.1147578231937825,0.6657330275316804
2204352,Geminiano,PI,Nordeste,43,0.33463456884622533,0.5348837209302325,0.07193407475902287,0.20024915208400718,2.78378713780411,0.6653654311537747
1712454,Luzinópolis,TO,Norte,47,0.3348991196055395,0.48936170212765956,0.06880849058245671,0.15446258252212008,2.244818643958186,0.6651008803944605
2922805,Nova Itarana,BA,Nordeste,101,0.3353442956527511,0.3465346534653465,0.046641834311107445,0.01119035781259542,0.2399210489440487,0.664655704347249
2210409,São Miguel do Tapuio,PI,Nordeste,104,0.3353471640697046,0.4519230769230769,0.04627011850251229,0.11657591285337232,2.519464324411503,0.6646528359302954
2515302,Sapé,PB,Nordeste,376,0.33581774589964847,0.39361702127659576,0.024303034318764516,0.05779927537694729,2.3782740302646133,0.6641822541003515
2100550,Amapá do Maranhão,MA,Nordeste,102,0.33642073583818977,0.43137254901960786,0.04624137823683899,0.0949518131814181,2.053394963599357,0.6635792641618102
1705607,Conceição do Tocantins,TO,Norte,69,0.33689296111041317,0.36231884057971014,0.056841607540075216,0.025425879469296975,0.44731105557440276,0.6631070388895868
2914505,Irará,BA,Nordeste,83,0.3370081505960593,0.3253012048192771,0.05182071026753593,-0.011706945776782218,-0.2259124916725863,0.6629918494039406
2930600,Serrolândia,BA,Nordeste,144,0.33703295511422027,0.2569444444444444,0.03932527680545192,-0.08008851066977585,-2.0365657199562968,0.6629670448857797
1500347,Água Azul do Norte,PA,Norte,185,0.33709182503962737,0.4864864864864865,0.03457763230402871,0.14939466144685914,4.320557872016381,0.6629081749603727
2801306,Capela,SE,Nordeste,317,0.33733610539461667,0.35962145110410093,0.026541277762743978,0.02228534570948426,0.8396485620886809,0.6626638946053833
2903805,Boa Vista do Tupim,BA,Nordeste,140,0.33744965436152013,0.32142857142857145,0.039910859496245114,-0.016021082932948683,-0.4014216465184363,0.6625503456384798
2800506,Areia Branca,SE,Nordeste,147,0.33745446342724905,0.4557823129251701,0.03895057199232768,0.11832784949792102,3.0378976083131395,0.662545536572751
2407609,Messias Targino,RN,Nordeste,38,0.3376400592871828,0.2631578947368421,0.076690906728626,-0.07448216455034073,-0.9711994254273066,0.6623599407128171
2800308,Aracaju,SE,Nordeste,3664,0.3378728485978444,0.4443231441048035,0.007803406468829076,0.10645029550695911,13.641516167609335,0.6621271514021556
1508209,Vigia,PA,Norte,447,0.3379637513360019,0.3825503355704698,0.022363658557984927,0.044586584234467874,1.9937070725195931,0.6620362486639981
2705408,Monteirópolis,AL,Nordeste,90,0.33800125822358196,0.3111111111111111,0.049570317152269935,-0.02689014711247084,-0.5424646977720513,0.661998741776418
2932200,Ubaitaba,BA,Nordeste,151,0.33811795093197466,0.31125827814569534,0.03843763662025771,-0.02685967278627932,-0.6987857513623384,0.6618820490680253
2806008,Ribeirópolis,SE,Nordeste,111,0.33812568270921756,0.4144144144144144,0.044845134640978175,0.07628873170519684,1.7011596088617031,0.6618743172907824
2906402,Candeal,BA,Nordeste,52,0.3381601509034495,0.3076923076923077,0.0653987770646559,-0.030467843211141765,-0.4658778738480081,0.6618398490965505
2211100,União,PI,Nordeste,468,0.33842965309542333,0.3547008547008547,0.02185508890513364,0.016271201605431385,0.7445040226585109,0.6615703469045766
2930303,Serra Dourada,BA,Nordeste,136,0.3385234665968387,0.33088235294117646,0.04055821251046036,-0.007641113655662224,-0.18839867890360076,0.6614765334031614
2612901,São Benedito do Sul,PE,Nordeste,71,0.3385745777606575,0.7183098591549296,0.05607044679261329,0.3797352813942721,6.772467549595099,0.6614254222393425
2911204,Gandu,BA,Nordeste,214,0.33881288507170815,0.4719626168224299,0.032324153382383015,0.13314973175072176,4.119202448262409,0.6611871149282919
2926509,Ribeira do Amparo,BA,Nordeste,162,0.338818286174761,0.3395061728395062,0.037106897243518386,0.0006878866647451742,0.018537973149057356,0.6611817138252389
5005608,Miranda,MS,Centro-Oeste,396,0.33885685034582025,0.39646464646464646,0.023735391059109802,0.057607796118826216,2.4270843473933814,0.6611431496541798
2403400,Equador,RN,Nordeste,47,0.3395399613080065,0.5957446808510638,0.0690367678319213,0.2562047195430573,3.711134335935598,0.6604600386919934
2906105,Canápolis,BA,Nordeste,88,0.3404668031929368,0.29545454545454547,0.05048655979741472,-0.04501225773839135,-0.89156912095041,0.6595331968070632
2907707,Chorrochó,BA,Nordeste,105,0.3405854837273651,0.3619047619047619,0.046203173985524905,0.021319278177396817,0.4614245372855982,0.6594145162726349
3137007,Ladainha,MG,Sudeste,85,0.3407109225518291,0.5647058823529412,0.051384098721626165,0.22399495980111206,4.359227180661606,0.6592890774481709
1711803,Juarina,TO,Norte,36,0.34071873113090884,0.5,0.07891334769126368,0.15928126886909116,2.018432540617268,0.6592812688690912
1500305,Afuá,PA,Norte,615,0.34075500801925623,0.3902439024390244,0.018576227847463135,0.04948889441976817,2.664098159547856,0.6592449919807437
2412559,São Miguel do Gostoso,RN,Nordeste,81,0.3408654273619259,0.30864197530864196,0.05264242973269103,-0.03222345205328392,-0.6121193914663309,0.6591345726380742
2919603,Macajuba,BA,Nordeste,146,0.340908338503223,0.3013698630136986,0.03917775770450934,-0.03953847548952438,-1.0092072085323434,0.659091661496777
2201960,Brasileira,PI,Nordeste,94,0.34091034877236837,0.425531914893617,0.048826254898819796,0.08462156612124866,1.7331160519397955,0.6590896512276316
2921708,Morro do Chapéu,BA,Nordeste,219,0.341256219287741,0.2831050228310502,0.032003224417300614,-0.05815119645669081,-1.8170417986149818,0.6587437807122589
2932309,Ubatã,BA,Nordeste,105,0.3413493669297923,0.41904761904761906,0.04604914635451333,0.07769825211782677,1.6872897386557413,0.6586506330702078
2516151,Sossêgo,PB,Nordeste,55,0.34143796970049695,0.6727272727272727,0.06384353496847338,0.3312893030267758,5.189081450304561,0.658562030299503
1303601,Santa Isabel do Rio Negro,AM,Norte,136,0.3415554896432056,0.36764705882352944,0.0402096743616084,0.026091569180323848,0.6488878508609782,0.6584445103567944
2919207,Lauro de Freitas,BA,Nordeste,1280,0.3416621848371302,0.2875,0.013253028389411056,-0.0541621848371302,-4.086777998635004,0.6583378151628698
2210938,Sussuapara,PI,Nordeste,62,0.3417528446363278,0.5645161290322581,0.06021651553583352,0.2227632843959303,3.6993718818447534,0.6582471553636722
2918407,Juazeiro,BA,Nordeste,2494,0.34175327704645386,0.29310344827586204,0.00949575307579805,-0.04864982877059182,-5.1233249624599315,0.6582467229535461
2406205,Lagoa d'Anta,RN,Nordeste,45,0.342151292352005,0.28888888888888886,0.07046634266790174,-0.053262403463116115,-0.7558559369844773,0.6578487076479951
5107776,Santa Terezinha,MT,Centro-Oeste,80,0.342288353247074,0.4,0.053017938508362374,0.057711646752926005,1.0885305686456161,0.657711646752926
2112274,Tufilândia,MA,Nordeste,73,0.3424479064819903,0.3561643835616438,0.05537079893665908,0.01371647707965351,0.24772041117456783,0.6575520935180097
2932705,Uruçuca,BA,Nordeste,159,0.3425828038742485,0.2641509433962264,0.03756430939593762,-0.07843186047802209,-2.0879356426157023,0.6574171961257516
1600550,Pracuúba,AP,Norte,48,0.34267785363682174,0.2916666666666667,0.06777954065200369,-0.051011186970155054,-0.7526044950947461,0.6573221463631782
2408201,Nísia Floresta,RN,Nordeste,287,0.34310921767499963,0.4843205574912892,0.027985989814742512,0.14121133981628958,5.04578686518002,0.6568907823250003
2910305,Elísio Medrado,BA,Nordeste,34,0.34311289376894144,0.35294117647058826,0.08138351126960697,0.009828282701646818,0.12076503640998879,0.6568871062310586
2104081,Fernando Falcão,MA,Nordeste,73,0.34321210764727234,0.7945205479452054,0.055121441525523195,0.4513084402979331,8.187529712715536,0.6567878923527277
2405108,Jandaíra,RN,Nordeste,60,0.3438741178242768,0.2833333333333333,0.06099786570082533,-0.06054078449094347,-0.992506603228977,0.6561258821757232
2414605,Upanema,RN,Nordeste,60,0.34438758415540943,0.36666666666666664,0.06051158676217203,0.02227908251125721,0.36817878530967,0.6556124158445906
2913457,Igrapiúna,BA,Nordeste,55,0.34453267736927934,0.43636363636363634,0.0638909141223984,0.091830958994357,1.437308579095186,0.6554673226307206
2915304,Itagimirim,BA,Nordeste,80,0.34465003327656396,0.25,0.05310193551227464,-0.09465003327656396,-1.7824215325387787,0.655349966723436
2912400,Ibipeba,BA,Nordeste,160,0.3447384604833786,0.36875,0.03745878583456893,0.02401153951662144,0.6410122213428053,0.6552615395166215
1504604,Mocajuba,PA,Norte,294,0.34482623043344046,0.3707482993197279,0.027713951171562806,0.025922068886287453,0.9353436731492116,0.6551737695665596
2702900,Girau do Ponciano,AL,Nordeste,395,0.3448952649081286,0.39746835443037976,0.02388544215073094,0.05257308952225115,2.201051552258676,0.6551047350918714
2929404,São Miguel das Matas,BA,Nordeste,68,0.3451211077705317,0.36764705882352944,0.05747080135361094,0.02252595105299776,0.3919547060845435,0.6548788922294684
2413706,Sítio Novo,RN,Nordeste,39,0.3451294941998525,0.48717948717948717,0.07608573045315256,0.14204999297963466,1.8669728493583637,0.6548705058001475
2926103,Retirolândia,BA,Nordeste,123,0.34523850936823813,0.23577235772357724,0.042857079535315236,-0.10946615164466089,-2.554213978917024,0.6547614906317618
2932804,Utinga,BA,Nordeste,115,0.34526106196515866,0.33043478260869563,0.044313314982141146,-0.014826279356463024,-0.3345784300370715,0.6547389380348414
1502905,Curuçá,PA,Norte,315,0.345749256940949,0.3396825396825397,0.026776751340317727,-0.006066717258409293,-0.22656659059587425,0.654250743059051
2906501,Candeias,BA,Nordeste,510,0.3458310749494565,0.36666666666666664,0.021046860318306933,0.020835591717210167,0.9899619896791446,0.6541689250505436
2806206,Salgado,SE,Nordeste,175,0.34588717363488797,0.4514285714285714,0.03594158715767477,0.10554139779368343,2.936470148930156,0.654112826365112
2703908,Jundiá,AL,Nordeste,52,0.34681225006682015,0.4423076923076923,0.06591742754425843,0.09549544224087214,1.4487131218334388,0.6531877499331799
2910057,Dias d'Ávila,BA,Nordeste,555,0.34697968342845154,0.3225225225225225,0.020159187671775203,-0.024457160905929032,-1.2132017075356367,0.6530203165715485
1507201,São Domingos do Capim,PA,Norte,184,0.34699111731090837,0.32608695652173914,0.03504541509514686,-0.020904160789169235,-0.5964877497502968,0.6530088826890916
1507474,São João de Pirabas,PA,Norte,222,0.3473917492852404,0.40540540540540543,0.031917442407521715,0.058013656120165014,1.8176160664581766,0.6526082507147596
2921302,Milagres,BA,Nordeste,76,0.3474463808653169,0.4605263157894737,0.054529653861547706,0.1130799349241568,2.073732857561683,0.6525536191346831
1703305,Bom Jesus do Tocantins,TO,Norte,59,0.34754988340946236,0.288135593220339,0.06193773193381927,-0.059414290189123364,-0.9592584089551065,0.6524501165905376
2702553,Estrela de Alagoas,AL,Nordeste,137,0.3476728805024528,0.36496350364963503,0.04045595986677617,0.017290623147182216,0.42739371909902135,0.6523271194975472
2709202,Traipu,AL,Nordeste,160,0.3477637893218669,0.475,0.03741816553885858,0.12723621067813307,3.4003861185016913,0.6522362106781331
1702406,Arraias,TO,Norte,85,0.3481556560519678,0.611764705882353,0.05155784768793739,0.2636090498303852,5.112879254113237,0.6518443439480321
1720804,Sítio Novo do Tocantins,TO,Norte,144,0.3482518231379267,0.5069444444444444,0.039679349374498185,0.15869262130651773,3.9993755897748935,0.6517481768620733
2708709,São Miguel dos Milagres,AL,Nordeste,155,0.34894328371008476,0.5032258064516129,0.03824005589219513,0.1542825227415281,4.03457890272115,0.6510567162899152
1508308,Viseu,PA,Norte,682,0.349163920838156,0.3841642228739003,0.018241190577352722,0.03500030203574428,1.9187509656962176,0.6508360791618439
1501782,Breu Branco,PA,Norte,503,0.34938726674468074,0.510934393638171,0.0212501166975455,0.1615471268934902,7.602175987680564,0.6506127332553193
2911501,Gongogi,BA,Nordeste,68,0.349410008982168,0.5,0.05743977845215271,0.150589991017832,2.6217021561681917,0.650589991017832
2930907,Tabocas do Brejo Velho,BA,Nordeste,127,0.3494613694367229,0.4330708661417323,0.04222389782236953,0.08360949670500939,1.980146339325273,0.6505386305632771
2928059,Santa Luzia,BA,Nordeste,95,0.34953826584511327,0.28421052631578947,0.048852127158152,-0.0653277395293238,-1.3372547589961494,0.6504617341548867
2706802,Piaçabuçu,AL,Nordeste,226,0.3495925077575136,0.4247787610619469,0.0316865423597801,0.07518625330443329,2.3728134313533564,0.6504074922424864
2905909,Campo Alegre de Lourdes,BA,Nordeste,189,0.3499836550161042,0.2804232804232804,0.034552765323707595,-0.06956037459282377,-2.0131637494466035,0.6500163449838958
2205300,Jerumenha,PI,Nordeste,57,0.35016350833359655,0.7543859649122807,0.06297362363662234,0.40422245657868416,6.41891689306582,0.6498364916664034
2404101,Galinhos,RN,Nordeste,35,0.35060947305069023,0.5714285714285714,0.08058606902111658,0.22081909837788116,2.7401646594775366,0.6493905269493098
1303569,Rio Preto da Eva,AM,Norte,356,0.35063508596472426,0.46629213483146065,0.025276113797595166,0.11565704886673639,4.575744902594176,0.6493649140352757
1507003,Santo Antônio do Tauá,PA,Norte,331,0.35076789459736546,0.31722054380664655,0.02618043813484759,-0.03354735079071891,-1.2813899682628138,0.6492321054026345
2804508,Nossa Senhora da Glória,SE,Nordeste,434,0.35087741613478274,0.3778801843317972,0.02286230889581491,0.02700276819701447,1.1811041623165848,0.6491225838652173
2516102,Soledade,PB,Nordeste,111,0.3510568609859837,0.46846846846846846,0.045280328250839844,0.11741160748248475,2.592993735205686,0.6489431390140163
2908200,Conceição da Feira,BA,Nordeste,142,0.35175218687604953,0.2746478873239437,0.03991716188495091,-0.07710429955210585,-1.931607757443667,0.6482478131239504
2413300,Serra de São Bento,RN,Nordeste,43,0.3523572562725195,0.4186046511627907,0.07275436881210594,0.0662473948902712,0.9105624304343906,0.6476427437274805
2704401,Major Isidoro,AL,Nordeste,190,0.35260093774862483,0.37894736842105264,0.0345607819707054,0.026346430672427812,0.7623216018306449,0.6473990622513752
2932903,Valença,BA,Nordeste,417,0.35264241579828043,0.31894484412470026,0.023384931016166784,-0.03369757167358017,-1.4409951284561804,0.6473575842017196
1504950,Nova Esperança do Piriá,PA,Norte,218,0.35305723368682407,0.4954128440366973,0.03227262263081778,0.1423556103498732,4.411033214695571,0.6469427663131759
2111532,São Pedro da Água Branca,MA,Nordeste,157,0.35305843883962224,0.5668789808917197,0.03805930409219293,0.2138205420520975,5.618088589695425,0.6469415611603777
2922607,Nilo Peçanha,BA,Nordeste,97,0.35310036838463127,0.5051546391752577,0.04849988640510349,0.15205427079062644,3.1351469469550395,0.6468996316153688
2209872,São João da Fronteira,PI,Nordeste,45,0.3532350430259881,0.4444444444444444,0.07094882930492158,0.09120940141845629,1.2855659820186671,0.6467649569740119
2405207,Janduís,RN,Nordeste,43,0.3534026504084092,0.37209302325581395,0.07275565756742004,0.018690372847404768,0.2568923637324709,0.6465973495915909
1505304,Oriximiná,PA,Norte,734,0.35358527077817165,0.31607629427792916,0.01758960876847442,-0.037508976500242486,-2.132450868803247,0.6464147292218283
1722081,Wanderlândia,TO,Norte,94,0.3536763890225897,0.43617021276595747,0.04927924135826344,0.08249382374336778,1.6740075835103074,0.6463236109774103
2707206,Poço das Trincheiras,AL,Nordeste,163,0.3536776799018433,0.49079754601226994,0.037250261602924446,0.13711986611042665,3.6810443795557566,0.6463223200981567
2910727,Eunápolis,BA,Nordeste,787,0.3540024300500859,0.38373570520965694,0.01704247299398717,0.029733275159571027,1.7446573141152317,0.6459975699499141
1702208,Araguatins,TO,Norte,312,0.3542294238189946,0.5064102564102564,0.027070174717680234,0.1521808325912618,5.621715935651814,0.6457705761810054
2931301,Tapiramutá,BA,Nordeste,110,0.3542902604259438,0.41818181818181815,0.04534948439027367,0.06389155775587435,1.4088706545377503,0.6457097395740562
2926301,Riachão do Jacuípe,BA,Nordeste,172,0.35448937918566537,0.38372093023255816,0.03639227740368571,0.02923155104689279,0.8032350029276348,0.6455106208143346
1503754,Jacareacanga,PA,Norte,187,0.3547073185711908,0.2620320855614973,0.03444616239056623,-0.09267523300969349,-2.6904370930758446,0.6452926814288091
2703809,Joaquim Gomes,AL,Nordeste,197,0.35492049570931516,0.27411167512690354,0.03399516837344652,-0.08080882058241162,-2.377067814305372,0.6450795042906848
2202059,Cabeceiras do Piauí,PI,Nordeste,84,0.355167718347326,0.5238095238095238,0.052134615371482014,0.1686418054621978,3.23473769319196,0.6448322816526739
2906006,Campo Formoso,BA,Nordeste,619,0.3552946045856832,0.39095315024232635,0.019215769954816202,0.03565854565664317,1.8556917438380232,0.6447053954143168
2702603,Feira Grande,AL,Nordeste,223,0.3555090282622477,0.4484304932735426,0.03198934440908519,0.09292146501129495,2.9047630305579073,0.6444909717377523
2803906,Malhador,SE,Nordeste,128,0.3555694679218291,0.375,0.04228688399073572,0.019430532078170915,0.4594931157005512,0.6444305320781709
1718758,Rio Sono,TO,Norte,71,0.3561314042582418,0.2676056338028169,0.05664177805292134,-0.08852577045542492,-1.5629059238344152,0.6438685957417583
2504207,Catingueira,PB,Nordeste,50,0.3566791562584564,0.96,0.06746178100832041,0.6033208437415436,8.943150250763953,0.6433208437415436
2209658,São Francisco de Assis do Piauí,PI,Nordeste,57,0.356701335463051,0.3684210526315789,0.06327529690580155,0.011719717168527932,0.1852178929476249,0.643298664536949
2708808,São Sebastião,AL,Nordeste,336,0.35701249365632454,0.4226190476190476,0.026126797146137477,0.06560655396272308,2.511082915971665,0.6429875063436754
5106422,Peixoto de Azevedo,MT,Centro-Oeste,467,0.35739253214171335,0.42184154175588867,0.022170377893090374,0.06444900961417532,2.9069874192023364,0.6426074678582867
1716208,Paranã,TO,Norte,120,0.3574274239280626,0.6833333333333333,0.043539577254262746,0.32590590940527076,7.485279599800499,0.6425725760719374
2505204,Cuitegi,PB,Nordeste,57,0.3576140188429472,0.24561403508771928,0.0633967746549167,-0.1119999837552279,-1.7666511327251224,0.6423859811570528
2506905,Itabaiana,PB,Nordeste,158,0.35808368193741175,0.5379746835443038,0.037886684870677596,0.17989100160689203,4.7481325489662645,0.6419163180625882
2918357,João Dourado,BA,Nordeste,254,0.35810357948613175,0.531496062992126,0.030035691650552677,0.1733924835059943,5.772881328098324,0.6418964205138682
1701051,Angico,TO,Norte,34,0.3581131577828087,0.5882352941176471,0.08217666927677236,0.23012213633483836,2.800334186821119,0.6418868422171913
2912707,Ibirapitanga,BA,Nordeste,204,0.3581875170633418,0.22058823529411764,0.033509007069154544,-0.13759928176922415,-4.106337185260437,0.6418124829366583
1721208,Tocantinópolis,TO,Norte,218,0.35826113779219665,0.3577981651376147,0.03245319441791285,-0.00046297265458195014,-0.014265857734066635,0.6417388622078033
2915502,Itajuípe,BA,Nordeste,88,0.35846768339186713,0.3409090909090909,0.05102571168173869,-0.017558592482776247,-0.3441126425103875,0.6415323166081328
2927200,Ruy Barbosa,BA,Nordeste,247,0.3584945995285921,0.2793522267206478,0.030510018419480655,-0.07914237280794428,-2.5939798435982544,0.6415054004714079
2911857,Heliópolis,BA,Nordeste,66,0.3585216448195405,0.36363636363636365,0.058985953848877976,0.005114718816823127,0.08671079270714241,0.6414783551804595
5005152,Juti,MS,Centro-Oeste,160,0.35862842076956497,0.48125,0.03789273315865648,0.12262157923043504,3.236018334096402,0.6413715792304351
2209203,Santa Filomena,PI,Nordeste,100,0.3587643659154711,0.62,0.04768224292756949,0.2612356340845289,5.478677554689536,0.6412356340845289
2918605,Jussiape,BA,Nordeste,39,0.3589434783987308,0.3333333333333333,0.07670192067886127,-0.025610145065397494,-0.33389183528562594,0.6410565216012691
3303500,Nova Iguaçu,RJ,Sudeste,6380,0.35905876661861663,0.3360501567398119,0.00600508737619635,-0.02300860987880471,-3.8315195828804853,0.6409412333813833
1301159,Careiro da Várzea,AM,Norte,112,0.35922395944939717,0.33035714285714285,0.04526227010194628,-0.02886681659225432,-0.6377677594878973,0.6407760405506029
2911006,Floresta Azul,BA,Nordeste,78,0.3594282424552092,0.41025641025641024,0.05426674954802891,0.05082816780120103,0.9366355682721598,0.6405717575447908
1507409,São Francisco do Pará,PA,Norte,103,0.3596651973924772,0.3786407766990291,0.04716712364622651,0.018975579306551915,0.40230520412643417,0.6403348026075228
2908606,Conde,BA,Nordeste,167,0.3596658817159498,0.281437125748503,0.03711690011696248,-0.07822875596744683,-2.107631718191255,0.6403341182840502
2806107,Rosário do Catete,SE,Nordeste,128,0.3598408211148093,0.390625,0.04239951335439047,0.030784178885190694,0.7260502880748982,0.6401591788851907
2905701,Camaçari,BA,Nordeste,2552,0.3598819796363406,0.36559561128526646,0.009495955418099488,0.005713631648925854,0.6016910776598166,0.6401180203636594
2909307,Correntina,BA,Nordeste,214,0.35999634535423125,0.26635514018691586,0.03274146776918922,-0.09364120516731539,-2.860018549792529,0.6400036546457688
2401701,Bom Jesus,RN,Nordeste,94,0.36006990813778555,0.5106382978723404,0.049456613613129516,0.15056838973455483,3.044454092881576,0.6399300918622144
2201408,Barro Duro,PI,Nordeste,50,0.3601381652136187,0.4,0.0678640873633917,0.039861834786381334,0.5873774530103565,0.6398618347863814
2912905,Ibirataia,BA,Nordeste,195,0.36017386839228527,0.37435897435897436,0.034257511622444746,0.014185105966689093,0.41407286445742114,0.6398261316077147
2406502,Lagoa Nova,RN,Nordeste,161,0.36047322721919584,0.36024844720496896,0.03782132897922633,-0.00022478001422687743,-0.005943207716215886,0.6395267727808042
2914307,Iramaia,BA,Nordeste,33,0.3605640030727505,0.36363636363636365,0.08347187883875183,0.0030723605636131524,0.03680713320887667,0.6394359969272495
2204907,Isaías Coelho,PI,Nordeste,90,0.3605676579047291,0.34444444444444444,0.050537264734077395,-0.01612321346028467,-0.3190361319537887,0.6394323420952709
2401453,Baraúna,RN,Nordeste,183,0.3607090907638456,0.4426229508196721,0.03546559575693334,0.08191386005582652,2.3096710574730097,0.6392909092361544
2804607,Nossa Senhora das Dores,SE,Nordeste,221,0.3607416160880539,0.28054298642533937,0.0322495641555574,-0.08019862966271452,-2.4868128225197825,0.6392583839119461
2801405,Carira,SE,Nordeste,123,0.36087915570351387,0.34959349593495936,0.043235821231893075,-0.011285659768554501,-0.26102568303316026,0.6391208442964862
1718881,Santa Maria do Tocantins,TO,Norte,41,0.3613240605484597,0.4146341463414634,0.07497543241680041,0.05331008579300367,0.7110340557510143,0.6386759394515402
2924058,Pé de Serra,BA,Nordeste,51,0.3614099566079868,0.39215686274509803,0.06716290242861278,0.03074690613711123,0.45779597106888004,0.6385900433920132
3301157,Cardoso Moreira,RJ,Sudeste,163,0.361792657832137,0.3619631901840491,0.037620963050218795,0.00017053235191211158,0.0045329076686440595,0.638207342167863
2703106,Igaci,AL,Nordeste,242,0.3621473126134582,0.23553719008264462,0.030876091128182077,-0.1266101225308136,-4.100587798021185,0.6378526873865418
1504505,Melgaço,PA,Norte,354,0.362335146722453,0.2909604519774011,0.025336034939140908,-0.07137469474505187,-2.8171217365503063,0.6376648532775471
1504703,Moju,PA,Norte,769,0.3627515115591426,0.3420026007802341,0.017318915184995804,-0.020748910778908503,-1.198049101648368,0.6372484884408574
2501005,Araruna,PB,Nordeste,133,0.36286132580862673,0.40601503759398494,0.04161012513026852,0.043153711785358206,1.0370964194473626,0.6371386741913733
5002605,Camapuã,MS,Centro-Oeste,182,0.3632982861875274,0.5879120879120879,0.03561843267340739,0.22461380172456052,6.306111326797837,0.6367017138124726
2909802,Cruz das Almas,BA,Nordeste,432,0.3633184445587752,0.33564814814814814,0.023130205088626572,-0.02767029641062707,-1.196284092795741,0.6366815554412248
1300680,Boa Vista do Ramos,AM,Norte,178,0.363362351423197,0.38202247191011235,0.035528602981136845,0.018660120486915344,0.5252140225390382,0.636637648576803
2203255,Curralinhos,PI,Nordeste,41,0.36398628008140416,0.2682926829268293,0.07502310271418702,-0.09569359715457487,-1.2755217218772668,0.6360137199185958
2916203,Itapé,BA,Nordeste,65,0.36413525894316323,0.35384615384615387,0.05957194916995446,-0.010289105097009366,-0.17271728120990792,0.6358647410568368
5106505,Poconé,MT,Centro-Oeste,371,0.3643567278746656,0.38544474393531,0.024954671696808657,0.021088016060644366,0.8450528348702427,0.6356432721253344
2706604,Paulo Jacinto,AL,Nordeste,78,0.3645735367825942,0.38461538461538464,0.054418539720224236,0.02004184783279045,0.3682908055936321,0.6354264632174058
1504901,Muaná,PA,Norte,592,0.36460255002212005,0.33614864864864863,0.019753228466734243,-0.028453901373471424,-1.4404683984387512,0.63539744997788
2806800,São Domingos,SE,Nordeste,47,0.3646044658039414,0.2978723404255319,0.07014142059469637,-0.0667321253784095,-0.9513939810830598,0.6353955341960587
1702307,Arapoema,TO,Norte,65,0.3647015648806553,0.676923076923077,0.0594753146539159,0.31222151204242166,5.249598322585163,0.6352984351193447
2918555,Jussari,BA,Nordeste,57,0.36473215761795214,0.3157894736842105,0.06365653159961576,-0.048942683933741626,-0.7688556492769557,0.6352678423820479
5106778,Porto Alegre do Norte,MT,Centro-Oeste,158,0.3647704363235637,0.5253164556962026,0.038251365587502265,0.16054601937263885,4.197131707765578,0.6352295636764362
1710904,Itapiratins,TO,Norte,45,0.3648245698655459,0.5333333333333333,0.07170139648765847,0.16850876346778743,2.350146185741192,0.6351754301344541
2210623,Sebastião Barros,PI,Nordeste,56,0.3648454949359276,0.5,0.06426709143555438,0.1351545050640724,2.1030126312718282,0.6351545050640723
1500404,Alenquer,PA,Norte,745,0.3649488638441973,0.35570469798657717,0.017613895378620424,-0.009244165857620112,-0.524822343888825,0.6350511361558027
3300456,Belford Roxo,RJ,Sudeste,3174,0.36521531237215543,0.391304347826087,0.008544239102220554,0.02608903545393154,3.0534065282830496,0.6347846876278446
2103174,Centro Novo do Maranhão,MA,Nordeste,178,0.3652596576642346,0.3707865168539326,0.0360465051002054,0.005526859189697975,0.1533257988349745,0.6347403423357654
1502855,Curuá,PA,Norte,172,0.36530819631738215,0.42441860465116277,0.036631474179801574,0.05911040833378062,1.6136508196105803,0.6346918036826179
2205458,Joca Marques,PI,Nordeste,45,0.3654200215993923,0.4444444444444444,0.07112503649514945,0.07902442284505212,1.1110633714815934,0.6345799784006076
2407500,Maxaranguape,RN,Nordeste,98,0.3655541417931699,0.35714285714285715,0.04863308315718546,-0.008411284650312767,-0.17295396681158212,0.6344458582068301
5007109,Ribas do Rio Pardo,MS,Centro-Oeste,419,0.3655560243488865,0.42720763723150357,0.023463411541567968,0.06165161288261706,2.627563889138396,0.6344439756511135
2925501,Prado,BA,Nordeste,391,0.36585637646003183,0.3273657289002558,0.024338505919770236,-0.03849064755977605,-1.5814712573835517,0.6341436235399682
2916708,Itaquara,BA,Nordeste,73,0.3661706957831527,0.3424657534246575,0.05630842139227708,-0.023704942358495185,-0.4209839624761068,0.6338293042168472
2402808,Coronel Ezequiel,RN,Nordeste,40,0.3661714286073526,0.325,0.07602046590766,-0.04117142860735257,-0.5415834817082334,0.6338285713926475
2707404,Porto de Pedras,AL,Nordeste,133,0.3662359476211745,0.2706766917293233,0.04170764395215875,-0.09555925589185121,-2.2911688802528283,0.6337640523788255
1500503,Almeirim,PA,Norte,355,0.36623747354085723,0.39154929577464787,0.025552915742530966,0.025311822233790637,0.9905649315651659,0.6337625264591428
1507805,Senador José Porfírio,PA,Norte,327,0.366360769150986,0.37003058103975534,0.026616871389110314,0.0036698118887693587,0.13787540372873344,0.633639230849014
2500908,Arara,PB,Nordeste,53,0.36658373227320656,0.5283018867924528,0.0660900493475732,0.16171815451924626,2.446936507321347,0.6334162677267934
2111003,São João Batista,MA,Nordeste,89,0.3666789235618479,0.5955056179775281,0.05004425802060388,0.2288266944156802,4.57248650427526,0.633321076438152
1720978,Talismã,TO,Norte,31,0.36671785794112727,0.7419354838709677,0.08647982677427273,0.3752176259298405,4.338787899162001,0.6332821420588728
2408300,Nova Cruz,RN,Nordeste,176,0.36692476714188127,0.2840909090909091,0.036218679729645036,-0.08283385805097215,-2.2870479727391206,0.6330752328581187
2402501,Carnaubais,RN,Nordeste,72,0.3670441662525065,0.4722222222222222,0.056668968640048764,0.10517805596971569,1.8560079439205617,0.6329558337474934
2925907,Quijingue,BA,Nordeste,132,0.3671942790216468,0.3484848484848485,0.0419308806032795,-0.0187094305367983,-0.4461969380947129,0.6328057209783532
2200103,Agricolândia,PI,Nordeste,63,0.36729233694055374,0.6031746031746031,0.06038721879814992,0.2358822662340494,3.906162113915339,0.6327076630594463
2707701,Rio Largo,AL,Nordeste,1249,0.3673190077529684,0.3907125700560448,0.013633085658907487,0.02339356230307643,1.7159403885789946,0.6326809922470316
2919306,Lençóis,BA,Nordeste,77,0.3673523399483664,0.37662337662337664,0.054909190309476615,0.009271036675010225,0.16884307750227678,0.6326476600516335
2502508,Boqueirão,PB,Nordeste,95,0.36745904129565377,0.3684210526315789,0.04945926421972878,0.0009620113359251614,0.019450579200921983,0.6325409587043462
2911659,Guajeru,BA,Nordeste,87,0.3675119087679951,0.367816091954023,0.051612351341565645,0.0003041831860278732,0.005893612248254642,0.6324880912320049
3304805,São Fidélis,RJ,Sudeste,338,0.36792387421994854,0.4822485207100592,0.026203014076448317,0.11432464649011065,4.363034197385233,0.6320761257800515
2903904,Bom Jesus da Lapa,BA,Nordeste,683,0.3679333580477338,0.34553440702781846,0.01842140660844161,-0.022398951019915347,-1.2159196903916678,0.6320666419522663
2109759,Santa Filomena do Maranhão,MA,Nordeste,44,0.36797111149547646,0.4090909090909091,0.07249215135266106,0.04111979759543266,0.5672310288515562,0.6320288885045235
2407005,Luís Gomes,RN,Nordeste,70,0.3682549050208837,0.38571428571428573,0.057522937397812106,0.017459380693402027,0.3035203256860471,0.6317450949791164
2906857,Capela do Alto Alegre,BA,Nordeste,66,0.36857918318632266,0.45454545454545453,0.059348627796577985,0.08596627135913187,1.448496360417766,0.6314208168136773
2807501,Tomar do Geru,SE,Nordeste,113,0.3687363835363406,0.40707964601769914,0.04537784801413783,0.03834326248135855,0.8449775421128919,0.6312636164636594
2411700,São Bento do Trairí,RN,Nordeste,42,0.3692223878526095,0.3333333333333333,0.07438452460412863,-0.03588905451927621,-0.4824801221796641,0.6307776121473905
5103353,Confresa,MT,Centro-Oeste,583,0.36928454699676694,0.5471698113207547,0.01994249911776251,0.17788526432398777,8.9199083461685,0.6307154530032331
1600055,Serra do Navio,AP,Norte,49,0.3699381225662546,0.7346938775510204,0.06868153010532689,0.36475575498476587,5.310827444079841,0.6300618774337454
2805802,Riachão do Dantas,SE,Nordeste,125,0.37039745239436206,0.344,0.043167762088604095,-0.026397452394362086,-0.6115084757041593,0.6296025476056379
2928950,São Domingos,BA,Nordeste,51,0.37047777028156464,0.5294117647058824,0.06748831780408655,0.15893399442431771,2.354985271461218,0.6295222297184353
2705200,Messias,AL,Nordeste,231,0.37065172066454055,0.4199134199134199,0.03174953775809452,0.049261699248879354,1.5515721716710702,0.6293482793354594
2902054,Araças,BA,Nordeste,115,0.37075807314904136,0.3826086956521739,0.044926296295554426,0.011850622503132568,0.26377920016311734,0.6292419268509586
2920403,Manoel Vitorino,BA,Nordeste,120,0.37109593128036483,0.4166666666666667,0.04407186584707571,0.04557073538630185,1.0340096683091895,0.6289040687196352
2407906,Monte das Gameleiras,RN,Nordeste,31,0.37114066664624407,0.3225806451612903,0.08670857017952657,-0.04856002148495375,-0.5600371610835261,0.628859333353756
2109502,Riachão,MA,Nordeste,283,0.3711864343260266,0.5335689045936396,0.02866345291907925,0.162382470267613,5.665139881299031,0.6288135656739734
2916609,Itapitanga,BA,Nordeste,71,0.37126434706679134,0.36619718309859156,0.057313223599344314,-0.005067163968199784,-0.08841177742195179,0.6287356529332087
5107859,São Félix do Araguaia,MT,Centro-Oeste,136,0.37154275882395993,0.3235294117647059,0.041285649433111554,-0.04801334705925403,-1.1629548697554648,0.6284572411760401
1303536,Presidente Figueiredo,AM,Norte,450,0.3719277087002255,0.3377777777777778,0.022777720106687556,-0.034149930922447724,-1.4992690560115047,0.6280722912997745
2609303,Mirandiba,PE,Nordeste,166,0.37214695471276865,0.5783132530120482,0.03749790312466297,0.20616629829927952,5.498075388745689,0.6278530452872313
2901601,Antas,BA,Nordeste,82,0.37239232418468765,0.23170731707317074,0.05335294835748548,-0.1406850071115169,-2.6368740892981717,0.6276076758153124
2704500,Maragogi,AL,Nordeste,408,0.3725658577299266,0.4583333333333333,0.023902696146338664,0.0857674756034067,3.5881925234841874,0.6274341422700733
2908002,Coaraci,BA,Nordeste,115,0.3725801074933637,0.391304347826087,0.044971744139464746,0.018724240332723296,0.41635566267246293,0.6274198925066363
2933059,Várzea da Roça,BA,Nordeste,82,0.37264280584167325,0.2073170731707317,0.05334163345965855,-0.16532573267094156,-3.0993751399828215,0.6273571941583267
2705606,Novo Lino,AL,Nordeste,138,0.37284951861877,0.39855072463768115,0.04111967668610418,0.025701206018911127,0.6250342437054348,0.62715048138123
2514909,São Mamede,PB,Nordeste,60,0.3729194105909055,0.48333333333333334,0.062348738534118577,0.11041392274242784,1.7709086877837465,0.6270805894090945
1707306,Dueré,TO,Norte,50,0.3734679305667954,0.68,0.06833783446001172,0.30653206943320466,4.485539699279959,0.6265320694332046
2910909,Firmino Alves,BA,Nordeste,43,0.3736906669183452,0.23255813953488372,0.07363731453366443,-0.14113252738346146,-1.9165898196754658,0.6263093330816548
2924603,Pindobaçu,BA,Nordeste,222,0.3737937428140194,0.3918918918918919,0.03240549961561155,0.018098149077872494,0.5584900492987184,0.6262062571859806
2512036,Poço Dantas,PB,Nordeste,43,0.374372861280088,0.813953488372093,0.07376048654533014,0.439580627092005,5.959567888992393,0.6256271387199119
1701903,Araguacema,TO,Norte,84,0.37445532043261354,0.5,0.05278494793674268,0.12554467956738646,2.3784181755344123,0.6255446795673865
2929305,São Gonçalo dos Campos,BA,Nordeste,203,0.3745494613461682,0.24630541871921183,0.03396117201020831,-0.12824404262695635,-3.7761960213978414,0.6254505386538318
1503309,Igarapé-Miri,PA,Norte,630,0.37458029286056055,0.4031746031746032,0.019268546613943303,0.028594310314042637,1.4839889529265755,0.6254197071394394
2902906,Barra do Choça,BA,Nordeste,487,0.37466469054674617,0.3059548254620123,0.02193104845845259,-0.06870986508473387,-3.13299499633598,0.6253353094532539
2701209,Cacimbinhas,AL,Nordeste,157,0.37470213331561786,0.5414012738853503,0.03860241754773712,0.16669914056973245,4.318360122486794,0.6252978666843821
1718709,Rio dos Bois,TO,Norte,39,0.37516380272234184,0.46153846153846156,0.0774662420908373,0.08637465881611972,1.1149974038347745,0.6248361972776582
2910750,Fátima,BA,Nordeste,117,0.3752039511357663,0.49572649572649574,0.04468615057502018,0.12052254459072942,2.697089434642469,0.6247960488642337
2208205,Pio IX,PI,Nordeste,197,0.37537325120764625,0.583756345177665,0.034456891372952166,0.2083830939700187,6.047646368168732,0.6246267487923538
2705101,Matriz de Camaragibe,AL,Nordeste,256,0.37551135953038883,0.48828125,0.03023382035849795,0.11276989046961117,3.7299252668845884,0.6244886404696112
2105500,João Lisboa,MA,Nordeste,245,0.3755922204634751,0.563265306122449,0.03092747014319446,0.18767308565897384,6.068168032821495,0.6244077795365248
2700409,Atalaia,AL,Nordeste,433,0.37565235713788064,0.44341801385681295,0.023255151694492514,0.06776565671893231,2.914006221467958,0.6243476428621193
2929750,Saubara,BA,Nordeste,76,0.3756869553986475,0.5263157894736842,0.055390983339531887,0.1506288340750367,2.7193746164736288,0.6243130446013525
2400802,Angicos,RN,Nordeste,89,0.3759001992231611,0.550561797752809,0.051104548792548575,0.1746615985296479,3.4177309585231064,0.6240998007768389
2933505,Wenceslau Guimarães,BA,Nordeste,154,0.3759695390431552,0.3116883116883117,0.03899054779046136,-0.06428122735484354,-1.6486361694710348,0.6240304609568448
2902609,Baixa Grande,BA,Nordeste,87,0.3760196890874403,0.367816091954023,0.05181900587149336,-0.00820359713341734,-0.15831251478968064,0.6239803109125597
2804458,Nossa Senhora Aparecida,SE,Nordeste,46,0.37648692765073577,0.5869565217391305,0.07136346824835405,0.21046959408839472,2.9492624063047703,0.6235130723492642
1503804,Jacundá,PA,Norte,464,0.3765457055234302,0.3771551724137931,0.0224836001489455,0.0006094668903628975,0.02710717528889527,0.6234542944765697
2207702,Parnaíba,PI,Nordeste,1474,0.37670512428771935,0.38738127544097695,0.012618885524635992,0.010676151153257596,0.8460454873304323,0.6232948757122807
2900702,Alagoinhas,BA,Nordeste,988,0.3770036106002596,0.36639676113360325,0.015411754022386316,-0.010606849466656354,-0.6882311676691305,0.6229963893997403
1507102,São Caetano de Odivelas,PA,Norte,140,0.37704261584622045,0.6928571428571428,0.04094193787881082,0.3158145270109224,7.713717116804325,0.6229573841537795
2501807,Bayeux,PB,Nordeste,428,0.37710676873784255,0.3808411214953271,0.023339066939349996,0.0037343527574845714,0.16000437237653234,0.6228932312621575
2803807,Malhada dos Bois,SE,Nordeste,67,0.37716833145664536,0.373134328358209,0.05918008110132336,-0.004034003098436378,-0.0681648795230558,0.6228316685433546
2506400,Gurinhém,PB,Nordeste,87,0.3775046403837304,0.27586206896551724,0.05186335050638247,-0.10164257141821315,-1.9598149835249206,0.6224953596162697
2513604,Santana dos Garrotes,PB,Nordeste,38,0.37750803613753314,0.5263157894736842,0.07856526843853959,0.14880775333615104,1.894065358569494,0.6224919638624669
2706422,Pariconha,AL,Nordeste,91,0.377537542460432,0.5714285714285714,0.05049888968277794,0.19389102896813942,3.8395107335253695,0.6224624575395681
2500304,Alagoa Grande,PB,Nordeste,312,0.37790195460128057,0.28525641025641024,0.027379443329834687,-0.09264554434487032,-3.3837628920642375,0.6220980453987195
2202000,Buriti dos Lopes,PI,Nordeste,298,0.37870141388066986,0.6174496644295302,0.028072125143697804,0.23874825054886034,8.504815696237353,0.6212985861193301
2900108,Abaíra,BA,Nordeste,33,0.3787046580878524,0.42424242424242425,0.08442007693898193,0.045537766154571835,0.5394186762881787,0.6212953419121476
2414506,Umarizal,RN,Nordeste,30,0.3787096380052342,0.4666666666666667,0.08783670379483444,0.08795702866143246,1.001369870013327,0.6212903619947658
2409308,Patu,RN,Nordeste,85,0.3787242534122413,0.32941176470588235,0.052581944943607364,-0.04931248870635896,-0.9378216944855349,0.6212757465877587
1715101,Novo Acordo,TO,Norte,47,0.3792479654961246,0.3617021276595745,0.07068112817562575,-0.017545837836550116,-0.24823935737065336,0.6207520345038754
2906709,Cândido Sales,BA,Nordeste,162,0.3793385453625707,0.30864197530864196,0.03808795689895744,-0.07069657005392876,-1.856139730505311,0.6206614546374293
2109205,Presidente Juscelino,MA,Nordeste,82,0.37941951034397287,0.5853658536585366,0.053544931629822386,0.20594634331456368,3.8462341261046604,0.6205804896560272
2609907,Ouricuri,PE,Nordeste,510,0.37954769370171304,0.3137254901960784,0.02147125167358934,-0.06582220350563461,-3.0655969435912787,0.620452306298287
2708501,São Luís do Quitunde,AL,Nordeste,398,0.379560222143589,0.5376884422110553,0.024308044517444467,0.1581282200674663,6.505180618456861,0.620439777856411
2908804,Contendas do Sincorá,BA,Nordeste,32,0.3796994355046036,0.40625,0.08546186937810091,0.02655056449539639,0.3106714689089145,0.6203005644953964
5006903,Porto Murtinho,MS,Centro-Oeste,228,0.37972088024189987,0.6754385964912281,0.03209408143396169,0.2957177162493282,9.21408879882763,0.6202791197581001
2903102,Barra do Rocha,BA,Nordeste,53,0.37977259327963614,0.39622641509433965,0.06660906112754751,0.016453821814703506,0.247020773693186,0.6202274067203639
2905602,Camacan,BA,Nordeste,191,0.37981236776267724,0.24607329842931938,0.034973077881369094,-0.13373906933335786,-3.8240577448461726,0.6201876322373228
2707305,Porto Calvo,AL,Nordeste,298,0.37987846227389266,0.4597315436241611,0.028029828201261937,0.07985308135026842,2.848860891222777,0.6201215377261073
2702801,Flexeiras,AL,Nordeste,157,0.3800106485424803,0.4968152866242038,0.03871232068168098,0.11680463808172353,3.01724711990714,0.6199893514575197
2500403,Alagoa Nova,PB,Nordeste,235,0.38032872234418863,0.8936170212765957,0.031647078426517504,0.513288298932407,16.2191369457446,0.6196712776558113
2204659,Ilha Grande,PI,Nordeste,148,0.3803706096112257,0.33783783783783783,0.03987347464619955,-0.04253277177338788,-1.0666933882934577,0.6196293903887743
1721109,Tocantínia,TO,Norte,51,0.38050574090471156,0.5098039215686274,0.06783300107488627,0.12929818066391585,1.906125021966421,0.6194942590952884
2909406,Cotegipe,BA,Nordeste,105,0.3807628168489815,0.41904761904761906,0.04735351472487293,0.03828480219863756,0.808489135834474,0.6192371831510185
2927804,Santa Cruz da Vitória,BA,Nordeste,54,0.3808711827579034,0.37037037037037035,0.06599953455376378,-0.010500812387533032,-0.15910434003104948,0.6191288172420966
2918001,Jequié,BA,Nordeste,927,0.3811484490718785,0.3948220064724919,0.015945730415683604,0.013673557400613379,0.857505867976082,0.6188515509281215
1720101,São Bento do Tocantins,TO,Norte,76,0.3813200380667598,0.5263157894736842,0.055689966758367036,0.1449957514069244,2.6036243123657417,0.6186799619332402
1502756,Concórdia do Pará,PA,Norte,250,0.3814638250870124,0.544,0.030691678872610102,0.16253617491298766,5.2957733458510265,0.6185361749129876
2402204,Canguaretama,RN,Nordeste,309,0.38166544668695723,0.31715210355987056,0.02759032072021178,-0.06451334312708668,-2.338259992745437,0.6183345533130428
2900207,Abaré,BA,Nordeste,159,0.3817210675118769,0.18238993710691823,0.03851288065388972,-0.19933113040495867,-5.175700363634748,0.618278932488123
2903201,Barreiras,BA,Nordeste,1654,0.38192552086770554,0.36094316807738813,0.011943430830117004,-0.020982352790317405,-1.7568111783598659,0.6180744791322945
2407252,Major Sales,RN,Nordeste,45,0.38223084392270124,0.6,0.07205270460256784,0.21776915607729874,3.02235921994159,0.6177691560772988
2506301,Guarabira,PB,Nordeste,422,0.3824186957803364,0.5924170616113744,0.023617030721656423,0.20999836583103804,8.891819141280662,0.6175813042196636
2514107,São João do Tigre,PB,Nordeste,33,0.3824736728652659,0.48484848484848486,0.08418561929682139,0.10237481198321896,1.2160605675687457,0.6175263271347341
2916401,Itapetinga,BA,Nordeste,537,0.3825062897401291,0.3221601489757914,0.020964025981092437,-0.0603461407643377,-2.878556858246798,0.6174937102598709
2904050,Bonito,BA,Nordeste,150,0.3825244251877834,0.34,0.03966202957974339,-0.04252442518778338,-1.072169670548123,0.6174755748122166
2915205,Itagibá,BA,Nordeste,190,0.3828600037943254,0.4421052631578947,0.0352577577784094,0.059245259363569336,1.680346768955598,0.6171399962056746
3305109,São João de Meriti,RJ,Sudeste,2543,0.38304245156596833,0.36059771922925676,0.00963745109387531,-0.02244473233671157,-2.328907521095013,0.6169575484340317
1707405,Esperantina,TO,Norte,99,0.3833327229435076,0.47474747474747475,0.04869204820627312,0.09141475180396713,1.8774061714699022,0.6166672770564924
2926905,Rio do Pires,BA,Nordeste,32,0.3835918585254046,0.15625,0.08584364974786025,-0.22734185852540462,-2.648324706523459,0.6164081414745954
2932507,Una,BA,Nordeste,196,0.38382560770264734,0.5816326530612245,0.034702964940767626,0.19780704535857713,5.700004183971079,0.6161743922973526
2404002,Frutuoso Gomes,RN,Nordeste,44,0.3839774184629517,0.5227272727272727,0.07260411198744023,0.13874985426432102,1.9110467777406785,0.6160225815370484
2507309,Jacaraú,PB,Nordeste,113,0.38454658769224814,0.5221238938053098,0.045748461999794286,0.13757730611306163,3.0072553283579295,0.6154534123077519
2400307,Afonso Bezerra,RN,Nordeste,60,0.38469208935262145,0.48333333333333334,0.06239041126656641,0.09864124398071189,1.5810321166062176,0.6153079106473786
2923902,Pau Brasil,BA,Nordeste,134,0.38491869995435074,0.3283582089552239,0.04198967542085432,-0.056560490999126856,-1.3470094834559232,0.6150813000456492
2807402,Tobias Barreto,SE,Nordeste,415,0.3850198171952054,0.4650602409638554,0.0238784122908561,0.08004042376865,3.3519994040516816,0.6149801828047946
2706307,Palmeira dos Índios,AL,Nordeste,624,0.3850989416497338,0.391025641025641,0.01946004817069146,0.0059266993759072295,0.3045572818690839,0.6149010583502662
5002100,Bela Vista,MS,Centro-Oeste,321,0.38513768151178573,0.48598130841121495,0.02715121229071021,0.10084362689942922,3.7141482236479315,0.6148623184882143
2204402,Gilbués,PI,Nordeste,136,0.3856798483632918,0.3897058823529412,0.04167351099336222,0.004026033989649402,0.09660894639500547,0.6143201516367083
2901957,Apuarema,BA,Nordeste,74,0.3860439614408517,0.43243243243243246,0.0564816412183007,0.04638847099158078,0.8213017538263455,0.6139560385591483
2905404,Cairu,BA,Nordeste,286,0.3862457460909245,0.32867132867132864,0.028754798091681483,-0.05757441741959585,-2.0022542754786943,0.6137542539090755
2516300,Sumé,PB,Nordeste,132,0.3863673282724909,0.6439393939393939,0.04234879100472988,0.25757206566690305,6.08215865331634,0.6136326717275091
2501575,Barra de Santana,PB,Nordeste,61,0.38644999847056716,0.4918032786885246,0.06230684066205107,0.10535328021795742,1.690878226186879,0.6135500015294328
2901403,Angical,BA,Nordeste,109,0.38663590057438024,0.28440366972477066,0.04662012687610216,-0.10223223084960958,-2.1928775767020623,0.6133640994256198
2926608,Ribeira do Pombal,BA,Nordeste,501,0.38679966923468245,0.40718562874251496,0.021735209243333286,0.020385959507832507,0.9379233150969262,0.6132003307653175
2928703,Santo Antônio de Jesus,BA,Nordeste,467,0.3874209318153046,0.4089935760171306,0.022534870751953685,0.021572644201825975,0.9573005516331045,0.6125790681846954
2933208,Vera Cruz,BA,Nordeste,405,0.38772419497401817,0.38271604938271603,0.024192321797655632,-0.005008145591302138,-0.207013846508418,0.6122758050259818
2911600,Governador Mangabeira,BA,Nordeste,141,0.3878355579655308,0.2907801418439716,0.040949638556222724,-0.09705541612155921,-2.370116551536952,0.6121644420344692
1500958,Aurora do Pará,PA,Norte,216,0.38797021311209173,0.5555555555555556,0.033135387878366195,0.16758534244346385,5.0575941062962135,0.6120297868879083
2703700,Jaramataia,AL,Nordeste,62,0.3879745065122927,0.4032258064516129,0.061602951650509954,0.015251299939320173,0.24757417511168756,0.6120254934877073
2903300,Barro Preto,BA,Nordeste,89,0.3880368955699641,0.24719101123595505,0.05160880010498588,-0.14084588433400907,-2.7291059673445517,0.6119631044300359
2102325,Buriticupu,MA,Nordeste,708,0.38839275721652833,0.4350282485875706,0.018284424992510453,0.04663549137104228,2.550558269682793,0.6116072427834717
2106102,Loreto,MA,Nordeste,129,0.38843147475752626,0.6589147286821705,0.042689962264707754,0.27048325392464423,6.335991871987566,0.6115685252424737
2405702,Jardim do Seridó,RN,Nordeste,72,0.3884396650441765,0.6388888888888888,0.056708189049099515,0.25044922384471235,4.416456036497066,0.6115603349558235
1502400,Castanhal,PA,Norte,1890,0.3886180913898668,0.33544973544973544,0.011208796322412855,-0.05316835594013136,-4.743449199252298,0.6113819086101332
1503077,Garrafão do Norte,PA,Norte,340,0.3890944807275848,0.32941176470588235,0.026359494474892203,-0.05968271602170244,-2.264182876441393,0.6109055192724152
2915106,Itagi,BA,Nordeste,119,0.38912175048198916,0.23529411764705882,0.04466117933874346,-0.15382763283493034,-3.444325365172013,0.6108782495180108
1720655,Silvanópolis,TO,Norte,75,0.38913739285101606,0.36,0.05621718599144881,-0.029137392851016075,-0.5183004509590388,0.610862607148984
2208502,Porto,PI,Nordeste,155,0.3895164391486046,0.36129032258064514,0.03907393916938062,-0.02822611656795948,-0.7223770412704695,0.6104835608513954
5102702,Canarana,MT,Centro-Oeste,303,0.38969508170853695,0.42244224422442245,0.027994636880004517,0.0327471625158855,1.1697655753225906,0.610304918291463
2410504,Rafael Fernandes,RN,Nordeste,33,0.3898382888351411,0.3939393939393939,0.08484463831030163,0.004101105104252822,0.04833664431750988,0.610161711164859
2919504,Livramento de Nossa Senhora,BA,Nordeste,402,0.3907788602647512,0.3805970149253731,0.02432179868164223,-0.010181845339378104,-0.4186304422897483,0.6092211397352487
2903276,Barrocas,BA,Nordeste,91,0.390815036574236,0.46153846153846156,0.051137383854616046,0.07072342496422557,1.3830082736593015,0.609184963425764
2112407,Turiaçu,MA,Nordeste,294,0.3913033934677514,0.6496598639455783,0.028391861018746543,0.2583564704778269,9.099666637112643,0.6086966065322486
2927002,Rio Real,BA,Nordeste,268,0.39130646132712527,0.332089552238806,0.02978048351520973,-0.05921690908831928,-1.9884468651449376,0.6086935386728747
2907301,Castro Alves,BA,Nordeste,203,0.3914619265993404,0.3054187192118227,0.034206319237663284,-0.08604320738751775,-2.5154184754487945,0.6085380734006596
5000708,Anastácio,MS,Centro-Oeste,405,0.3915718069543109,0.4148148148148148,0.02420930184667633,0.023243007860503928,0.9600858383983071,0.6084281930456892
3109402,Buritizeiro,MG,Sudeste,268,0.3916386312844515,0.6268656716417911,0.029782116784353253,0.2352270403573396,7.89826465528205,0.6083613687155485
1703800,Buriti do Tocantins,TO,Norte,113,0.39172025365141644,0.504424778761062,0.045894796406655385,0.11270452510964551,2.4557146764747775,0.6082797463485836
2503001,Caaporã,PB,Nordeste,241,0.39194331852923703,0.3029045643153527,0.031437292992276884,-0.08903875421388435,-2.832265304641792,0.608056681470763
2208809,Regeneração,PI,Nordeste,161,0.3919924242264898,0.3167701863354037,0.03843495775491231,-0.07522223789108606,-1.9571307550473898,0.6080075757735102
1719004,Santa Tereza do Tocantins,TO,Norte,49,0.39202234288679966,0.2857142857142857,0.06970513845384581,-0.10630805717251396,-1.5251107670190513,0.6079776571132003
2511202,Pedras de Fogo,PB,Nordeste,376,0.39222566879533716,0.48936170212765956,0.025153710492813217,0.0971360333323224,3.8616979932275037,0.6077743312046628
1304401,Urucurituba,AM,Norte,257,0.3922604548271095,0.44357976653696496,0.03038200414421433,0.051319311709855486,1.6891351691698149,0.6077395451728905
5007802,Selvíria,MS,Centro-Oeste,97,0.39226430902374154,0.5979381443298969,0.049537246117362856,0.20567383530615535,4.151902889774619,0.6077356909762585
2209971,São João do Arraial,PI,Nordeste,115,0.3925322913501334,0.8782608695652174,0.04544878410853024,0.48572857821508403,10.687383342427374,0.6074677086498665
1500206,Acará,PA,Norte,517,0.3925334796493332,0.4197292069632495,0.02145168806490689,0.027195727313916285,1.2677663049933188,0.6074665203506668
2408102,Natal,RN,Nordeste,3717,0.3926303196252456,0.3677697067527576,0.00798392330445217,-0.024860612872487975,-3.1138341294717415,0.6073696803747544
2500577,Algodão de Jandaíra,PB,Nordeste,52,0.39289671496690687,0.5,0.06756770060554412,0.10710328503309313,1.5851254974378246,0.6071032850330931
1702109,Araguaína,TO,Norte,1972,0.3936635188113923,0.5081135902636917,0.010997389336495135,0.11445007145229946,10.407021880410634,0.6063364811886077
1506351,Santa Bárbara do Pará,PA,Norte,256,0.3936821378497214,0.46484375,0.030522604900859646,0.07116161215027861,2.3314396782783895,0.6063178621502786
2409407,Pau dos Ferros,RN,Nordeste,210,0.39375481304289744,0.4095238095238095,0.033663113653138815,0.015768996480912068,0.46843547044976735,0.6062451869571026
2202307,Canto do Buriti,PI,Nordeste,200,0.3937945020067297,0.37,0.03453247919826077,-0.023794502006729723,-0.6890470235316362,0.6062054979932703
5003488,Dois Irmãos do Buriti,MS,Centro-Oeste,204,0.393988055162462,0.4019607843137255,0.03419177298474705,0.007972729151263513,0.23317682750233945,0.6060119448375381
2925006,Planalto,BA,Nordeste,181,0.3940298346679968,0.2430939226519337,0.03630681199747483,-0.1509359120160631,-4.157233965531339,0.6059701653320032
2408805,Parazinho,RN,Nordeste,60,0.39406459285675915,0.31666666666666665,0.06262815712422992,-0.0773979261900925,-1.2358327267488505,0.6059354071432408
2112506,Tutóia,MA,Nordeste,637,0.39418414657232703,0.5792778649921507,0.019271994016141145,0.1850937184198237,9.60428475978145,0.605815853427673
2102754,Capinzal do Norte,MA,Nordeste,101,0.3944521851746467,0.9108910891089109,0.04854513094815744,0.5164389039342643,10.638325489033747,0.6055478148253532
2709004,Tanque d'Arca,AL,Nordeste,75,0.3946008238658678,0.5333333333333333,0.0564249625791865,0.13873250946746551,2.4587080456237613,0.6053991761341322
2517209,Vieirópolis,PB,Nordeste,39,0.3948285322605644,0.6410256410256411,0.07823069052442735,0.24619710876507667,3.1470655201260453,0.6051714677394355
1507300,São Félix do Xingu,PA,Norte,704,0.39483146268840275,0.3125,0.01839188249260261,-0.08233146268840275,-4.476510912981161,0.6051685373115973
1506500,Santa Isabel do Pará,PA,Norte,766,0.39488463832303017,0.34073107049608353,0.017658728957315496,-0.054153567826946636,-3.0666741619878817,0.6051153616769698
2708907,Satuba,AL,Nordeste,269,0.39494298832362884,0.550185873605948,0.029783524545978015,0.1552428852823191,5.212374547635035,0.6050570116763712
2910008,Dário Meira,BA,Nordeste,112,0.39497475444893915,0.4107142857142857,0.04604490147722894,0.01573953126534655,0.34183005632296515,0.6050252455510609
2916807,Itarantim,BA,Nordeste,112,0.3953763016005782,0.4107142857142857,0.046185395102972746,0.015337984113707515,0.3320959814138361,0.6046236983994218
2901106,Amélia Rodrigues,BA,Nordeste,140,0.39559258399810615,0.4714285714285714,0.041318265500889476,0.07583598743046527,1.8354107199594987,0.6044074160018938
2915601,Itamaraju,BA,Nordeste,556,0.39566656592809407,0.37410071942446044,0.020729592471437578,-0.021565846503633634,-1.0403410744011632,0.604333434071906
2903953,Bom Jesus da Serra,BA,Nordeste,90,0.39575887380380387,0.24444444444444444,0.05146321095442166,-0.15131442935935943,-2.9402446243272866,0.6042411261961962
2701357,Campestre,AL,Nordeste,97,0.39582547483944586,0.6185567010309279,0.04959587891768963,0.222731226191482,4.490922049413248,0.6041745251605541
2910404,Encruzilhada,BA,Nordeste,153,0.39585021029038125,0.37254901960784315,0.039502762225351526,-0.02330119068253811,-0.589862312655802,0.6041497897096187
2904407,Brejolândia,BA,Nordeste,94,0.3960037304101465,0.40425531914893614,0.05038939398486588,0.008251588738789617,0.1637564591721013,0.6039962695898535
1720903,Taguatinga,TO,Norte,173,0.39607448444635296,0.42196531791907516,0.03716926001303111,0.025890833472722197,0.6965657498601041,0.603925515553647
1600279,Laranjal do Jari,AP,Norte,539,0.3961036252556218,0.4007421150278293,0.021030111624054482,0.004638489772207488,0.22056420123333678,0.6038963747443782
2406007,José da Penha,RN,Nordeste,42,0.3961407753698666,0.5,0.07525035698552614,0.10385922463013342,1.3801824840526669,0.6038592246301334
5004403,Inocência,MS,Centro-Oeste,122,0.39614576477298913,0.5163934426229508,0.04422875898152693,0.12024767784996171,2.718766716927004,0.6038542352270109
2701902,Chã Preta,AL,Nordeste,56,0.3961502465284677,0.5178571428571429,0.06518211098869778,0.12170689632867521,1.8671824904501562,0.6038497534715324
2801009,Campo do Brito,SE,Nordeste,124,0.3965183152052355,0.3548387096774194,0.04379361659882045,-0.04167960552781613,-0.95172787188667,0.6034816847947645
1507607,São Miguel do Guamá,PA,Norte,676,0.39665847589496767,0.5029585798816568,0.018810312598738298,0.10630010398668915,5.65116094847989,0.6033415241050324
2914703,Itaberaba,BA,Nordeste,375,0.3967557753568588,0.4106666666666667,0.025252478100929607,0.013910891309807882,0.5508723244589523,0.6032442246431412
5001508,Bandeirantes,MS,Centro-Oeste,128,0.39691403511902823,0.5234375,0.04323000074762178,0.12652346488097177,2.9267513923865067,0.6030859648809718
1709302,Guaraí,TO,Norte,209,0.396948445257114,0.4784688995215311,0.033836909478321756,0.08152045426441712,2.4092169031171333,0.6030515547428861
2102200,Buriti,MA,Nordeste,251,0.3974034023210178,0.2908366533864542,0.030861050096621385,-0.10656674893456358,-3.453114803317413,0.6025965976789822
2401800,Brejinho,RN,Nordeste,103,0.39748930828455237,0.5339805825242718,0.047925132171887846,0.13649127423971946,2.8480103873304112,0.6025106917154477
2917359,Jaborandi,BA,Nordeste,95,0.39766809857804136,0.43157894736842106,0.05014516619357767,0.0339108487903797,0.6762535926089487,0.6023319014219586
2923308,Ouriçangas,BA,Nordeste,85,0.39769585965762155,0.5058823529411764,0.05301199120089336,0.1081864932835549,2.04079286276143,0.6023041403423784
1502103,Cametá,PA,Norte,1141,0.3982203368957732,0.39526730937773885,0.014482761544190191,-0.0029530275180343346,-0.20389947794306892,0.6017796631042268
3125002,Ewbank da Câmara,MG,Sudeste,59,0.3984486586720409,0.6440677966101694,0.06369125203591666,0.24561913793812856,3.856403039456964,0.6015513413279592
2112308,Tuntum,MA,Nordeste,298,0.3985016991230317,0.6610738255033557,0.02833036297283459,0.262572126380324,9.268223165093193,0.6014983008769683
3304144,Queimados,RJ,Sudeste,1260,0.3986496438832846,0.38095238095238093,0.01379208316567439,-0.01769726293090368,-1.2831464774624086,0.6013503561167154
2111805,Sítio Novo,MA,Nordeste,250,0.3987566793948498,0.54,0.030854333404656487,0.1412433206051502,4.577746624849591,0.6012433206051502
2500700,São João do Rio do Peixe,PB,Nordeste,113,0.39902321588672424,0.7345132743362832,0.04603039393488745,0.335490058449559,7.288446388795376,0.6009767841132758
2403103,Currais Novos,RN,Nordeste,257,0.3991418517003621,0.46303501945525294,0.030531295658140375,0.06389316775489084,2.0927106556598227,0.6008581482996379
3304102,Porciúncula,RJ,Sudeste,123,0.39923892493274765,0.5284552845528455,0.044144661101009675,0.12921635962009786,2.927111827281475,0.6007610750672523
1501600,Bonito,PA,Norte,86,0.3995129801149685,0.32558139534883723,0.05276166068593435,-0.07393158476613126,-1.4012368792978604,0.6004870198850315
2924801,Piritiba,BA,Nordeste,138,0.3995617378878738,0.4057971014492754,0.04152486654440294,0.006235363561401586,0.1501597495740065,0.6004382621121263
3302858,Mesquita,RJ,Sudeste,1227,0.39961346254686214,0.3545232273838631,0.01397792995485907,-0.04509023516299904,-3.2258163625526373,0.6003865374531379
2202539,Caraúbas do Piauí,PI,Nordeste,78,0.39981522820872967,0.6666666666666666,0.055379167007452296,0.26685143845793696,4.818624997050374,0.6001847717912703
2918209,Jiquiriçá,BA,Nordeste,45,0.3999880174762305,0.4666666666666667,0.07297027114599787,0.0666786491904362,0.9137782845431192,0.6000119825237695
5007208,Rio Brilhante,MS,Centro-Oeste,569,0.40010418032886946,0.5272407732864675,0.020533088747114972,0.127136592957598,6.191790944042039,0.5998958196711306
2704708,Marechal Deodoro,AL,Nordeste,869,0.40018623573135015,0.46029919447640966,0.01660659543033533,0.06011295874505951,3.6198243641951398,0.5998137642686499
2901205,Anagé,BA,Nordeste,115,0.40047695874586725,0.3217391304347826,0.04565600124925887,-0.07873782831108467,-1.7245887978935257,0.5995230412541328
1503200,Igarapé-Açu,PA,Norte,303,0.40063084515795433,0.46534653465346537,0.028003668995988457,0.06471568949551104,2.310971805329566,0.5993691548420457
3149150,Pedras de Maria da Cruz,MG,Sudeste,75,0.4007015444019374,0.49333333333333335,0.05655583785005664,0.09263178893139595,1.6378820021548524,0.5992984555980626
2924652,Pintadas,BA,Nordeste,79,0.40081974111022667,0.5569620253164557,0.05503248100973388,0.156142284206229,2.8372750299702334,0.5991802588897733
2408003,Mossoró,RN,Nordeste,1621,0.4011110455363907,0.44540407156076495,0.012169553457751925,0.04429302602437424,3.6396591031990475,0.5988889544636093
2916906,Itiruçu,BA,Nordeste,60,0.40148955274560094,0.3,0.063111563483937,-0.10148955274560095,-1.6080975837562925,0.5985104472543991
2409902,Pendências,RN,Nordeste,115,0.4015717589705487,0.3391304347826087,0.04557537617217113,-0.06244132418794002,-1.3700671158928894,0.5984282410294512
2932002,Uauá,BA,Nordeste,216,0.4019434251154059,0.4027777777777778,0.033329681203617165,0.0008343526623719177,0.025033322619400514,0.5980565748845941
4301107,Arroio dos Ratos,RS,Sul,130,0.4020416586503757,0.4076923076923077,0.04280888617348856,0.0056506490419319655,0.13199710497096276,0.5979583413496243
3140852,Matias Cardoso,MG,Sudeste,112,0.4021553765529993,0.3125,0.046316210411546155,-0.08965537655299932,-1.9357234919774255,0.5978446234470007
2703403,Jacaré dos Homens,AL,Nordeste,75,0.4026064793140373,0.5466666666666666,0.056534471590924146,0.14406018735262932,2.548183140279961,0.5973935206859626
1507953,Tailândia,PA,Norte,1000,0.4028123403240404,0.383,0.015497778258796186,-0.01981234032404039,-1.278398748078316,0.5971876596759595
2911303,Gentio do Ouro,BA,Nordeste,81,0.4028147035378099,0.5432098765432098,0.05438809285336325,0.14039517300539994,2.5813586327419493,0.5971852964621901
2101509,Barão de Grajaú,MA,Nordeste,120,0.40315994513081477,0.525,0.04475565822228182,0.12184005486918525,2.722338575919471,0.5968400548691852
2902401,Aurelino Leal,BA,Nordeste,122,0.4034339341335,0.3360655737704918,0.04438566553536892,-0.0673683603630082,-1.5177954312597928,0.5965660658665
2801900,Cumbe,SE,Nordeste,33,0.4035326607403726,0.5454545454545454,0.08511442692145019,0.14192188471417283,1.6674245465477753,0.5964673392596274
2906907,Caravelas,BA,Nordeste,225,0.4039677471711758,0.49777777777777776,0.03267661563157997,0.09381003060660198,2.8708612808708462,0.5960322528288242
2100055,Açailândia,MA,Nordeste,1208,0.40408933327837665,0.6291390728476821,0.014104870164468559,0.22504973956930546,15.95546339279507,0.5959106667216234
2206209,Miguel Alves,PI,Nordeste,329,0.40415759367464027,0.60790273556231,0.02701695483269425,0.20374514188766973,7.541380705167777,0.5958424063253598
2802007,Divina Pastora,SE,Nordeste,51,0.4048275058712899,0.19607843137254902,0.06862589975418322,-0.2087490744987409,-3.0418409849120587,0.5951724941287101
1500909,Augusto Corrêa,PA,Norte,512,0.4048719721476409,0.453125,0.02167728632149966,0.048253027852359076,2.22597179078183,0.5951280278523591
2405306,Boa Saúde,RN,Nordeste,41,0.40493898798809913,0.21951219512195122,0.0766276079606833,-0.1854267928661479,-2.4198431583730002,0.5950610120119009
5004304,Iguatemi,MS,Centro-Oeste,241,0.40499067073355705,0.6016597510373444,0.031590260350061294,0.19666908030378732,6.225623914600176,0.5950093292664429
1505494,Palestina do Pará,PA,Norte,57,0.4050374013035937,0.43859649122807015,0.06486523004543944,0.033559089924476426,0.5173663902982782,0.5949625986964062
2407401,Martins,RN,Nordeste,90,0.4053253935064874,0.5555555555555556,0.051607268269132776,0.1502301620490682,2.9110272077494077,0.5946746064935127
2931202,Taperoá,BA,Nordeste,141,0.4056008370535845,0.475177304964539,0.04129213834218525,0.06957646791095451,1.684980984379614,0.5943991629464155
5103437,Curvelândia,MT,Centro-Oeste,71,0.4058546312242876,0.9295774647887324,0.05823277272002375,0.5237228335644448,8.993609768204616,0.5941453687757123
2706505,Passo de Camaragibe,AL,Nordeste,172,0.4059150603725692,0.32558139534883723,0.03741644926810852,-0.08033366502373196,-2.147014657860746,0.5940849396274308
1302553,Manaquiri,AM,Norte,186,0.40598642284367054,0.22043010752688172,0.03598795922857207,-0.18555631531678882,-5.156066620456469,0.5940135771563295
2927408,Salvador,BA,Nordeste,12158,0.4060454030337008,0.3685639085375884,0.004452010893378839,-0.03748149449611238,-8.419003320916387,0.5939545969662992
2112100,Timbiras,MA,Nordeste,293,0.4062965271337669,0.44368600682593856,0.028655175858365228,0.03738947969217166,1.3048071970305724,0.5937034728662332
2916104,Itaparica,BA,Nordeste,210,0.40634271864657023,0.2857142857142857,0.033856063608646805,-0.12062843293228454,-3.562978683129487,0.5936572813534298
2502607,Igaracy,PB,Nordeste,49,0.4064480044254485,0.7959183673469388,0.0696986616409772,0.3894703629214903,5.587917382512738,0.5935519955745515
2509107,Mari,PB,Nordeste,189,0.40659481272016,0.708994708994709,0.03571415780357145,0.30239989627454894,8.467227421062374,0.59340518727984
2410900,Riachuelo,RN,Nordeste,79,0.4070358130816811,0.27848101265822783,0.05507413499502897,-0.12855480042345324,-2.334213700043708,0.5929641869183189
1500107,Abaetetuba,PA,Norte,1270,0.4071744010663129,0.3653543307086614,0.01378193505518892,-0.041820070357651506,-3.034412090188031,0.592825598933687
2922730,Nova Fátima,BA,Nordeste,47,0.4071865247731874,0.3191489361702128,0.07149846375314113,-0.08803758860297461,-1.2313214016309109,0.5928134752268126
3302007,Itaguaí,RJ,Sudeste,1455,0.40744865002872666,0.41993127147766324,0.012877801435504306,0.012482621448936582,0.9693130858907169,0.5925513499712733
3169604,Tupaciguara,MG,Sudeste,227,0.40766799347002647,0.5859030837004405,0.032601047909505625,0.17823509023041406,5.467158317277443,0.5923320065299735
2705705,Olho d'Água das Flores,AL,Nordeste,276,0.4076814122918515,0.4528985507246377,0.029561721794027995,0.045217138432786186,1.5295840596781771,0.5923185877081485
2103604,Coroatá,MA,Nordeste,553,0.40775131868023085,0.5587703435804702,0.02088811306873432,0.15101902490023933,7.229902691703022,0.5922486813197692
2209351,Santana do Piauí,PI,Nordeste,40,0.4077718442115466,0.675,0.0774599198306684,0.26722815578845344,3.449889392767624,0.5922281557884534
2927705,Santa Cruz Cabrália,BA,Nordeste,364,0.4078313252871826,0.37362637362637363,0.02573310322173906,-0.03420495166080895,-1.329219852190736,0.5921686747128174
2705002,Mata Grande,AL,Nordeste,120,0.4078470452503399,0.425,0.04483702162639421,0.01715295474966011,0.3825623140758011,0.5921529547496601
3171030,Verdelândia,MG,Sudeste,90,0.4078625516667434,0.4666666666666667,0.0517448341607614,0.058804114999923274,1.1364248422795216,0.5921374483332567
5106828,Porto Esperidião,MT,Centro-Oeste,141,0.4079175164118427,0.49645390070921985,0.04126343425829845,0.08853638429737715,2.145637799877786,0.5920824835881573
2928901,São Desidério,BA,Nordeste,307,0.40832489724665505,0.5407166123778502,0.028009354077655927,0.13239171513119513,4.726696473047509,0.5916751027533449
3101706,Almenara,MG,Sudeste,408,0.4083460575283875,0.5490196078431373,0.024298877542434816,0.14067355031474982,5.789302409919217,0.5916539424716125
2919926,Madre de Deus,BA,Nordeste,186,0.40854706678676855,0.25806451612903225,0.036035525977505756,-0.1504825506577363,-4.17594988766561,0.5914529332132314
1506609,Santa Maria do Pará,PA,Norte,237,0.40872296672598757,0.4008438818565401,0.03188864025374929,-0.007879084869447495,-0.24708124293638126,0.5912770332740125
2401008,Apodi,RN,Nordeste,195,0.40894317054357177,0.4461538461538462,0.035167256021534136,0.03721067561027441,1.0581057443745119,0.5910568294564282
2925956,Rafael Jambeiro,BA,Nordeste,173,0.40894784092731695,0.3352601156069364,0.037300101322671794,-0.07368772532038054,-1.975536867391606,0.591052159072683
5003504,Douradina,MS,Centro-Oeste,51,0.4090243676040899,0.6862745098039216,0.06880342848847286,0.2772501421998317,4.0295977728243795,0.5909756323959101
5003207,Corumbá,MS,Centro-Oeste,1250,0.4091099394573768,0.3848,0.01389137896600927,-0.024309939457376806,-1.7500018908749555,0.5908900605426233
3139300,Manga,MG,Sudeste,201,0.40915673263965824,0.4228855721393035,0.034367304697253305,0.013728839499645262,0.39947384936306907,0.5908432673603418
2930766,Sítio do Quinto,BA,Nordeste,73,0.4093337132501917,0.4246575342465753,0.05744667531380189,0.01532382099638363,0.2667486136086625,0.5906662867498083
2108405,Peri Mirim,MA,Nordeste,84,0.4095443156539683,0.6071428571428571,0.05343540443995896,0.19759854148888878,3.697895497561252,0.5904556843460317
2411403,Santana do Matos,RN,Nordeste,59,0.40957091167070697,0.5932203389830508,0.06371455381043925,0.18364942731234385,2.8823779863346384,0.5904290883292931
2904001,Boninal,BA,Nordeste,96,0.4098925447166734,0.4895833333333333,0.05013716467398171,0.0796907886166599,1.5894554296169607,0.5901074552833265
2913200,Ibotirama,BA,Nordeste,289,0.40993086022158065,0.328719723183391,0.028862079505785208,-0.08121113703818966,-2.8137659665829498,0.5900691397784193
2803302,Japaratuba,SE,Nordeste,167,0.410029111020515,0.5808383233532934,0.038014799700076166,0.17080921233277846,4.493229312804619,0.589970888979485
2110708,São Domingos do Maranhão,MA,Nordeste,348,0.4101149941349005,0.49712643678160917,0.026318527629617734,0.08701144264670868,3.3060908220712832,0.5898850058650995
2902658,Banzaê,BA,Nordeste,150,0.4102000603241163,0.26666666666666666,0.03934120293052768,-0.14353339365744966,-3.648424119387354,0.5897999396758837
2104404,Gonçalves Dias,MA,Nordeste,94,0.41033610484157157,0.6595744680851063,0.05070952865629576,0.24923836324353477,4.915020309749832,0.5896638951584284
3301009,Campos dos Goytacazes,RJ,Sudeste,3954,0.4106395986120924,0.39580171977744055,0.007821602043049712,-0.014837878834651874,-1.8970383244998814,0.5893604013879076
5004908,Jaraguari,MS,Centro-Oeste,87,0.4107776342762742,0.4482758620689655,0.05267942155380524,0.03749822779269135,0.7118192775596776,0.5892223657237259
2804102,Moita Bonita,SE,Nordeste,90,0.410867597169048,0.5777777777777777,0.05181913981691142,0.1669101806087297,3.221014111744436,0.5891324028309519
2917300,Ituberá,BA,Nordeste,120,0.4109631633895373,0.2916666666666667,0.044892797985125216,-0.11929649672287063,-2.6573638106138615,0.5890368366104627
2904100,Boquira,BA,Nordeste,100,0.4111765375928991,0.32,0.04905906665412123,-0.09117653759289912,-1.8585053449083462,0.5888234624071009
2925105,Poções,BA,Nordeste,389,0.41124995851699986,0.42930591259640105,0.024939624393112442,0.018055954079401193,0.7239866084104977,0.5887500414830001
1501808,Breves,PA,Norte,990,0.4113552249383641,0.5666666666666667,0.015614723906682813,0.15531144172830258,9.946473767738677,0.5886447750616359
2500536,Alcantil,PB,Nordeste,87,0.41140682246545623,0.45977011494252873,0.052668189820154566,0.048363292477072495,0.9182638067155535,0.5885931775345438
2700607,Barra de São Miguel,AL,Nordeste,122,0.41153051881141595,0.38524590163934425,0.04450803621867815,-0.0262846171720717,-0.5905589058777918,0.588469481188584
5005004,Jardim,MS,Centro-Oeste,360,0.4117406741235834,0.5416666666666666,0.02591830384462585,0.12992599254308324,5.012904907742385,0.5882593258764166
3116902,Comendador Gomes,MG,Sudeste,39,0.41189547196974263,0.7435897435897436,0.07879238972375853,0.331694271620001,4.20972473081349,0.5881045280302574
1502707,Conceição do Araguaia,PA,Norte,506,0.4120394785985336,0.5158102766798419,0.02187324512979704,0.10377079808130829,4.744188503604594,0.5879605214014664
2701803,Carneiros,AL,Nordeste,157,0.4122459710655272,0.3885350318471338,0.03920027027317388,-0.0237109392183934,-0.6048667280393633,0.5877540289344728
3115458,Catuji,MG,Sudeste,114,0.41225211858348115,0.6842105263157895,0.04557615618782033,0.27195840773230834,5.967120320800241,0.5877478814165189
2610004,Palmares,PE,Nordeste,322,0.41231434038786735,0.6459627329192547,0.02741385901116922,0.2336483925313873,8.52300263294533,0.5876856596121327
2513703,Santa Rita,PB,Nordeste,930,0.41247110872184584,0.3817204301075269,0.016114503928351797,-0.03075067861431896,-1.9082609524340575,0.5875288912781542
1712009,Lajeado,TO,Norte,55,0.41251602772270407,0.38181818181818183,0.06632193728391772,-0.030697845904522236,-0.4628611159699356,0.587483972277296
1703867,Cariri do Tocantins,TO,Norte,57,0.41254311989177794,0.5263157894736842,0.06511137004574148,0.11377266958190624,1.7473548706159867,0.5874568801082221
2907509,Catu,BA,Nordeste,231,0.4127049481159299,0.3939393939393939,0.03237292389380953,-0.01876555417653597,-0.5796681893205324,0.58729505188407
4216503,São Joaquim,SC,Sul,285,0.4128318416355483,0.43859649122807015,0.029066877598564758,0.025764649592521838,0.8863920627578528,0.5871681583644517
2933109,Várzea do Poço,BA,Nordeste,55,0.4129990846155454,0.43636363636363634,0.06638052765532713,0.023364551748090934,0.3519790000677389,0.5870009153844546
1702158,Araguanã,TO,Norte,63,0.4131637718276928,0.38095238095238093,0.0619571549313335,-0.032211390875311885,-0.5198978376429881,0.5868362281723072
5107800,Santo Antônio do Leverger,MT,Centro-Oeste,153,0.41324325101052317,0.49019607843137253,0.03975954058531786,0.07695282742084936,1.9354556488327732,0.5867567489894768
2111763,Senador La Rocque,MA,Nordeste,133,0.41339684572520957,0.6466165413533834,0.04250752384409173,0.23321969562817385,5.486550957039335,0.5866031542747905
2414001,Tangará,RN,Nordeste,137,0.41383430642404123,0.40145985401459855,0.04206466895610971,-0.012374452409442682,-0.2941768642552302,0.5861656935759587
2107605,Palmeirândia,MA,Nordeste,119,0.4141918248434051,0.7058823529411765,0.04497525539772019,0.2916905280977714,6.485578025479257,0.5858081751565949
1600303,Macapá,AP,Norte,6536,0.41433812939484405,0.4548653610771114,0.006089160083830092,0.04052723168226735,6.655635773132056,0.585661870605156
4203402,Campo Belo do Sul,SC,Sul,63,0.41438184062384326,0.4603174603174603,0.0619314586401746,0.045935619693617036,0.7417170643518293,0.5856181593761567
2400208,Açu,RN,Nordeste,325,0.41455508018195325,0.40615384615384614,0.027319474507398692,-0.008401234028107107,-0.30751814153057283,0.5854449198180467
2404309,Governador Dix-Sept Rosado,RN,Nordeste,77,0.4145996811314872,0.4935064935064935,0.05586107121147075,0.0789068123750063,1.4125545870091234,0.5854003188685128
1507961,Terra Alta,PA,Norte,72,0.4146050646311203,0.5,0.05802689004368671,0.08539493536887971,1.47164418607629,0.5853949353688797
1300839,Caapiranga,AM,Norte,123,0.4146973961124011,0.3089430894308943,0.043995838712289556,-0.10575430668150676,-2.403734302534524,0.5853026038875989
2902500,Baianópolis,BA,Nordeste,142,0.4150039369575485,0.3591549295774648,0.041244453491881695,-0.05584900738008369,-1.3540974034503008,0.5849960630424516
2412401,São José do Seridó,RN,Nordeste,36,0.4150165384765758,0.5555555555555556,0.08208873512240622,0.14053901707897976,1.712037795069149,0.5849834615234242
2928604,Santo Amaro,BA,Nordeste,395,0.4150858081235185,0.369620253164557,0.02478330561847442,-0.045465554958961485,-1.8345234352059046,0.5849141918764815
2612406,Sanharó,PE,Nordeste,171,0.41511551582181816,0.6608187134502924,0.03762432835370175,0.24570319762847426,6.530434120142911,0.5848844841781818
2700706,Batalha,AL,Nordeste,146,0.4152555486873017,0.4589041095890411,0.04074124083474696,0.04364856090173941,1.0713606165994063,0.5847444513126983
5002704,Campo Grande,MS,Centro-Oeste,10001,0.415300338109677,0.5169483051694831,0.004924993571610678,0.10164796705980611,20.63920806835957,0.5846996618903231
1707108,Divinópolis do Tocantins,TO,Norte,85,0.41553364008767907,0.611764705882353,0.05337257026602368,0.19623106579467392,3.676627616331833,0.584466359912321
1701002,Ananás,TO,Norte,145,0.4158035768147345,0.46206896551724136,0.04091868001464808,0.04626538870250685,1.1306666951608593,0.5841964231852654
2923209,Oliveira dos Brejinhos,BA,Nordeste,196,0.4158935927305035,0.39285714285714285,0.03513964646214843,-0.023036449873360676,-0.6555686295300375,0.5841064072694965
2414159,Tenente Laurentino Cruz,RN,Nordeste,52,0.41590820599632294,0.38461538461538464,0.0681691634494792,-0.03129282138093831,-0.45904658055734704,0.5840917940036771
1503457,Ipixuna do Pará,PA,Norte,328,0.41612358506944785,0.4420731707317073,0.02719856910840434,0.025949585662259467,0.9540790752202131,0.5838764149305522
2606408,Gravatá,PE,Nordeste,447,0.4163433911738413,0.42953020134228187,0.023306372031378916,0.013186810168440588,0.5658027834914121,0.5836566088261588
1502509,Chaves,PA,Norte,196,0.41637936575095014,0.7397959183673469,0.03506510579512991,0.3234165526163968,9.22331603691654,0.5836206342490499
2930709,Simões Filho,BA,Nordeste,1151,0.4169129738920642,0.42137271937445697,0.014530648129359704,0.004459745482392752,0.30691992832595494,0.5830870261079357
2208403,Piripiri,PI,Nordeste,728,0.417030966562037,0.5480769230769231,0.018245536175961894,0.13104595651488615,7.182357111956864,0.582969033437963
2700300,Arapiraca,AL,Nordeste,2473,0.41724437311731394,0.438334007278609,0.009914621951159025,0.021089634161295057,2.1271243891280864,0.5827556268826861
2510006,Nazarezinho,PB,Nordeste,42,0.41727301689763135,0.6428571428571429,0.07596835213214873,0.22558412595951155,2.969448719476009,0.5827269831023687
2201507,Batalha,PI,Nordeste,208,0.4173003704351587,0.46634615384615385,0.03413845220401997,0.049045783410995136,1.4366727324919482,0.5826996295648412
2507903,Juripiranga,PB,Nordeste,110,0.4174476159732901,0.4636363636363636,0.046896377812845544,0.046188747663073515,0.984910771731752,0.58255238402671
1600600,Santana,AP,Norte,1709,0.41760067162890274,0.5318899941486249,0.011926376655187048,0.11428932251972218,9.582903997084077,0.5823993283710973
2920601,Maragogipe,BA,Nordeste,167,0.4177231835822059,0.5449101796407185,0.038118416674663286,0.12718699605851264,3.336628515922904,0.582276816417794
2402006,Caicó,RN,Nordeste,309,0.41821341085774194,0.47249190938511326,0.027916573505782808,0.05427849852737132,1.9443109132332357,0.581786589142258
2408508,Ouro Branco,RN,Nordeste,60,0.4187959562335265,0.7333333333333333,0.06367019236403251,0.3145373770998068,4.940104080437645,0.5812040437664735
2406304,Lagoa de Pedras,RN,Nordeste,49,0.4190707283976856,0.30612244897959184,0.07030169287607824,-0.11294827941809377,-1.606622469492865,0.5809292716023144
3127057,Fronteira dos Vales,MG,Sudeste,44,0.4192537390023803,0.6818181818181818,0.07415816438535015,0.2625644428158015,3.54060062020185,0.5807462609976197
2109304,Presidente Vargas,MA,Nordeste,94,0.41953362726741705,0.4787234042553192,0.0505159618134817,0.05918977698790212,1.1717044447544411,0.580466372732583
2807204,Siriri,SE,Nordeste,71,0.4196782624512787,0.5352112676056338,0.058512973761670486,0.11553300515435505,1.974485276118988,0.5803217375487213
1507706,São Sebastião da Boa Vista,PA,Norte,377,0.4197607709933281,0.47480106100795755,0.02536233678140576,0.055040290014629456,2.170158471161928,0.5802392290066719
2104800,Grajaú,MA,Nordeste,987,0.4198890151054052,0.46403242147923,0.01569208231687579,0.0441434063738248,2.8131006122974203,0.5801109848945948
2411056,Tibau,RN,Nordeste,38,0.41994853414630146,0.34210526315789475,0.07993407475254542,-0.07784327098840671,-0.9738433981926821,0.5800514658536986
3302270,Japeri,RJ,Sudeste,1085,0.4199858438380083,0.36589861751152075,0.01497752903936749,-0.05408722632648755,-3.6112249346552883,0.5800141561619917
2933174,Varzedo,BA,Nordeste,70,0.42025546742997966,0.4,0.05898134318588646,-0.020255467429979634,-0.343421603101547,0.5797445325700203
2921906,Mucugê,BA,Nordeste,85,0.42040167851433363,0.38823529411764707,0.05349782407152172,-0.032166384396686565,-0.6012652842418981,0.5795983214856664
1506203,Salinópolis,PA,Norte,525,0.42085483150023695,0.5085714285714286,0.02154051406086418,0.08771659707119162,4.072168232538111,0.579145168499763
5102694,Canabrava do Norte,MT,Centro-Oeste,73,0.4208832956427656,0.7808219178082192,0.05770549804044786,0.3599386221654536,6.237510018770823,0.5791167043572344
1716653,Pequizeiro,TO,Norte,55,0.4209778729214009,0.6181818181818182,0.06636371329952746,0.1972039452604173,2.97156285348821,0.5790221270785991
1505700,Ponta de Pedras,PA,Norte,296,0.4211342543422225,0.5844594594594594,0.028530474701035525,0.16332520511723692,5.724587719927035,0.5788657456577775
2903706,Boa Nova,BA,Nordeste,129,0.42132195896369823,0.46511627906976744,0.043375977389479764,0.04379432010606921,1.0096445715293763,0.5786780410363017
2704302,Maceió,AL,Nordeste,6460,0.42150667147483745,0.4072755417956656,0.006141230491344848,-0.014231129679171839,-2.3173091612875467,0.5784933285251626
2508604,Lucena,PB,Nordeste,176,0.42200612444929925,0.4431818181818182,0.03717885462642764,0.02117569373251893,0.5695628320262112,0.5779938755507008
3134004,Itinga,MG,Sudeste,108,0.42258626265754984,0.5833333333333334,0.047418946768802615,0.16074707067578353,3.3899333837912358,0.5774137373424502
2104206,Fortuna,MA,Nordeste,310,0.4228774163854259,0.7225806451612903,0.027965973612002416,0.29970322877586436,10.716709989572397,0.5771225836145741
5006408,Pedro Gomes,MS,Centro-Oeste,110,0.4228908642953053,0.5636363636363636,0.04706514105829536,0.1407454993410583,2.9904404018832005,0.5771091357046947
2512754,Riachão do Bacamarte,PB,Nordeste,37,0.42289986892779946,0.4594594594594595,0.08064475626480198,0.036559590531660024,0.45334119941555,0.5771001310722006
5006002,Nova Alvorada do Sul,MS,Centro-Oeste,381,0.42325212759072905,0.5695538057742782,0.025291303148655107,0.1463016781835491,5.784663499687198,0.576747872409271
1713205,Miracema do Tocantins,TO,Norte,135,0.42403762375785803,0.4444444444444444,0.042506131308604554,0.02040682068658639,0.48009122586170105,0.575962376242142
2701704,Capela,AL,Nordeste,201,0.4240428294473497,0.42786069651741293,0.03480888202196332,0.003817867070063208,0.1096808299575451,0.5759571705526503
1702000,Araguaçu,TO,Norte,59,0.42422838068220936,0.3898305084745763,0.06429378319294826,-0.03439787220763307,-0.5350108595165983,0.5757716193177906
2932101,Ubaíra,BA,Nordeste,131,0.4245558475301618,0.3893129770992366,0.04315796752451985,-0.035242870430925166,-0.816601718116179,0.5754441524698382
2919801,Macaúbas,BA,Nordeste,273,0.4246200422721878,0.315018315018315,0.029870305646404558,-0.1096017272538728,-3.669253624362072,0.5753799577278123
2612604,Santa Maria da Boa Vista,PE,Nordeste,462,0.42483025158630944,0.645021645021645,0.02298137165476846,0.22019139343533561,9.581299007870472,0.5751697484136906
2502409,Bonito de Santa Fé,PB,Nordeste,83,0.42487919324727175,0.6024096385542169,0.0541546628011854,0.17753044530694517,3.2782116280310247,0.5751208067527283
2919009,Lajedinho,BA,Nordeste,33,0.42502934447286367,0.21212121212121213,0.08566141735373102,-0.21290813235165154,-2.4854612371456195,0.5749706555271363
2510204,Nova Olinda,PB,Nordeste,68,0.4250433026202504,0.38235294117647056,0.059819154537355736,-0.042690361443779856,-0.7136570513901308,0.5749566973797495
5006309,Paranaíba,MS,Centro-Oeste,451,0.4253877093582281,0.5521064301552107,0.023262060295402506,0.12671872079698254,5.447441851142787,0.5746122906417719
5003702,Dourados,MS,Centro-Oeste,3216,0.4257401884941591,0.5388681592039801,0.008707777383217158,0.113127970709821,12.991601155061336,0.5742598115058408
1505809,Portel,PA,Norte,766,0.4257532212285586,0.42428198433420367,0.017775715582424394,-0.0014712368943549103,-0.08276667611680201,0.5742467787714414
5003306,Coxim,MS,Centro-Oeste,467,0.42585134579463585,0.3961456102783726,0.022850333276288187,-0.029705735516263265,-1.300013227688409,0.5741486542053642
2920106,Mairi,BA,Nordeste,111,0.4262663596343216,0.23423423423423423,0.046913230310279344,-0.19203212540008735,-4.093346890205734,0.5737336403656784
1304237,Tonantins,AM,Norte,296,0.42628039841937265,0.30405405405405406,0.02863307440265069,-0.1222263443653186,-4.26871186260053,0.5737196015806274
5005400,Maracaju,MS,Centro-Oeste,648,0.4263167620994931,0.4722222222222222,0.019398533153960635,0.045905460122729114,2.3664397590472714,0.5736832379005069
2104107,Fortaleza dos Nogueiras,MA,Nordeste,194,0.4267558709191798,0.788659793814433,0.03549203864149272,0.36190392289525314,10.196763464360757,0.5732441290808201
2413102,Senador Elói de Souza,RN,Nordeste,57,0.4267569206800946,0.24561403508771928,0.06542962614487337,-0.1811428855923753,-2.768514757998024,0.5732430793199055
2202117,Campo Alegre do Fidalgo,PI,Nordeste,34,0.4269023506543561,0.5882352941176471,0.08462342292351953,0.16133294346329097,1.9064809468780237,0.5730976493456439
2706901,Pilar,AL,Nordeste,528,0.4272214303003688,0.4602272727272727,0.02151726987740401,0.03300584242690391,1.5339233376239998,0.5727785696996313
1508100,Tucuruí,PA,Norte,1132,0.4272353020710353,0.45229681978798586,0.014696113325529694,0.025061517716950532,1.7053160357313206,0.5727646979289647
1709500,Gurupi,TO,Norte,752,0.42753356625115807,0.5425531914893617,0.01802909009703334,0.11501962523820358,6.379668891727924,0.5724664337488419
3112653,Capitão Andrade,MG,Sudeste,43,0.42763275489789904,0.7674418604651163,0.07535138491690388,0.3398091055672173,4.509659722139845,0.5723672451021009
1301100,Careiro,AM,Norte,174,0.42776232152963173,0.3735632183908046,0.036542574090313265,-0.05419910313882714,-1.4831769378062036,0.5722376784703682
3116159,Chapada Gaúcha,MG,Sudeste,208,0.4278562411080162,0.6923076923076923,0.034232789922877864,0.2644514511996761,7.725091989155769,0.5721437588919838
1101757,Vale do Anari,RO,Norte,115,0.42798338189666085,0.5565217391304348,0.04610560701775355,0.12853835723377394,2.7879116130990016,0.5720166181033391
1503507,Irituia,PA,Norte,198,0.4281756943276108,0.5050505050505051,0.03513110237054239,0.07687481072289426,2.188226543877376,0.5718243056723892
2921054,Matina,BA,Nordeste,127,0.42820609090416706,0.4251968503937008,0.04387439022007696,-0.003009240510466249,-0.06858763154021495,0.5717939090958329
5103361,Conquista D'Oeste,MT,Centro-Oeste,59,0.4282284889055482,0.6949152542372882,0.06432248406172328,0.26668676533173996,4.146089337529778,0.5717715110944518
1304062,Tabatinga,AM,Norte,1156,0.4286884022788903,0.40743944636678203,0.014507074791653732,-0.02124895591210829,-1.4647305688623957,0.5713115977211096
2902302,Aratuípe,BA,Nordeste,80,0.4287265130728731,0.6,0.05529911436953189,0.17127348692712685,3.097219347539737,0.5712734869271269
2803500,Lagarto,SE,Nordeste,757,0.42888106861285674,0.37780713342140027,0.017696311196048743,-0.05107393519145648,-2.8861345523162103,0.5711189313871432
2101400,Balsas,MA,Nordeste,1244,0.4289731094537535,0.3963022508038585,0.014010831493323073,-0.032670858649894996,-2.3318286759400717,0.5710268905462466
2102804,Carolina,MA,Nordeste,252,0.42907365398188296,0.5198412698412699,0.03107119387096129,0.09076761585938692,2.921278668478107,0.5709263460181171
1505486,Pacajá,PA,Norte,500,0.4290875322871289,0.458,0.022124257802204558,0.028912467712871093,1.3068220399235326,0.5709124677128711
3162450,São João das Missões,MG,Sudeste,62,0.42916297709262297,0.3387096774193548,0.06259399363967275,-0.09045329967326815,-1.445079542199683,0.570837022907377
2709400,Viçosa,AL,Nordeste,254,0.4294182345186625,0.49606299212598426,0.03102648017685085,0.06664475760732175,2.1479960739164357,0.5705817654813374
2512721,Pedro Régis,PB,Nordeste,39,0.42976984362875686,0.23076923076923078,0.07918616861798461,-0.19900061285952608,-2.5130728804364635,0.5702301563712431
5007901,Sidrolândia,MS,Centro-Oeste,726,0.42979247071721366,0.38980716253443526,0.01836601967313242,-0.0399853081827784,-2.1771352146198972,0.5702075292827864
2613404,São José da Coroa Grande,PE,Nordeste,244,0.4298362691294709,0.38934426229508196,0.03164737188200359,-0.04049200683438897,-1.2794745480086744,0.5701637308705291
2928406,Santa Rita de Cássia,BA,Nordeste,259,0.42986500908501746,0.3204633204633205,0.030658590973840917,-0.10940168862169697,-3.568386059067185,0.5701349909149825
2404606,Ielmo Marinho,RN,Nordeste,122,0.4302762078133209,0.3114754098360656,0.044739514404554245,-0.11880079797725529,-2.65538863258565,0.5697237921866791
2503308,Cachoeira dos Índios,PB,Nordeste,59,0.43056211799366534,0.5423728813559322,0.06435319811324233,0.11181076336226686,1.7374546509019404,0.5694378820063346
2413409,Serra Negra do Norte,RN,Nordeste,48,0.43057264658257804,0.3125,0.07138596175037604,-0.11807264658257804,-1.6540037240859347,0.5694273534174219
1501709,Bragança,PA,Norte,1230,0.4306377868809362,0.375609756097561,0.014107963785550695,-0.055028030783375204,-3.9004941903618033,0.5693622131190639
5105150,Juína,MT,Centro-Oeste,484,0.4310370075359738,0.5702479338842975,0.02239369031904611,0.13921092634832372,6.21652458192311,0.5689629924640263
2917904,Jandaíra,BA,Nordeste,97,0.43160240632917585,0.36082474226804123,0.050006006767972025,-0.07077766406113462,-1.4153832436479705,0.5683975936708241
2931608,Teolândia,BA,Nordeste,143,0.4322418065740443,0.44755244755244755,0.04133890649127495,0.015310640978403234,0.37036879486966395,0.5677581934259557
1720259,São Salvador do Tocantins,TO,Norte,45,0.4332880822572212,0.5777777777777777,0.07347023692978895,0.14448969552055652,1.966642569271099,0.5667119177427788
2613701,São Lourenço da Mata,PE,Nordeste,914,0.43362455388162996,0.5306345733041575,0.01638776616760408,0.09701001942252757,5.919660948927891,0.5663754461183701
2110807,São Félix de Balsas,MA,Nordeste,30,0.4338529855759295,0.43333333333333335,0.09035958423661124,-0.000519652242596147,-0.005750936627103227,0.5661470144240706
2923605,Paramirim,BA,Nordeste,141,0.4339876377922406,0.48936170212765956,0.04166524014708017,0.05537406433541897,1.3290230451077694,0.5660123622077594
2917102,Itororó,BA,Nordeste,104,0.4342304405880624,0.28846153846153844,0.04857799159732738,-0.145768902126524,-3.000718995030329,0.5657695594119376
2602001,Bodocó,PE,Nordeste,289,0.43435006555673,0.47750865051903113,0.02913656996410488,0.04315858496230113,1.4812513969719436,0.5656499344432699
2112001,Tasso Fragoso,MA,Nordeste,127,0.43437300827063163,0.5511811023622047,0.04377615852737409,0.11680809409157311,2.6683038900850726,0.5656269917293684
2614303,Moreilândia,PE,Nordeste,104,0.4344870052891642,0.5673076923076923,0.04850340160745533,0.13282068701852812,2.738378806778628,0.5655129947108358
1716604,Peixe,TO,Norte,63,0.4345689388204066,0.4603174603174603,0.06240016010290437,0.0257485214970537,0.4126355037325498,0.5654310611795934
2926400,Riacho de Santana,BA,Nordeste,198,0.43458818415848155,0.5252525252525253,0.0352177378874744,0.09066434109404375,2.574394226674326,0.5654118158415185
3150208,Piedade de Ponte Nova,MG,Sudeste,36,0.4347235128188443,0.8055555555555556,0.08260495929236383,0.3708320427367113,4.489222510530209,0.5652764871811558
2408607,Paraná,RN,Nordeste,35,0.4348220717059724,0.2857142857142857,0.08367530724670878,-0.14910778599168673,-1.781980740770469,0.5651779282940276
2102374,Cachoeira Grande,MA,Nordeste,92,0.43488654026014595,0.5543478260869565,0.05116549154394377,0.11946128582681059,2.33480187958735,0.565113459739854
2103554,Conceição do Lago-Açu,MA,Nordeste,179,0.43510148466522497,0.553072625698324,0.03692603533439862,0.11797114103309908,3.19479575764806,0.564898515334775
3109451,Cabeceira Grande,MG,Sudeste,98,0.4353849779574399,0.5510204081632653,0.050072814944180165,0.11563543020582534,2.3093455068330515,0.5646150220425601
1303908,São Paulo de Olivença,AM,Norte,777,0.4358667890496532,0.36936936936936937,0.01754281834826613,-0.06649741968028383,-3.790577908301502,0.5641332109503467
2400901,Antônio Martins,RN,Nordeste,48,0.43605217403448115,0.5,0.07141371332418371,0.06394782596551885,0.8954558303840979,0.5639478259655188
3154804,Rio Acima,MG,Sudeste,111,0.43608049137627064,0.7297297297297297,0.047039705746520416,0.2936492383534591,6.242582382122589,0.5639195086237294
2504009,Campina Grande,PB,Nordeste,2736,0.43610203487397964,0.49159356725146197,0.009472859275242546,0.05549153237748233,5.857949618496947,0.5638979651260203
3165552,Setubinha,MG,Sudeste,122,0.43654969200947163,0.6885245901639344,0.04482003524787918,0.2519748981544628,5.621925479551823,0.5634503079905284
2110401,São Benedito do Rio Preto,MA,Nordeste,183,0.43661542293525607,0.3825136612021858,0.036613644313145385,-0.0541017617330703,-1.4776393540712405,0.5633845770647439
5007505,Rochedo,MS,Centro-Oeste,90,0.43673019714789924,0.5,0.05218091200406673,0.06326980285210076,1.2125085672548195,0.5632698028521008
2412500,São Miguel,RN,Nordeste,217,0.4370569256344433,0.4470046082949309,0.033630209124407555,0.009947682660487567,0.29579603931953874,0.5629430743655567
1703206,Bernardo Sayão,TO,Norte,56,0.4370722481621945,0.5892857142857143,0.06607919845509795,0.15221346612351982,2.303500491564705,0.5629277518378055
4202438,Bocaina do Sul,SC,Sul,47,0.4370836802061359,0.2765957446808511,0.07230742804292482,-0.16048793552528484,-2.2195221136895125,0.562916319793864
2921203,Miguel Calmon,BA,Nordeste,184,0.43757998148859145,0.3695652173913043,0.03656604685141562,-0.06801476409728713,-1.8600524244160672,0.5624200185114085
1503705,Itupiranga,PA,Norte,486,0.4378000394509589,0.44650205761316875,0.02246310577902529,0.008702018162209835,0.38739158546523256,0.5621999605490411
3152402,Poté,MG,Sudeste,111,0.4381631292776159,0.7027027027027027,0.04703016355339198,0.2645395734250868,5.624891632042971,0.5618368707223841
2211704,Wall Ferraz,PI,Nordeste,35,0.4385113998570338,0.5428571428571428,0.08380380215770572,0.10434574300010901,1.2451194374659345,0.5614886001429662
2403301,Encanto,RN,Nordeste,63,0.4385168227470438,0.6666666666666666,0.06250950766312283,0.22814984391962284,3.649842279180495,0.5614831772529563
2915007,Itaeté,BA,Nordeste,110,0.43854721399644864,0.45454545454545453,0.04719640326625395,0.015998240549005893,0.3389716046528666,0.5614527860035514
2111573,São Pedro dos Crentes,MA,Nordeste,72,0.4389850928504711,0.5972222222222222,0.058376363677106476,0.1582371293717511,2.7106369668209935,0.561014907149529
1303502,Pauini,AM,Norte,207,0.4393221695022412,0.4927536231884058,0.034191271780926354,0.05343145368616464,1.5627220311814036,0.5606778304977589
2107209,Nina Rodrigues,MA,Nordeste,128,0.43945967385560186,0.46875,0.04373124763059416,0.029290326144398138,0.669780253968944,0.5605403261443982
5100409,Alto Garças,MT,Centro-Oeste,172,0.4394782962554631,0.5290697674418605,0.03780002966739775,0.08959147118639743,2.370142880169997,0.5605217037445369
2510808,Patos,PB,Nordeste,785,0.4395851610362029,0.6777070063694267,0.01770447960534551,0.23812184533322384,13.449807655534126,0.5604148389637971
2514008,São João do Cariri,PB,Nordeste,41,0.4402564997307596,0.6097560975609756,0.07736097980167614,0.169499597830216,2.19102185966036,0.5597435002692404
1301803,Ipixuna,AM,Norte,248,0.4403773807337384,0.6451612903225806,0.031035316873978157,0.20478390958884224,6.5984152963666105,0.5596226192662617
2500775,Aparecida,PB,Nordeste,46,0.44115130376134454,0.6304347826086957,0.07316878642732427,0.18928347884735114,2.586942986069054,0.5588486962386554
2601052,Araçoiaba,PE,Nordeste,221,0.44148717463453,0.5384615384615384,0.033306031161166025,0.09697436382700841,2.9116157178186404,0.55851282536547
3303203,Nilópolis,RJ,Sudeste,851,0.44188201481242145,0.4735605170387779,0.01701639296312573,0.03167850222635643,1.8616461370516815,0.5581179851875786
5004106,Guia Lopes da Laguna,MS,Centro-Oeste,155,0.4419028459859168,0.6580645161290323,0.03982350432873089,0.2161616701431155,5.427992181671577,0.5580971540140832
2405009,Jaçanã,RN,Nordeste,79,0.44191123504700575,0.43037974683544306,0.055695367731300134,-0.01153148821156269,-0.20704573254989267,0.5580887649529942
5003256,Costa Rica,MS,Centro-Oeste,451,0.44192678191710505,0.5476718403547672,0.02337601357011205,0.10574505843766219,4.523656615808309,0.5580732180828949
5104609,Itiquira,MT,Centro-Oeste,207,0.4419836160744825,0.5845410628019324,0.03432613911805871,0.1425574467274499,4.153028869257585,0.5580163839255174
2502904,Brejo dos Santos,PB,Nordeste,34,0.44205069460651153,0.6470588235294118,0.0849240328045104,0.20500812892290027,2.414017824551687,0.5579493053934885
2604304,Cedro,PE,Nordeste,78,0.4422751773228306,0.6282051282051282,0.05613771402220886,0.18592995088229758,3.312032812891902,0.5577248226771694
1303957,São Sebastião do Uatumã,AM,Norte,122,0.442417363543722,0.4426229508196721,0.04487865920731093,0.00020558727595010318,0.0045809585130522825,0.5575826364562779
2103208,Chapadinha,MA,Nordeste,685,0.4424928637821818,0.41751824817518246,0.01895852110433054,-0.024974615606999317,-1.317329314325819,0.5575071362178182
2908309,Conceição do Almeida,BA,Nordeste,51,0.44254625363505357,0.4117647058823529,0.06946294956903774,-0.030781547752700644,-0.4431362034534327,0.5574537463649465
2929107,São Felipe,BA,Nordeste,141,0.44284659360034834,0.41134751773049644,0.041805233331287675,-0.0314990758698519,-0.7534720741835331,0.5571534063996517
5003108,Corguinho,MS,Centro-Oeste,68,0.4428745580640107,0.5882352941176471,0.06020830104275346,0.14536073605363636,2.4142972569582524,0.5571254419359892
1707553,Fátima,TO,Norte,37,0.44305646829051676,0.5675675675675675,0.08143033917349156,0.12451109927705079,1.5290504809487953,0.5569435317094833
2108504,Pindaré-Mirim,MA,Nordeste,399,0.4438368748880441,0.5037593984962406,0.024845603716566567,0.059922523608196554,2.411795836872395,0.5561631251119559
2511608,Pilões,PB,Nordeste,89,0.4438956141503085,0.6179775280898876,0.052620769458352507,0.1740819139395791,3.308235811286622,0.5561043858496915
1301605,Fonte Boa,AM,Norte,242,0.4440687622396608,0.4793388429752066,0.03083152566286177,0.03527008073554583,1.1439615775495189,0.5559312377603391
2700805,Belém,AL,Nordeste,43,0.4441661696058718,0.6511627906976745,0.07566312695561896,0.20699662109180267,2.7357661442305816,0.5558338303941281
2923407,Palmas de Monte Alto,BA,Nordeste,151,0.4442577040704502,0.3576158940397351,0.040399517039574555,-0.08664181003071508,-2.1446248960313685,0.5557422959295498
2702355,Craíbas,AL,Nordeste,206,0.44426232614253847,0.6796116504854369,0.03458476778105583,0.23534932434289846,6.804999409937156,0.5557376738574615
1506161,Rio Maria,PA,Norte,219,0.4442738957647256,0.5570776255707762,0.033566298646756525,0.11280372980605063,3.360624625108933,0.5557261042352744
2101202,Bacabal,MA,Nordeste,902,0.4443040423482846,0.5110864745011087,0.016528686684869606,0.06678243215282409,4.040395551447948,0.5556959576517154
5002001,Batayporã,MS,Centro-Oeste,185,0.44430906287179084,0.6756756756756757,0.03635571046241773,0.23136661280388482,6.363968957312971,0.5556909371282092
3128253,Guaraciama,MG,Sudeste,52,0.4448872484330557,0.8076923076923077,0.06880336965761626,0.362805059259252,5.2730710874287965,0.5551127515669443
3140605,Materlândia,MG,Sudeste,44,0.4449089744814429,0.2727272727272727,0.07484635410311992,-0.1721817017541702,-2.3004687912646493,0.555091025518557
5103254,Colniza,MT,Centro-Oeste,399,0.44500563558239115,0.6892230576441103,0.024707768946194076,0.24421742206171915,9.884236111870303,0.5549943644176089
3134707,Jacinto,MG,Sudeste,109,0.44500861654739043,0.5596330275229358,0.04750927347219725,0.11462441097554532,2.412674465388832,0.5549913834526096
2514503,São José de Piranhas,PB,Nordeste,134,0.4453714898751527,0.5597014925373134,0.04290414243544718,0.1143300026621607,2.6647777154427366,0.5546285101248474
2414100,Tenente Ananias,RN,Nordeste,99,0.44542782873814496,0.5252525252525253,0.049916950024815,0.07982469651438034,1.5991501178396805,0.554572171261855
5219753,Santo Antônio do Descoberto,GO,Centro-Oeste,908,0.44641106886565296,0.539647577092511,0.01648557886650753,0.09323650822685803,5.655640543886475,0.553588931134347
3145059,Nova Porteirinha,MG,Sudeste,54,0.44666219466425827,0.5185185185185185,0.06760981860849295,0.07185632385426022,1.062809002200663,0.5533378053357417
5102504,Cáceres,MT,Centro-Oeste,1038,0.4466709468082987,0.5163776493256262,0.015417636402342403,0.06970670251732752,4.521231445485183,0.5533290531917012
3104502,Arinos,MG,Sudeste,183,0.446769951249383,0.48633879781420764,0.036694967874525086,0.03956884656482462,1.078318059852961,0.553230048750617
2704807,Maribondo,AL,Nordeste,94,0.4468533396938935,0.4148936170212766,0.05123463024286993,-0.03195972267261693,-0.6237914184432825,0.5531466603061065
1302306,Jutaí,AM,Norte,360,0.4469957682706148,0.36666666666666664,0.025771655467145084,-0.08032910160394818,-3.1169554360353566,0.5530042317293852
2908101,Cocos,BA,Nordeste,207,0.4472135278737113,0.5169082125603864,0.0345251474695781,0.06969468468667511,2.0186643590179223,0.5527864721262887
2600609,Alagoinha,PE,Nordeste,171,0.44747446264706253,0.5380116959064327,0.03799811458859842,0.09053723325937019,2.382676989098203,0.5525255373529374
1303106,Nova Olinda do Norte,AM,Norte,304,0.44769514316044656,0.3782894736842105,0.0283842632968016,-0.06940566947623605,-2.445216518409933,0.5523048568395534
1501105,Bagre,PA,Norte,276,0.44773403586942,0.5362318840579711,0.02987796107002121,0.08849784818855105,2.961977491742151,0.55226596413058
3157609,Santa Fé de Minas,MG,Sudeste,40,0.4478973153238022,0.725,0.07859302874809523,0.27710268467619775,3.5257921610879968,0.5521026846761978
5002159,Bodoquena,MS,Centro-Oeste,137,0.4479871118650375,0.45985401459854014,0.04242072096524439,0.01186690273350266,0.27974307044958757,0.5520128881349625
2606705,Ibirajuba,PE,Nordeste,58,0.4484621818643654,0.6206896551724138,0.06526228482062345,0.17222747330804844,2.639004653015505,0.5515378181356346
3101805,Alpercata,MG,Sudeste,62,0.4485004560931606,0.7096774193548387,0.06310839229869825,0.26117696326167816,4.138545663237654,0.5514995439068394
2616407,Vitória de Santo Antão,PE,Nordeste,1004,0.44886101701763087,0.5079681274900398,0.01569360336507361,0.059107110472408964,3.7663186138597635,0.5511389829823692
2112902,Vitória do Mearim,MA,Nordeste,249,0.44891012231008287,0.606425702811245,0.03145042653077076,0.1575155805011621,5.008376606500092,0.5510898776899171
2610806,Pedra,PE,Nordeste,174,0.4489149056961858,0.5459770114942529,0.037636144806039155,0.09706210579806712,2.5789598349747123,0.5510850943038141
1505650,Placas,PA,Norte,196,0.4493626047175058,0.5714285714285714,0.035480711425844844,0.12206596671106562,3.4403472141810094,0.5506373952824942
5209408,Guarani de Goiás,GO,Centro-Oeste,48,0.44939934689650696,0.6458333333333334,0.07175093308066509,0.1964339864368264,2.7377203055462425,0.550600653103493
1505403,Ourém,PA,Norte,147,0.4503329018921583,0.54421768707483,0.04099535781709256,0.09388478518267168,2.290132107190133,0.5496670981078418
3102407,Alvorada de Minas,MG,Sudeste,67,0.4507079096401225,0.6567164179104478,0.06041981274271946,0.2060085082703253,3.4096184499537228,0.5492920903598775
2412609,São Paulo do Potengi,RN,Nordeste,114,0.45088922887737165,0.35964912280701755,0.04647931642867318,-0.0912401060703541,-1.963025988352701,0.5491107711226284
1100346,Alvorada D'Oeste,RO,Norte,144,0.4509125307535801,0.6875,0.04139601156717653,0.23658746924641988,5.7152237689008025,0.5490874692464198
2207801,Paulistana,PI,Nordeste,236,0.4509519729786226,0.5042372881355932,0.032369557184652585,0.0532853151569706,1.646155208519035,0.5490480270213773
5107354,São José do Xingu,MT,Centro-Oeste,109,0.4509629972520187,0.3486238532110092,0.04757850740523577,-0.10233914404100952,-2.150953227039393,0.5490370027479813
1300029,Alvarães,AM,Norte,234,0.451095794745249,0.594017094017094,0.03237599176579613,0.142921299271845,4.414422276411478,0.548904205254751
2210508,São Pedro do Piauí,PI,Nordeste,192,0.45110021330566724,0.671875,0.035889852031978024,0.22077478669433276,6.151454358118317,0.5488997866943328
5105507,Vila Bela da Santíssima Trindade,MT,Centro-Oeste,200,0.4516365676558766,0.475,0.03513478574584463,0.023363432344123358,0.6649658407803593,0.5483634323441233
2201770,Boa Hora,PI,Nordeste,45,0.4519574414638232,0.4666666666666667,0.07415880148835928,0.014709225202843457,0.1983476661924258,0.5480425585361768
2103000,Caxias,MA,Nordeste,1394,0.45198969063502026,0.554519368723099,0.013316673838181851,0.10252967808807878,7.699345897779932,0.5480103093649797
2604205,Catende,PE,Nordeste,267,0.452297970773815,0.2209737827715356,0.03044405314327026,-0.2313241880022794,-7.598337413013426,0.5477020292261849
5002902,Cassilândia,MS,Centro-Oeste,230,0.45238147345816876,0.5478260869565217,0.03274835580819748,0.09544461349835293,2.9144856632607334,0.5476185265418312
2607802,Itaquitinga,PE,Nordeste,78,0.45239050917071466,0.5769230769230769,0.05630033042326994,0.12453256775236221,2.2119331594702443,0.5476094908292853
2922755,Nova Ibiá,BA,Nordeste,49,0.452544185428254,0.4897959183673469,0.0710873133048392,0.03725173293909295,0.5240278638657888,0.5474558145717461
2509206,Massaranduba,PB,Nordeste,101,0.4526598647381271,0.40594059405940597,0.04949276353738727,-0.046719270678721114,-0.9439616489273016,0.547340135261873
2403251,Parnamirim,RN,Nordeste,1330,0.45266243273525036,0.36390977443609024,0.01364252784138649,-0.08875265829916013,-6.5055874784375884,0.5473375672647496
2207959,Nova Santa Rita,PI,Nordeste,63,0.452682018826131,0.49206349206349204,0.06264424905482112,0.03938147323736102,0.6286526509863273,0.547317981173869
2204105,Francisco Ayres,PI,Nordeste,62,0.45284544366453483,0.3225806451612903,0.06317197890090998,-0.13026479850324452,-2.0620661370696443,0.5471545563354652
2922201,Muniz Ferreira,BA,Nordeste,63,0.45293473260782213,0.4126984126984127,0.0625641053842951,-0.04023631990940946,-0.6431214777588686,0.5470652673921779
1502764,Cumaru do Norte,PA,Norte,155,0.45306322612547467,0.45161290322580644,0.03994534813539767,-0.0014503228996682327,-0.03630767955137748,0.5469367738745253
5107701,Rosário Oeste,MT,Centro-Oeste,137,0.4531520686162934,0.5547445255474452,0.042466455522094125,0.10159245693115182,2.3922989494212925,0.5468479313837066
3131109,Inimutaba,MG,Sudeste,76,0.45322211852152333,0.7763157894736842,0.05705972277693661,0.32309367095216085,5.662377159020381,0.5467778814784767
2913507,Iguaí,BA,Nordeste,108,0.45324573443086436,0.3148148148148148,0.04772654048543575,-0.13843091961604953,-2.9005018634923507,0.5467542655691356
3304904,São Gonçalo,RJ,Sudeste,4415,0.45335720875516505,0.4378255945639864,0.007490334977559738,-0.015531614191178655,-2.0735540183062238,0.546642791244835
3146305,Padre Paraíso,MG,Sudeste,190,0.45343581135110456,0.5736842105263158,0.036068740121511206,0.12024839917521124,3.3338674644611648,0.5465641886488954
1504976,Nova Ipixuna,PA,Norte,182,0.4534390375733495,0.532967032967033,0.036883013579492106,0.07952799539368344,2.156222815749064,0.5465609624266505
1714302,Nazaré,TO,Norte,50,0.45347378857705495,0.34,0.0703450623063043,-0.11347378857705492,-1.6131023963409787,0.546526211422945
2207504,Palmeirais,PI,Nordeste,150,0.45362957616524824,0.4666666666666667,0.04055655829606493,0.013037090501418436,0.3214545575156308,0.5463704238347518
2512002,Pocinhos,PB,Nordeste,218,0.4536772775886199,0.5458715596330275,0.033644319859701656,0.09219428204440755,2.740262915965069,0.54632272241138
2923506,Palmeiras,BA,Nordeste,89,0.45403300144521025,0.4044943820224719,0.05273506825662986,-0.04953861942273835,-0.9393866559850399,0.5459669985547897
2403608,Extremoz,RN,Nordeste,578,0.4544086007748836,0.34429065743944637,0.020693769809833562,-0.11011794333543723,-5.321308990453243,0.5455913992251165
4212650,Pescaria Brava,SC,Sul,120,0.4544756844403385,0.4666666666666667,0.0454242430100326,0.012190982226328195,0.26838052587107813,0.5455243155596615
5001904,Bataguassu,MS,Centro-Oeste,321,0.454558134996184,0.5264797507788161,0.027751306882128762,0.07192161578263212,2.591647884840626,0.545441865003816
2201101,Avelino Lopes,PI,Nordeste,122,0.4547259258020625,0.45081967213114754,0.04506490491551256,-0.003906253670914961,-0.0866806149538845,0.5452740741979375
2517001,Umbuzeiro,PB,Nordeste,111,0.4547667908021265,0.7927927927927928,0.04724108104555235,0.3380260019906663,7.155340108849832,0.5452332091978735
2927903,Santa Inês,BA,Nordeste,93,0.4548378423352791,0.4731182795698925,0.051547044366099186,0.018280437234613423,0.35463599241076704,0.545162157664721
3301702,Duque de Caxias,RJ,Sudeste,6581,0.45504217584820567,0.45661753532897736,0.006136280784387769,0.0015753594807716986,0.25672871501900735,0.5449578241517943
2102101,Brejo,MA,Nordeste,272,0.45513343348441226,0.5808823529411765,0.03017009646008581,0.12574891945676425,4.167998588374636,0.5448665665155877
4213302,Ponte Alta,SC,Sul,51,0.4552342578690302,0.5490196078431373,0.06930144610655412,0.09378534997410709,1.3532957137706458,0.5447657421309697
2909703,Cristópolis,BA,Nordeste,144,0.45591442975398816,0.4375,0.04149173797028477,-0.01841442975398816,-0.4438095547401765,0.5440855702460119
2902005,Aracatu,BA,Nordeste,83,0.45607271810266403,0.2891566265060241,0.05460316652755329,-0.16691609159663995,-3.0568939900658045,0.543927281897336
5006358,Paranhos,MS,Centro-Oeste,138,0.45622652380145573,0.6739130434782609,0.042339276744542104,0.21768651967680513,5.141479411427754,0.5437734761985442
2611309,Pombos,PE,Nordeste,133,0.4566611772829854,0.41353383458646614,0.0431794559186506,-0.043127342696519244,-0.9987931014640496,0.5433388227170146
3149507,Pequeri,MG,Sudeste,42,0.45707092184864184,0.6904761904761905,0.07679316767135609,0.23340526862754862,3.039401495018794,0.5429290781513582
3115300,Cataguases,MG,Sudeste,417,0.45707233026094,0.6474820143884892,0.024285273091915693,0.19040968412754916,7.840541195764214,0.5429276697390599
2613107,São Caitano,PE,Nordeste,338,0.45734837439002735,0.5325443786982249,0.027081148509741516,0.07519600430819756,2.776691848248178,0.5426516256099727
3300936,Carapebus,RJ,Sudeste,138,0.4575353478632983,0.6014492753623188,0.04239202464130476,0.14391392749902054,3.3948349652259284,0.5424646521367017
1503093,Goianésia do Pará,PA,Norte,300,0.45767589757417587,0.43666666666666665,0.02873593049845045,-0.021009230907509224,-0.731113645637545,0.5423241024258241
3138609,Lima Duarte,MG,Sudeste,129,0.45769159734388926,0.7131782945736435,0.04373648296971761,0.2554866972297542,5.8415007307891855,0.5423084026561107
1505106,Óbidos,PA,Norte,538,0.45782958419145753,0.550185873605948,0.021459966258671408,0.09235628941449042,4.303654921972288,0.5421704158085425
2200707,Anísio de Abreu,PI,Nordeste,126,0.45784660501865393,0.5714285714285714,0.044376767958339315,0.11358196640991747,2.5594916357258746,0.5421533949813461
2608800,Lajedo,PE,Nordeste,407,0.45791630721269244,0.5749385749385749,0.024685355321075124,0.11702226772588248,4.740554316671096,0.5420836927873076
2926657,Ribeirão do Largo,BA,Nordeste,76,0.45793080854356466,0.5263157894736842,0.057109030360512125,0.06838498093011952,1.197446016828262,0.5420691914564353
4202503,Bom Jardim da Serra,SC,Sul,49,0.4579586507119178,0.3469387755102041,0.07110202722925253,-0.11101987520171375,-1.5614164536231163,0.5420413492880822
2103802,Dom Pedro,MA,Nordeste,170,0.4579835588547349,0.4411764705882353,0.03814526462488681,-0.016807088266499626,-0.44060746286012953,0.542016441145265
2701605,Canapi,AL,Nordeste,199,0.4582231522058075,0.6231155778894473,0.03529305019630155,0.16489242568363977,4.672093365875168,0.5417768477941924
2702207,Coqueiro Seco,AL,Nordeste,75,0.45848914359564125,0.5466666666666666,0.057218572275657006,0.08817752307102539,1.5410647201440137,0.5415108564043587
1505551,Pau D'Arco,PA,Norte,64,0.4584975409947999,0.484375,0.06220377928030308,0.02587745900520011,0.41601104152516094,0.5415024590052001
5102793,Carlinda,MT,Centro-Oeste,121,0.4585856372340739,0.9917355371900827,0.04523063527396162,0.5331498999560087,11.787362629923805,0.541414362765926
2206050,Massapê do Piauí,PI,Nordeste,43,0.45884148803296304,0.6046511627906976,0.07588037336398357,0.1458096747577346,1.9215729745861108,0.541158511967037
3119104,Corinto,MG,Sudeste,231,0.4588808108838733,0.8571428571428571,0.03274391882787775,0.3982620462589838,12.162931637856024,0.5411191891161267
2900355,Adustina,BA,Nordeste,139,0.4593243605833223,0.4244604316546763,0.042148144887467806,-0.03486392892864604,-0.827175882158751,0.5406756394166776
1301852,Iranduba,AM,Norte,885,0.45949788957315846,0.3728813559322034,0.016685956768243044,-0.08661653364095506,-5.190983942005945,0.5405021104268415
1707207,Dois Irmãos do Tocantins,TO,Norte,62,0.45951749976625733,0.532258064516129,0.06324213690858119,0.07274056474987167,1.1501914436417733,0.5404825002337427
1302207,Juruá,AM,Norte,137,0.4599131355667036,0.5109489051094891,0.04210978115432802,0.05103576954278549,1.2119694793887585,0.5400868644332963
4201950,Balneário Arroio do Silva,SC,Sul,119,0.46005093479681547,0.5126050420168067,0.045668316946089776,0.05255410721999121,1.150778279874643,0.5399490652031845
2911253,Gavião,BA,Nordeste,38,0.46012733182811283,0.47368421052631576,0.08074482364911333,0.013556878698202934,0.16789780552516947,0.5398726681718872
2708402,São José da Tapera,AL,Nordeste,398,0.460350993861111,0.5050251256281407,0.02494133750507356,0.04467413176702972,1.7911682466083514,0.539649006138889
2105302,Imperatriz,MA,Nordeste,2612,0.460416228357367,0.5463246554364471,0.009741764227770209,0.08590842707908014,8.818569724176513,0.539583771642633
2614709,Tacaimbó,PE,Nordeste,96,0.4605035638436865,0.4479166666666667,0.05080863865660618,-0.012586897177019829,-0.2477314391768942,0.5394964361563135
2923803,Paripiranga,BA,Nordeste,196,0.46054186969675565,0.3979591836734694,0.035563543388994735,-0.06258268602328626,-1.7597427044531422,0.5394581303032444
2509800,Mulungu,PB,Nordeste,81,0.4607859157471074,0.654320987654321,0.05520751943236724,0.19353507190721358,3.505592605809911,0.5392140842528925
1600212,Cutias,AP,Norte,82,0.46083463496652055,0.5365853658536586,0.05492737838743632,0.07575073088713802,1.379106979270372,0.5391653650334794
2210656,Sigefredo Pacheco,PI,Nordeste,54,0.46093750449443743,0.7592592592592593,0.06768360452709318,0.29832175476482187,4.407592604578353,0.5390624955055625
1717909,Ponte Alta do Tocantins,TO,Norte,99,0.4611841736908844,0.30303030303030304,0.05004572496713511,-0.15815387066058134,-3.160187423889664,0.5388158263091156
2610400,Parnamirim,PE,Nordeste,175,0.4613419742762143,0.5942857142857143,0.0376541391616506,0.1329437400095,3.5306540786596567,0.5386580257237856
2920502,Maracás,BA,Nordeste,179,0.46138155076893683,0.43575418994413406,0.037243908741186924,-0.02562736082480277,-0.688095360851914,0.5386184492310632
2926707,Rio de Contas,BA,Nordeste,122,0.46139803528222045,0.5573770491803278,0.045117215962853105,0.09597901389810737,2.1273257192361097,0.5386019647177795
2704104,Lagoa da Canoa,AL,Nordeste,130,0.46163188105259334,0.45384615384615384,0.04369352885341044,-0.007785727206439497,-0.1781894804734178,0.5383681189474067
3305554,Seropédica,RJ,Sudeste,980,0.4616349779173749,0.5091836734693878,0.015918422591314936,0.047548695552012854,2.987023072119931,0.538365022082625
3151602,Planura,MG,Sudeste,142,0.4616607522232748,0.6619718309859155,0.04168720060797521,0.2003110787626407,4.805097867960916,0.5383392477767253
1300805,Borba,AM,Norte,331,0.461829340761895,0.4169184290030212,0.026843356928479303,-0.04491091175887385,-1.6730735980053926,0.538170659238105
3136959,Juvenília,MG,Sudeste,46,0.4619869670271871,0.45652173913043476,0.07253500030923472,-0.005465227896752356,-0.07534607945754093,0.5380130329728129
3157104,Salto da Divisa,MG,Sudeste,74,0.4620734128066761,0.5945945945945946,0.05748796537528624,0.13252118178791855,2.3051986780678217,0.5379265871933239
2203800,Flores do Piauí,PI,Nordeste,54,0.4621818902009635,0.4444444444444444,0.06777325121090552,-0.017737445756519088,-0.2617174982696554,0.5378181097990364
1507151,São Domingos do Araguaia,PA,Norte,194,0.462393044885955,0.39690721649484534,0.03576602447411705,-0.06548582839110967,-1.8309507235980356,0.537606955114045
2608453,Lagoa do Carro,PE,Nordeste,139,0.4630553848012829,0.5971223021582733,0.04222417291550815,0.13406691735699044,3.175122402640364,0.5369446151987172
5107008,Poxoréo,MT,Centro-Oeste,242,0.46317414917462907,0.4669421487603306,0.03195299678360663,0.003767999585701509,0.11792319860385264,0.5368258508253709
2706406,Pão de Açúcar,AL,Nordeste,307,0.46340376491047525,0.5504885993485342,0.028436023444040857,0.08708483443805898,3.0624828612000865,0.5365962350895248
2609808,Orocó,PE,Nordeste,116,0.46355724203925064,0.5086206896551724,0.04620840043882056,0.04506344761592174,0.975221976696321,0.5364427579607494
2101251,Bacabeira,MA,Nordeste,194,0.4637848205733089,0.5412371134020618,0.03574637030232544,0.07745229282875293,2.1667176883610573,0.5362151794266912
2401909,Caiçara do Rio do Vento,RN,Nordeste,51,0.46379226925361344,0.37254901960784315,0.06978678732304841,-0.0912432496457703,-1.3074573733190822,0.5362077307463866
1504059,Mãe do Rio,PA,Norte,367,0.46396254546015175,0.4713896457765668,0.02596494262491359,0.007427100316415025,0.2860433941143647,0.5360374545398483
1508001,Tomé-Açu,PA,Norte,1105,0.4641861240621481,0.4968325791855204,0.014990577948928122,0.032646455123372276,2.177798296676521,0.5358138759378519
5108600,Vila Rica,MT,Centro-Oeste,275,0.464294095148911,0.5527272727272727,0.030029183278287158,0.08843317757836172,2.944907850434415,0.535705904851089
1504000,Limoeiro do Ajuru,PA,Norte,256,0.4643587062902912,0.4921875,0.031060943452507195,0.02782879370970881,0.8959416751863829,0.5356412937097088
3135209,Januária,MG,Sudeste,675,0.4645068848663863,0.5792592592592593,0.019061777196811524,0.11475237439287295,6.02002495402515,0.5354931151336138
1505007,Nova Timboteua,PA,Norte,120,0.4645500636998615,0.5083333333333333,0.045484176016050995,0.04378326963347179,0.9626044367170911,0.5354499363001385
3132602,Itamarati de Minas,MG,Sudeste,38,0.46461907651075557,0.7368421052631579,0.08073828128991532,0.2722230287524023,3.3716723269709297,0.5353809234892444
3131604,Iraí de Minas,MG,Sudeste,77,0.46470619493657594,0.7792207792207793,0.056798939124574684,0.3145145842842033,5.537332019430714,0.535293805063424
2401107,Areia Branca,RN,Nordeste,176,0.46473282367216373,0.42613636363636365,0.037568277922152137,-0.038596460035800084,-1.0273683589058438,0.5352671763278363
2105476,Jenipapo dos Vieiras,MA,Nordeste,86,0.46475492248321865,0.6976744186046512,0.053551586487331375,0.23291949612143253,4.349441564659041,0.5352450775167814
2927309,Salinas da Margarida,BA,Nordeste,201,0.4651745555114268,0.4577114427860697,0.035133552328735856,-0.007463112725357102,-0.2124212392623047,0.5348254444885732
4202107,Barra Velha,SC,Sul,346,0.46531005014818394,0.48265895953757226,0.026778509594859844,0.017348909389388323,0.6478668772782806,0.5346899498518161
2922003,Mucuri,BA,Nordeste,392,0.4653140296711416,0.47959183673469385,0.025179021240585565,0.01427780706355225,0.5670517105143918,0.5346859703288585
2608404,Jurema,PE,Nordeste,155,0.4657406518824572,0.6064516129032258,0.040023418195369,0.14071096102076858,3.515715732572034,0.5342593481175428
3114550,Carneirinho,MG,Sudeste,109,0.4657918402157484,0.6422018348623854,0.047756514829998854,0.17640999464663698,3.6939461615784164,0.5342081597842516
5108402,Várzea Grande,MT,Centro-Oeste,3780,0.46582161882850603,0.6044973544973545,0.008107458185707397,0.1386757356688485,17.10471179651834,0.534178381171494
1508035,Tracuateua,PA,Norte,193,0.4659252646751067,0.3626943005181347,0.0358927216659648,-0.10323096415697197,-2.8760974193511917,0.5340747353248934
5002951,Chapadão do Sul,MS,Centro-Oeste,431,0.4661022128966564,0.6357308584686775,0.024008807740740472,0.16962864557202112,7.065267355370537,0.5338977871033437
2209153,Santa Cruz dos Milagres,PI,Nordeste,44,0.466112452596094,0.6818181818181818,0.07479341600228283,0.21570572922208775,2.8840202888380446,0.533887547403906
2205359,João Costa,PI,Nordeste,31,0.46641438540647195,0.967741935483871,0.08913704557239807,0.501327550077399,5.624233413370375,0.533585614593528
1506401,Santa Cruz do Arari,PA,Norte,104,0.46666261059615594,0.5192307692307693,0.04883036222643438,0.05256815863461334,1.0765465631986546,0.533337389403844
2614857,Tamandaré,PE,Nordeste,258,0.4667098457786238,0.5658914728682171,0.031014530737420908,0.09918162708959327,3.1979083588043666,0.5332901542213762
2611507,Quipapá,PE,Nordeste,221,0.4670250506563213,0.579185520361991,0.033533361594130166,0.11216046970566967,3.344742798625437,0.5329749493436786
3303708,Paraíba do Sul,RJ,Sudeste,349,0.46703084354592533,0.5128939828080229,0.026695601558325194,0.04586313926209756,1.7180035880403246,0.5329691564540746
2905206,Caetité,BA,Nordeste,428,0.4672556508590938,0.3901869158878505,0.024112734677575087,-0.07706873497124334,-3.1961839252897963,0.5327443491409062
2613800,São Vicente Ferrer,PE,Nordeste,136,0.46730605916479817,0.4264705882352941,0.04273512091835149,-0.04083547092950407,-0.9555482715849375,0.5326939408352018
3136520,José Gonçalves de Minas,MG,Sudeste,35,0.4673583520466016,0.7714285714285715,0.08426255499887521,0.3040702193819699,3.608604312865054,0.5326416479533984
3113305,Carangola,MG,Sudeste,258,0.46741674754437296,0.624031007751938,0.031005621497231326,0.15661426020756503,5.051156940090688,0.5325832524556271
3120151,Crisólita,MG,Sudeste,63,0.467525797845519,0.49206349206349204,0.06275855878711391,0.024537694217973027,0.39098562319138697,0.532474202154481
2700102,Água Branca,AL,Nordeste,150,0.467619818283477,0.4866666666666667,0.040693241871021114,0.019046848383189707,0.46805925277616045,0.532380181716523
2412005,São Gonçalo do Amarante,RN,Nordeste,712,0.4677746652815534,0.34129213483146065,0.01867258576558263,-0.12648253045009278,-6.773701941336148,0.5322253347184466
2608255,Jucati,PE,Nordeste,174,0.4678534534942983,0.6896551724137931,0.03781285446607583,0.22180171891949485,5.865775595399348,0.5321465465057017
1506906,Santarém Novo,PA,Norte,61,0.4681052023043351,0.7868852459016393,0.06385205651502547,0.3187800435973042,4.9924788800230715,0.531894797695665
1303809,São Gabriel da Cachoeira,AM,Norte,689,0.46815731966875196,0.41509433962264153,0.018944132615090568,-0.05306298004611043,-2.801024524281538,0.531842680331248
4202602,Bom Retiro,SC,Sul,107,0.4682130638353245,0.45794392523364486,0.04822021324860615,-0.010269138601679662,-0.21296335934342847,0.5317869361646754
3170503,Urucânia,MG,Sudeste,96,0.4684522566992179,0.8125,0.050848239430718783,0.3440477433007821,6.766168251892977,0.531547743300782
3150570,Pintópolis,MG,Sudeste,95,0.46845401007445936,0.6421052631578947,0.05117481882486068,0.17365125308343538,3.393294926509359,0.5315459899255406
3106903,Bicas,MG,Sudeste,107,0.46854424482292206,0.7009345794392523,0.04820273067095304,0.23239033461633024,4.821103107263768,0.531455755177078
2404507,Guamaré,RN,Nordeste,138,0.46856532553577224,0.4420289855072464,0.04244469159120523,-0.02653634002852584,-0.6251980879989316,0.5314346744642278
3145356,Novo Oriente de Minas,MG,Sudeste,90,0.46866876415496805,0.6666666666666666,0.052357824294353074,0.19799790251169858,3.781629683436887,0.531331235845032
1507458,São Geraldo do Araguaia,PA,Norte,315,0.4687394546575639,0.526984126984127,0.028105795699990953,0.05824467232656311,2.0723367147574425,0.5312605453424362
1717008,Pindorama do Tocantins,TO,Norte,56,0.4688638376303672,0.3392857142857143,0.06649316197226687,-0.1295781233446529,-1.9487435925922376,0.5311361623696328
2901007,Amargosa,BA,Nordeste,249,0.4689262592177031,0.5100401606425703,0.03161735965042689,0.041113901424867205,1.3003584701391122,0.531073740782297
5005103,Jateí,MS,Centro-Oeste,68,0.468963695415485,0.5882352941176471,0.06021503154467947,0.11927159870216208,1.9807612093279852,0.531036304584515
1708254,Fortaleza do Tabocão,TO,Norte,66,0.46901222327010655,0.5151515151515151,0.061340679741093425,0.046139291881408584,0.7521809682604298,0.5309877767298934
2511301,Piancó,PB,Nordeste,55,0.4690531725173478,0.38181818181818183,0.06715789861750403,-0.08723499069916596,-1.2989535482045151,0.5309468274826522
3130705,Indianópolis,MG,Sudeste,69,0.4690775899195619,0.5362318840579711,0.06003059846906286,0.06715429413840918,1.1186677436343992,0.5309224100804382
2210003,São João do Piauí,PI,Nordeste,251,0.4691081294130516,0.649402390438247,0.031469274800085226,0.1802942610251954,5.729215629230424,0.5308918705869484
2925303,Porto Seguro,BA,Nordeste,2200,0.46922460357231444,0.455,0.010638671592591062,-0.01422460357231442,-1.3370657650735884,0.5307753964276856
2409506,Pedra Grande,RN,Nordeste,40,0.46932255877538553,0.45,0.07875991470265331,-0.019322558775385523,-0.2453349378085928,0.5306774412246145
3125606,Felisburgo,MG,Sudeste,92,0.4693615519165185,0.7065217391304348,0.0520099463074431,0.2371601872139163,4.559900635390129,0.5306384480834815
2111904,Sucupira do Norte,MA,Nordeste,110,0.4693743730193544,0.6,0.047436366467088494,0.13062562698064556,2.7537022059072345,0.5306256269806455
1302504,Manacapuru,AM,Norte,1280,0.4696088983966294,0.403125,0.013868767273608987,-0.06648389839662938,-4.793785711808882,0.5303911016033707
3139250,Mamonas,MG,Sudeste,68,0.46964180617706647,0.6617647058823529,0.06041670374687295,0.19212289970528645,3.1799632848263486,0.5303581938229336
2201739,Betânia do Piauí,PI,Nordeste,104,0.46967339276087994,0.8173076923076923,0.04887760239969118,0.34763429954681235,7.112343537313294,0.5303266072391201
1304203,Tefé,AM,Norte,1206,0.4697793423502517,0.43781094527363185,0.014151821125590151,-0.03196839707661986,-2.2589599453608646,0.5302206576497484
3127073,Fruta de Leite,MG,Sudeste,40,0.46992242875791723,0.675,0.07823683500717006,0.2050775712420828,2.6212406371409114,0.5300775712420828
5105234,Lambari D'Oeste,MT,Centro-Oeste,58,0.46995206939143563,0.5172413793103449,0.06517440181113687,0.04728930991890923,0.7255810349582453,0.5300479306085644
2703502,Jacuípe,AL,Nordeste,83,0.4702998316769713,0.7710843373493976,0.05475382224391322,0.3007845056724263,5.493397416759584,0.5297001683230287
2904506,Brotas de Macaúbas,BA,Nordeste,82,0.47048010839206167,0.6097560975609756,0.05510881326437803,0.13927598916891393,2.5272906622168363,0.5295198916079383
2103307,Codó,MA,Nordeste,1166,0.4705428508873105,0.5188679245283019,0.014605920772605661,0.04832507364099137,3.30859480845796,0.5294571491126895
3302502,Magé,RJ,Sudeste,2969,0.4705602397845686,0.46783428763893564,0.009154825090266739,-0.0027259521456329816,-0.29776124816750127,0.5294397602154314
3142254,Miravânia,MG,Sudeste,36,0.47067954944481855,0.3888888888888889,0.08289609382215395,-0.08179066055592965,-0.9866648328617763,0.5293204505551814
3122108,Divino das Laranjeiras,MG,Sudeste,47,0.47079963488965987,0.851063829787234,0.07255222975809474,0.3802641948975742,5.2412475283731395,0.5292003651103401
5007307,Rio Negro,MS,Centro-Oeste,81,0.47083316690169535,0.5308641975308642,0.0551307618637072,0.06003103062916887,1.0888844739272057,0.5291668330983046
2410801,Riacho de Santana,RN,Nordeste,31,0.4709191136648716,0.5161290322580645,0.08960588204646089,0.0452099185931929,0.5045418622156014,0.5290808863351284
3300308,Barra do Piraí,RJ,Sudeste,712,0.47097629284933723,0.48735955056179775,0.01869635833583809,0.01638325771246052,0.876280686226274,0.5290237071506627
2601706,Belo Jardim,PE,Nordeste,658,0.4710839066157187,0.4376899696048632,0.019453225356825404,-0.03339393701085547,-1.7166272635164221,0.5289160933842814
1705102,Chapada da Natividade,TO,Norte,42,0.47142447336925536,0.5238095238095238,0.07686926402078416,0.05238505044026848,0.6814823988181341,0.5285755266307446
1300607,Benjamin Constant,AM,Norte,780,0.4714458096210474,0.38076923076923075,0.017560757855810766,-0.09067657885181662,-5.163591434740511,0.5285541903789526
2109908,Santa Inês,MA,Nordeste,865,0.4715584307083792,0.5167630057803468,0.01695922493005543,0.04520457507196762,2.665485908607492,0.5284415692916208
2911709,Guanambi,BA,Nordeste,776,0.4720752513782097,0.4639175257731959,0.017914372329767975,-0.008157725605013821,-0.4553732307694801,0.5279247486217903
2206951,Novo Santo Antônio,PI,Nordeste,56,0.4722383725123876,0.8214285714285714,0.06655209303645986,0.3491901989161838,5.24687027836801,0.5277616274876125
2501500,Bananeiras,PB,Nordeste,148,0.47234021184698616,0.5472972972972973,0.040971964834343594,0.0749570854503111,1.8294725613812994,0.5276597881530138
3304755,São Francisco de Itabapoana,RJ,Sudeste,487,0.47248515229213717,0.4681724845995893,0.022607048421157728,-0.004312667692547845,-0.19076650840061274,0.5275148477078628
2906899,Caraíbas,BA,Nordeste,90,0.4727088077986329,0.35555555555555557,0.052543888024135725,-0.11715325224307732,-2.2296266349620657,0.5272911922013671
3303302,Niterói,RJ,Sudeste,2361,0.47270912157871037,0.5124947056332063,0.010271761824582063,0.03978558405449595,3.873296980006129,0.5272908784212896
2106300,Magalhães de Almeida,MA,Nordeste,144,0.472892981390246,0.8194444444444444,0.041554421269860156,0.3465514630541984,8.339701347388411,0.527107018609754
2101772,Bela Vista do Maranhão,MA,Nordeste,245,0.4729276712513966,0.7795918367346939,0.031801311724069505,0.3066641654832973,9.643129445229517,0.5270723287486034
2907558,Caturama,BA,Nordeste,59,0.4730288081680129,0.5084745762711864,0.06491900285523199,0.035445768103173514,0.5459998851525313,0.526971191831987
3149952,Periquito,MG,Sudeste,75,0.47318625056123653,0.44,0.05760943720949362,-0.03318625056123653,-0.5760558021172211,0.5268137494387635
3300803,Cachoeiras de Macacu,RJ,Sudeste,474,0.47363489639634426,0.4978902953586498,0.022927922537248825,0.024255398962305552,1.0578978066111355,0.5263651036036557
2512200,Prata,PB,Nordeste,41,0.47364055014419104,0.6341463414634146,0.07796626738148665,0.1605057913192236,2.0586568616126444,0.526359449855809
2410256,Porto do Mangue,RN,Nordeste,40,0.4739468836057896,0.425,0.07868844581457726,-0.04894688360578964,-0.6220339352124056,0.5260531163942104
2921104,Medeiros Neto,BA,Nordeste,226,0.47412216554642234,0.4690265486725664,0.033210259398131596,-0.005095616873855957,-0.15343502177350157,0.5258778344535777
3116100,Chapada do Norte,MG,Sudeste,72,0.4741262980828593,0.6527777777777778,0.058788080838141986,0.1786514796949185,3.0389064781139883,0.5258737019171407
2507507,João Pessoa,PB,Nordeste,5447,0.4742459923630009,0.5581053791077657,0.006758416023340878,0.08385938674476479,12.408142152709727,0.5257540076369991
2601607,Belém do São Francisco,PE,Nordeste,174,0.4743138213443703,0.632183908045977,0.03782689536302193,0.15787008670160674,4.1734878103671775,0.5256861786556297
2904803,Caatiba,BA,Nordeste,50,0.47438984293923014,0.5,0.07054784165184343,0.025610157060769856,0.36301829313442446,0.5256101570607699
5103007,Chapada dos Guimarães,MT,Centro-Oeste,246,0.4744090321617237,0.6869918699186992,0.03177776857877,0.2125828377569755,6.689671656146342,0.5255909678382763
3113008,Caraí,MG,Sudeste,159,0.4744580228606572,0.7044025157232704,0.03955787200583526,0.2299444928626132,5.812863058677515,0.5255419771393428
2206704,Nazaré do Piauí,PI,Nordeste,48,0.4745080847454426,0.3958333333333333,0.07204932790572198,-0.07867475141210928,-1.091956770437287,0.5254919152545574
2503902,Camalaú,PB,Nordeste,63,0.47466671563539753,0.6825396825396826,0.06282354687634108,0.20787296690428503,3.308838440998125,0.5253332843646025
2508505,Livramento,PB,Nordeste,56,0.47498157522881185,0.5535714285714286,0.06666195575360258,0.07858985334261676,1.17893110776861,0.5250184247711882
1501956,Cachoeira do Piriá,PA,Norte,141,0.47498619194205166,0.5177304964539007,0.041974576550841296,0.04274430451184902,1.0183379565503274,0.5250138080579483
3126802,Frei Gaspar,MG,Sudeste,76,0.475006334089354,0.6973684210526315,0.05707480905864688,0.22236208696327753,3.895976011672517,0.524993665910646
3113800,Carmésia,MG,Sudeste,30,0.4750231306747627,0.6333333333333333,0.0911381362604752,0.1583102026585706,1.7370357695939256,0.5249768693252372
5108501,Vera,MT,Centro-Oeste,176,0.47530861996314633,0.5284090909090909,0.03753634411293654,0.05310047094594461,1.414641521459306,0.5246913800368537
3171600,Virgem da Lapa,MG,Sudeste,73,0.4753445051196466,0.8493150684931506,0.05839844279142664,0.37397056337350404,6.403776290904899,0.5246554948803535
2931350,Teixeira de Freitas,BA,Nordeste,1367,0.4753751473296892,0.35040234089246525,0.01350464116966959,-0.12497280643722397,-9.25406346359676,0.5246248526703108
3135605,Jequitaí,MG,Sudeste,82,0.47537929707468723,0.7073170731707317,0.055100795348715724,0.23193777609604443,4.209336265078983,0.5246207029253127
2202901,Corrente,PI,Nordeste,263,0.47543105662868174,0.376425855513308,0.030783499051116322,-0.09900520111537375,-3.2161776330551177,0.5245689433713183
1706001,Couto Magalhães,TO,Norte,74,0.47584947511308917,0.4864864864864865,0.058002261131941416,0.010637011373397343,0.18338959836756466,0.5241505248869108
1504455,Medicilândia,PA,Norte,292,0.4761823952503447,0.4828767123287671,0.029209211505067282,0.006694317078422385,0.2291851348764084,0.5238176047496552
2205508,José de Freitas,PI,Nordeste,451,0.476208995266675,0.43015521064301554,0.023506128424478318,-0.046053784623659444,-1.9592245814372784,0.523791004733325
1506112,Quatipuru,PA,Norte,143,0.47621338690668663,0.4755244755244755,0.0417152620854328,-0.0006889113822111104,-0.01651461234500267,0.5237866130933133
1506104,Primavera,PA,Norte,133,0.47655355525410836,0.5037593984962406,0.043278779406305,0.027205843242132266,0.6286185427440412,0.5234464447458916
3101003,Águas Vermelhas,MG,Sudeste,123,0.4767139051886237,0.7479674796747967,0.04492546845547207,0.271253574486173,6.037857451726436,0.5232860948113762
2918803,Laje,BA,Nordeste,110,0.476743927254278,0.45454545454545453,0.047613771251748635,-0.02219847270882347,-0.46621958574659683,0.5232560727457221
1503903,Juruti,PA,Norte,782,0.4771577116747877,0.5025575447570333,0.01784591056030653,0.025399833082245582,1.4232859117169812,0.5228422883252123
3159308,Santa Rita de Jacutinga,MG,Sudeste,54,0.477161495686532,0.7777777777777778,0.06793825566459756,0.3006162820912458,4.424845459314554,0.522838504313468
3135050,Jaíba,MG,Sudeste,536,0.4773789325985433,0.6007462686567164,0.021506498371400545,0.12336733605817313,5.736281840386795,0.5226210674014566
1503044,Floresta do Araguaia,PA,Norte,228,0.4777675444434657,0.6710526315789473,0.03305527633126736,0.19328508713548165,5.847329340056101,0.5222324555565343
5106307,Paranatinga,MT,Centro-Oeste,308,0.47779272389923844,0.6071428571428571,0.028361660933422846,0.12935013324361866,4.560739004223331,0.5222072761007616
2505352,Damião,PB,Nordeste,49,0.4779636307348995,0.5102040816326531,0.07119076892582495,0.03224045089775357,0.4528740366794679,0.5220363692651004
5200258,Águas Lindas de Goiás,GO,Centro-Oeste,2979,0.4781378580283662,0.5391070829137294,0.009149937115990511,0.060969224885363216,6.66334906048839,0.5218621419716338
3154150,Reduto,MG,Sudeste,92,0.47835071775369004,0.8586956521739131,0.05199011104245233,0.38034493442022305,7.3157169083492395,0.5216492822463099
5102603,Campinápolis,MT,Centro-Oeste,131,0.47847943846225205,0.4351145038167939,0.04324543105603057,-0.04336493464545815,-1.0027633806973215,0.521520561537748
2413607,Severiano Melo,RN,Nordeste,73,0.47881593359302854,0.4794520547945205,0.058418218238944504,0.0006361212014919793,0.010889089408548738,0.5211840664069715
1501303,Barcarena,PA,Norte,1438,0.4788480499512333,0.39777468706536856,0.013166248109901474,-0.08107336288586475,-6.157666345729486,0.5211519500487667
2600054,Abreu e Lima,PE,Nordeste,722,0.4789208575923686,0.46121883656509693,0.018577918344903892,-0.01770202102727164,-0.952852773848448,0.5210791424076314
2513307,Santa Helena,PB,Nordeste,57,0.47917852805079153,0.9649122807017544,0.06611539937013919,0.48573375265096286,7.346756690247612,0.5208214719492085
2608206,Joaquim Nabuco,PE,Nordeste,92,0.4795007775923356,0.4673913043478261,0.051994290017208865,-0.012109473244509505,-0.2329000596123451,0.5204992224076643
2202406,Capitão de Campos,PI,Nordeste,137,0.4795246697940301,0.5401459854014599,0.04265715752459493,0.06062131560742978,1.4211288122626833,0.5204753302059699
2513901,São Bento,PB,Nordeste,221,0.4795891880573563,0.4660633484162896,0.03358538912548686,-0.013525839641066684,-0.4027298772847138,0.5204108119426437
2900801,Alcobaça,BA,Nordeste,250,0.4796225039817761,0.296,0.03158779466761215,-0.1836225039817761,-5.813084006464352,0.5203774960182239
3302601,Mangaratiba,RJ,Sudeste,429,0.4796674306755048,0.4172494172494173,0.024104083532855165,-0.06241801342608755,-2.5895202919044165,0.5203325693244951
2102507,Cajari,MA,Nordeste,72,0.479788264522405,0.3194444444444444,0.05854394424271244,-0.16034382007796055,-2.7388626125565527,0.520211735477595
2603207,Caetés,PE,Nordeste,364,0.47981593099698505,0.5714285714285714,0.026160469198113708,0.09161264043158635,3.5019494389722965,0.520184069003015
2931806,Tremedal,BA,Nordeste,77,0.47983467546019554,0.42857142857142855,0.05690168580022591,-0.05126324688876699,-0.9009091060807106,0.5201653245398045
1505437,Ourilândia do Norte,PA,Norte,425,0.4799235206416085,0.5341176470588235,0.02422008187272049,0.054194126417214994,2.237569910044557,0.5200764793583915
2902807,Barra da Estiva,BA,Nordeste,265,0.4799348738371681,0.4716981132075472,0.030677387421699585,-0.00823676062962092,-0.2684961570030786,0.520065126162832
2921450,Mirante,BA,Nordeste,78,0.480003864472412,0.46153846153846156,0.05654960826166438,-0.018465402933950437,-0.3265345862080594,0.5199961355275879
5002803,Caracol,MS,Centro-Oeste,93,0.4801361590698132,0.5591397849462365,0.05169358087544099,0.07900362587642329,1.5283063107349364,0.5198638409301868
3169505,Tumiritinga,MG,Sudeste,51,0.4803328866050158,0.7450980392156863,0.06980384470329488,0.2647651526106705,3.79298810453879,0.5196671133949842
2100477,Alto Alegre do Pindaré,MA,Nordeste,332,0.48065133266639715,0.572289156626506,0.02738970437017365,0.09163782396010889,3.3457032876886035,0.5193486673336029
2929602,Sapeaçu,BA,Nordeste,123,0.4806760182199284,0.6504065040650406,0.04500910736465286,0.16973048584511224,3.7710253720429745,0.5193239817800717
5001003,Aparecida do Taboado,MS,Centro-Oeste,434,0.4808395332068613,0.5806451612903226,0.023937629263013092,0.09980562808346133,4.1694032014137115,0.5191604667931387
3115904,Chácara,MG,Sudeste,49,0.4809282254387491,0.4489795918367347,0.07132054523348684,-0.03194863360201439,-0.44795834773026494,0.519071774561251
3136009,Joaíma,MG,Sudeste,133,0.48105794392763673,0.6165413533834586,0.043160355938374806,0.13548340945582188,3.1390707168696133,0.5189420560723632
2204501,Guadalupe,PI,Nordeste,128,0.4816281182316195,0.6796875,0.04409675895056443,0.1980593817683805,4.49147253634715,0.5183718817683804
3153608,Prudente de Morais,MG,Sudeste,121,0.48169830929762825,0.6363636363636364,0.045321197568531556,0.1546653270660081,3.4126487243002344,0.5183016907023718
2100600,Amarante do Maranhão,MA,Nordeste,309,0.48170485368233973,0.42071197411003236,0.02838706430490926,-0.06099287957230737,-2.148615260710818,0.5182951463176603
1301308,Codajás,AM,Norte,288,0.4817393742669613,0.4930555555555556,0.029288843049911823,0.011316181288594296,0.3863649127181336,0.5182606257330387
2513653,Joca Claudino,PB,Nordeste,30,0.4821398295224311,0.9,0.09117971801913628,0.4178601704775689,4.582819288713646,0.5178601704775689
5000906,Antônio João,MS,Centro-Oeste,145,0.48228651584780646,0.5655172413793104,0.041477169389627755,0.0832307255315039,2.0066635876149617,0.5177134841521935
5103502,Diamantino,MT,Centro-Oeste,291,0.48240140746340504,0.6082474226804123,0.029146065848132653,0.12584601521700728,4.3177702223255645,0.5175985925365949
1100106,Guajará-Mirim,RO,Norte,488,0.48247784587367465,0.45286885245901637,0.02257412840164575,-0.02960899341465828,-1.311633959364724,0.5175221541263253
2909604,Crisópolis,BA,Nordeste,151,0.4825055113701341,0.4304635761589404,0.04065227576461881,-0.05204193521119371,-1.2801727389758522,0.5174944886298659
3301207,Carmo,RJ,Sudeste,140,0.4825084689697313,0.6857142857142857,0.042198850292732945,0.2032058167445544,4.81543490722894,0.5174915310302687
2410207,Portalegre,RN,Nordeste,71,0.48277918946452963,0.647887323943662,0.05929462854483163,0.16510813447913236,2.7845377993100504,0.5172208105354703
2906600,Candiba,BA,Nordeste,120,0.48279203461485576,0.4166666666666667,0.04554274035621597,-0.06612536794818907,-1.451940911569759,0.5172079653851442
2709103,Taquarana,AL,Nordeste,239,0.48282431665556863,0.39330543933054396,0.03228503435515013,-0.08951887732502467,-2.7727669836208357,0.5171756833444314
2929503,São Sebastião do Passé,BA,Nordeste,269,0.48307391970695196,0.46096654275092935,0.03046463160964207,-0.022107376956022606,-0.725673536423976,0.516926080293048
5007406,Rio Verde de Mato Grosso,MS,Centro-Oeste,288,0.4830937597097742,0.5034722222222222,0.029426684828026697,0.020378462512448015,0.6925164228163094,0.5169062402902258
3126703,Francisco Sá,MG,Sudeste,176,0.48309626104934206,0.42613636363636365,0.03759524818009266,-0.05695989741297841,-1.515082362008177,0.5169037389506579
2909109,Coribe,BA,Nordeste,140,0.4832662744817134,0.30714285714285716,0.04221418990615607,-0.17612341733885623,-4.172137798460328,0.5167337255182867
2509396,Maturéia,PB,Nordeste,84,0.48337028057132597,0.6071428571428571,0.05443463748629586,0.12377257657153112,2.2737834270080586,0.516629719428674
1706100,Cristalândia,TO,Norte,89,0.48351255692109707,0.6179775280898876,0.05292356790640675,0.13446497116879053,2.540738965418706,0.5164874430789029
1502301,Capitão Poço,PA,Norte,465,0.4838102770812205,0.4946236559139785,0.02315510077408501,0.010813378832758014,0.4669977012088954,0.5161897229187795
3303807,Paraty,RJ,Sudeste,415,0.48394669457839207,0.4891566265060241,0.02452090644500116,0.005209931927632028,0.21246897782174468,0.5160533054216079
5007554,Santa Rita do Pardo,MS,Centro-Oeste,137,0.4841724522223268,0.5109489051094891,0.04266349532368933,0.026776452887162294,0.6276197644850351,0.5158275477776733
3104809,Augusto de Lima,MG,Sudeste,49,0.48426214294714115,0.4897959183673469,0.07138927305577634,0.005533775420205778,0.07751550314684177,0.5157378570528588
1300300,Autazes,AM,Norte,277,0.4842875942400102,0.4151624548736462,0.029866675808159802,-0.069125139366364,-2.3144570828829396,0.5157124057599898
5100102,Acorizal,MT,Centro-Oeste,62,0.4844091626016481,0.4032258064516129,0.06335261120863354,-0.08118335615003525,-1.2814524074261326,0.5155908373983519
1506583,Santa Maria das Barreiras,PA,Norte,246,0.48445921002508324,0.43089430894308944,0.031855838601157815,-0.0535649010819938,-1.6814782920217004,0.5155407899749167
2903508,Belo Campo,BA,Nordeste,124,0.4846166400178554,0.33064516129032256,0.04483712473430411,-0.15397147872753286,-3.434017672630376,0.5153833599821446
2507705,Juazeirinho,PB,Nordeste,150,0.4846341927704009,0.46,0.04079422906340282,-0.024634192770400853,-0.6038646479165994,0.5153658072295991
2515930,Sertãozinho,PB,Nordeste,63,0.48463869272533583,0.746031746031746,0.06293542647127576,0.2613930533064102,4.1533531742366465,0.5153613072746641
2601904,Bezerros,PE,Nordeste,401,0.48474168186250294,0.5660847880299252,0.024950935194991104,0.0813431061674223,3.260122537761707,0.515258318137497
4201307,Araquari,SC,Sul,562,0.48476001732600865,0.49466192170818507,0.021069573179583027,0.009901904382176419,0.46996226728368784,0.5152399826739913
2610707,Paulista,PE,Nordeste,2040,0.48487138931159474,0.5495098039215687,0.011055089650141398,0.06463841460997394,5.84693717152689,0.5151286106884052
5104500,Indiavaí,MT,Centro-Oeste,30,0.4851511218443771,0.6666666666666666,0.0910231300886793,0.18151554482228954,1.9941694451228826,0.5148488781556229
4202305,Biguaçu,SC,Sul,581,0.48546669995215114,0.459552495697074,0.020712247038997506,-0.025914204255077122,-1.2511536872984013,0.5145333000478489
3132701,Itambacuri,MG,Sudeste,209,0.4855827140066838,0.5789473684210527,0.03454953774335998,0.09336465441436886,2.7023416379083813,0.5144172859933163
5101902,Brasnorte,MT,Centro-Oeste,217,0.4858264137358598,0.6912442396313364,0.03384620263759667,0.20541782589547664,6.069154288738337,0.5141735862641402
3110905,Campanha,MG,Sudeste,157,0.48587829958509143,0.6496815286624203,0.03980929835516188,0.16380322907732892,4.114697717501704,0.5141217004149086
5007950,Tacuru,MS,Centro-Oeste,187,0.485946369398496,0.5668449197860963,0.03653714797775632,0.0808985503876003,2.21414518825747,0.514053630601504
5105622,Mirassol d'Oeste,MT,Centro-Oeste,305,0.4859651366163538,0.580327868852459,0.028462649637032655,0.0943627322361052,3.315317914511029,0.5140348633836462
3137304,Lagoa dos Patos,MG,Sudeste,30,0.48604996186253413,0.7,0.09108986641908999,0.21395003813746583,2.348779798985715,0.5139500381374659
4300604,Alvorada,RS,Sul,1970,0.48610029790212617,0.3619289340101523,0.011248467674518377,-0.12417136389197386,-11.038958148340901,0.5138997020978738
5000609,Amambai,MS,Centro-Oeste,396,0.4862344435092105,0.702020202020202,0.02505273564569993,0.21578575851099147,8.613261304580487,0.5137655564907895
2404903,Itaú,RN,Nordeste,47,0.4862845552804353,0.5106382978723404,0.07284966445583504,0.024353742591905092,0.33430136945475564,0.5137154447195647
1200138,Bujari,AC,Norte,176,0.4863593554866881,0.2556818181818182,0.037637386245936,-0.23067753730486995,-6.128946781732963,0.5136406445133119
2202802,Conceição do Canindé,PI,Nordeste,62,0.48640481272551694,0.7096774193548387,0.06343476014926074,0.2232726066293218,3.519720199208853,0.5135951872744831
5108352,Vale de São Domingos,MT,Centro-Oeste,42,0.4865351622813503,0.23809523809523808,0.07705869240404553,-0.24843992418611222,-3.2240350366115127,0.5134648377186497
2205805,Luzilândia,PI,Nordeste,208,0.4865568318314551,0.5528846153846154,0.03464648247645247,0.06632778355316032,1.9144160911065098,0.513443168168545
2513802,Santa Teresinha,PB,Nordeste,35,0.486740525270528,0.42857142857142855,0.0844247145551068,-0.058169096699099476,-0.6890055477905179,0.513259474729472
2211308,Valença do Piauí,PI,Nordeste,184,0.4868528099608323,0.42934782608695654,0.03682220499230874,-0.05750498387387576,-1.5616931111509251,0.5131471900391678
2924306,Piatã,BA,Nordeste,150,0.4868880222518332,0.4533333333333333,0.0407583122570147,-0.033554688918499886,-0.8232600188866988,0.5131119777481667
3172103,Volta Grande,MG,Sudeste,38,0.48713126834975534,0.7631578947368421,0.08098985381153738,0.2760266263870868,3.4081630401432523,0.5128687316502447
2903003,Barra do Mendes,BA,Nordeste,111,0.4872456354422742,0.32432432432432434,0.04738085015932281,-0.16292131111794989,-3.438547653115358,0.5127543645577257
4306767,Eldorado do Sul,RS,Sul,322,0.4874030947180279,0.2950310559006211,0.02784448070956818,-0.19237203881740678,-6.9088032498771685,0.5125969052819721
2504900,Cruz do Espírito Santo,PB,Nordeste,115,0.4878659513828811,0.4782608695652174,0.04653279811168399,-0.009605081817663674,-0.2064153072121386,0.5121340486171189
2917607,Jaguaquara,BA,Nordeste,527,0.487909899241454,0.5370018975332068,0.021760550824844852,0.049091998291752814,2.2560089901631812,0.512090100758546
2403707,Felipe Guerra,RN,Nordeste,47,0.48795477079678284,0.5106382978723404,0.07287706694456395,0.02268352707555754,0.31125740958829234,0.5120452292032172
4304630,Capão da Canoa,RS,Sul,618,0.4879583802651881,0.3640776699029126,0.020100767663533095,-0.12388071036227549,-6.162984042993564,0.5120416197348119
2505402,Desterro,PB,Nordeste,66,0.48800556031433195,0.45454545454545453,0.06149547968463607,-0.033460105768877424,-0.5441067528941813,0.511994439685668
3155405,Rio Novo,MG,Sudeste,89,0.4882340157398979,0.651685393258427,0.05295299568128214,0.16345137751852912,3.0867257917252457,0.5117659842601021
2914406,Iraquara,BA,Nordeste,269,0.4883839335782908,0.4423791821561338,0.03045812652868846,-0.046004751422156986,-1.5104261707897624,0.5116160664217092
3122355,Divisa Alegre,MG,Sudeste,99,0.48840581352019974,0.6363636363636364,0.04997402663313769,0.14795782284343661,2.9606944409263596,0.5115941864798003
2504074,Caraúbas,PB,Nordeste,42,0.48849738348968785,0.8809523809523809,0.07706736601335948,0.3924549974626931,5.0923629256339416,0.5115026165103121
5101704,Barra do Bugres,MT,Centro-Oeste,410,0.4886884074668488,0.7268292682926829,0.02465753605199786,0.23814086082583413,9.657934204116835,0.5113115925331513
2606606,Ibimirim,PE,Nordeste,269,0.4889027910312159,0.6319702602230484,0.030458532521326458,0.14306746919183244,4.69712285356031,0.5110972089687841
1500859,Anapu,PA,Norte,318,0.488926335722579,0.4811320754716981,0.02802461804671401,-0.007794260250880869,-0.2781219083124944,0.511073664277421
1700707,Alvorada,TO,Norte,110,0.4890350703534299,0.7181818181818181,0.04761765393536071,0.22914674782838823,4.812222545433399,0.5109649296465701
4304663,Capão do Leão,RS,Sul,241,0.4891258045076719,0.3112033195020747,0.032186762295298245,-0.1779224850055972,-5.527815546442446,0.5108741954923282
2204204,Francisco Santos,PI,Nordeste,42,0.48919582698928704,0.47619047619047616,0.07697014971454438,-0.013005350798810877,-0.16896616216862273,0.5108041730107129
2108603,Pinheiro,MA,Nordeste,539,0.4893266217459466,0.47680890538033394,0.021491738717802678,-0.012517716365612663,-0.5824431671153537,0.5106733782540533
1506559,Santa Luzia do Pará,PA,Norte,158,0.48938759693446326,0.4050632911392405,0.039730820584578115,-0.08432430579522276,-2.122390238976187,0.5106124030655368
2708600,São Miguel dos Campos,AL,Nordeste,564,0.48939904464312045,0.5762411347517731,0.02104404056342363,0.08684209010865263,4.126683269162278,0.5106009553568795
2613503,São José do Belmonte,PE,Nordeste,408,0.4895081132103187,0.6053921568627451,0.024667793228607175,0.11588404365242638,4.6977872150329185,0.5104918867896813
3161106,São Francisco,MG,Sudeste,612,0.48954262085686157,0.6209150326797386,0.020152403585839373,0.131372411822877,6.518945060984654,0.5104573791431384
2201929,Bonfim do Piauí,PI,Nordeste,89,0.4896015645756743,0.3595505617977528,0.05295834959520658,-0.13005100277792148,-2.455722351092542,0.5103984354243257
2603702,Canhotinho,PE,Nordeste,226,0.4896177071885488,0.6548672566371682,0.03322436936094149,0.16524954944861936,4.973745254677022,0.5103822928114512
5220454,Senador Canedo,GO,Centro-Oeste,1915,0.48965872505805097,0.6052219321148825,0.011403333151349658,0.11556320705683154,10.134160383023966,0.510341274941949
3136603,Nova União,MG,Sudeste,70,0.4896962735589303,0.9285714285714286,0.05969994843532833,0.4388751550124983,7.3513489796046025,0.5103037264410697
2504504,Condado,PB,Nordeste,52,0.48970612011096915,0.46153846153846156,0.06921761685594931,-0.02816765857250758,-0.4069434899951565,0.5102938798890309
5209150,Gouvelândia,GO,Centro-Oeste,59,0.4899139796883787,0.8135593220338984,0.0650268134952259,0.32364534234551967,4.977105980585699,0.5100860203116213
2607653,Itambé,PE,Nordeste,247,0.49007607057403935,0.43724696356275305,0.031769641602273524,-0.05282910701128629,-1.6628801694604478,0.5099239294259607
3301405,Conceição de Macabu,RJ,Sudeste,179,0.4903225713679574,0.5586592178770949,0.03735205950932777,0.06833664650913751,1.8295282082657878,0.5096774286320426
2110906,São Francisco do Maranhão,MA,Nordeste,134,0.49046323089879007,0.835820895522388,0.04309383019996895,0.34535766462359796,8.014086077311521,0.5095367691012099
3304128,Quatis,RJ,Sudeste,114,0.49110347720694003,0.6052631578947368,0.04678798326858789,0.1141596806877968,2.439935913297642,0.50889652279306
3107406,Bom Despacho,MG,Sudeste,467,0.4915776648916403,0.7473233404710921,0.022924607768967285,0.25574567557945177,11.155945530533833,0.5084223351083597
1304104,Tapauá,AM,Norte,255,0.491582603729157,0.5137254901960784,0.03122922614181766,0.022142886466921363,0.7090437132949258,0.5084173962708429
2703205,Igreja Nova,AL,Nordeste,249,0.4917638880666577,0.5100401606425703,0.03166171754865904,0.018276272575912578,0.5772356647369128,0.5082361119333423
3301850,Guapimirim,RJ,Sudeste,593,0.4918777995012086,0.47386172006745364,0.020525321095946843,-0.01801607943375494,-0.8777489691653395,0.5081222004987914
3301900,Itaboraí,RJ,Sudeste,2438,0.49189759258590676,0.5127153404429861,0.010121798611620561,0.020817747857079294,2.056724170858231,0.5081024074140932
1500602,Altamira,PA,Norte,1559,0.4920147197072226,0.4573444515715202,0.012658091034291963,-0.0346702681357024,-2.738980786421694,0.5079852802927773
1718808,Sampaio,TO,Norte,85,0.4921777662578209,0.4235294117647059,0.054212518496947096,-0.06864835449311502,-1.2662823347153822,0.5078222337421792
2914604,Irecê,BA,Nordeste,600,0.4922043263549608,0.4683333333333333,0.020403635838380677,-0.023870993021627485,-1.1699382017358133,0.5077956736450392
4205407,Florianópolis,SC,Sul,2861,0.49223541263971915,0.5103110800419434,0.009341066025060903,0.018075667402224216,1.9350754350445096,0.5077645873602809
5107958,Tangará da Serra,MT,Centro-Oeste,1185,0.49244079441391786,0.5924050632911393,0.014495142134522954,0.09996426887722143,6.8963979759216985,0.5075592055860821
2104602,Governador Eugênio Barros,MA,Nordeste,106,0.4925168852158835,0.4811320754716981,0.048514427676905995,-0.011384809744185376,-0.2346685365435077,0.5074831147841166
5107040,Primavera do Leste,MT,Centro-Oeste,1060,0.4925500954873839,0.5962264150943396,0.015342850135529797,0.10367631960695572,6.757305108968643,0.5074499045126162
5211008,Itapirapuã,GO,Centro-Oeste,94,0.49265599198632704,0.7340425531914894,0.05154260204634257,0.24138656120516233,4.683243600859126,0.507344008013673
1301209,Coari,AM,Norte,932,0.4927496770693748,0.40772532188841204,0.016250886850885566,-0.08502435518096274,-5.2319824733952585,0.5072503229306252
5105101,Juara,MT,Centro-Oeste,390,0.49283129852567203,0.5974358974358974,0.02514763109696727,0.10460459891022539,4.159620383601077,0.507168701474328
2925931,Quixabeira,BA,Nordeste,53,0.4928329427651106,0.7547169811320755,0.06863199883941207,0.26188403836696494,3.815771692439438,0.5071670572348894
2501351,Assunção,PB,Nordeste,66,0.49346753004047295,0.9393939393939394,0.06146775051749574,0.4459264093534665,7.254640125907018,0.506532469959527
2604601,Condado,PE,Nordeste,203,0.49368980660420814,0.43349753694581283,0.035008871533228896,-0.0601922696583953,-1.7193433270553558,0.5063101933957919
1713304,Miranorte,TO,Norte,132,0.49369391157053616,0.6363636363636364,0.04348535696609552,0.1426697247931002,3.280868199020105,0.5063060884294639
1502954,Eldorado do Carajás,PA,Norte,292,0.4940042371131144,0.5136986301369864,0.0292512424111779,0.019694393023871937,0.6732839838743409,0.5059957628868856
2606002,Garanhuns,PE,Nordeste,1278,0.4940877028769357,0.6971830985915493,0.013981337950344811,0.20309539571461355,14.526177425645072,0.5059122971230643
3155108,Rio do Prado,MG,Sudeste,55,0.4941064421487203,0.7636363636363637,0.06714559970436275,0.2695299214876434,4.014111463362666,0.5058935578512798
4309308,Guaíba,RS,Sul,946,0.4942404745684486,0.3266384778012685,0.016238100249212847,-0.16760199676718013,-10.321527407450558,0.5057595254315514
4121000,Querência do Norte,PR,Sul,144,0.4943187469844504,0.5069444444444444,0.041510430769557474,0.012625697459994034,0.30415722568828046,0.5056812530155497
2203909,Floriano,PI,Nordeste,526,0.4943602374117217,0.5361216730038023,0.02178372944732683,0.04176143559208062,1.9170930162835518,0.5056397625882783
2910776,Feira da Mata,BA,Nordeste,66,0.4948811286434067,0.45454545454545453,0.061473745055375534,-0.04033567409795219,-0.6561447340099066,0.5051188713565933
2706448,Paripueira,AL,Nordeste,232,0.49493057830780784,0.3577586206896552,0.03280301597508176,-0.13717195761815265,-4.181687370525714,0.5050694216921922
3171808,Virginópolis,MG,Sudeste,124,0.49517905332302403,0.6612903225806451,0.04475662856169727,0.1661112692576211,3.7114339170707584,0.504820946676976
2602605,Brejo da Madre de Deus,PE,Nordeste,420,0.4953652628278832,0.49047619047619045,0.02438469820411582,-0.004889072351692725,-0.20049755427637456,0.5046347371721168
3121258,Delta,MG,Sudeste,110,0.4955721899268763,0.4727272727272727,0.047443761810882674,-0.022844917199603576,-0.48151572151185107,0.5044278100731237
2504157,Casserengue,PB,Nordeste,87,0.49568673541552816,0.5862068965517241,0.053577371163676855,0.09052016113619593,1.6895222585606195,0.5043132645844719
2706000,Olivença,AL,Nordeste,176,0.4971247008008147,0.8068181818181818,0.037648281753044806,0.30969348101736704,8.225965876711507,0.5028752991991853
2403202,Doutor Severiano,RN,Nordeste,44,0.49723870234668044,0.5227272727272727,0.07534279236051324,0.025488570380592268,0.3383013767080751,0.5027612976533196
3133204,Itanhomi,MG,Sudeste,111,0.49746213724565386,0.8558558558558559,0.04736526665678608,0.35839371861020203,7.566593495760559,0.5025378627543462
3113701,Carlos Chagas,MG,Sudeste,139,0.4975048205723987,0.5611510791366906,0.042375304929926264,0.0636462585642919,1.5019657951615983,0.5024951794276014
2101707,Barreirinhas,MA,Nordeste,762,0.497526471816067,0.7860892388451444,0.018105611174752827,0.28856276702907735,15.937753453551492,0.502473528183933
3136652,Juatuba,MG,Sudeste,354,0.4976425154788752,0.6864406779661016,0.026531130893111543,0.18879816248722642,7.116099319243318,0.5023574845211247
1506302,Salvaterra,PA,Norte,191,0.497643708588792,0.4973821989528796,0.03617003128301759,-0.0002615096359123714,-0.007230008563336643,0.5023562914112081
2923001,Nova Viçosa,BA,Nordeste,481,0.49802950719041233,0.37214137214137216,0.022786420321532146,-0.12588813504904017,-5.524699942890175,0.5019704928095876
3305000,São João da Barra,RJ,Sudeste,554,0.49810296252872105,0.592057761732852,0.021233153717961174,0.09395479920413091,4.424910234820856,0.501897037471279
2209906,São João da Serra,PI,Nordeste,50,0.4981515941966446,0.94,0.07064756961746704,0.4418484058033553,6.25426193987729,0.5018484058033554
4314902,Porto Alegre,RS,Sul,7389,0.4983779529994782,0.2829882257409663,0.005804317495239437,-0.21538972725851185,-37.10853643605288,0.5016220470005218
2508901,Mamanguape,PB,Nordeste,467,0.4986123925131135,0.6916488222698073,0.023123451434342055,0.19303642975669377,8.3480803159862,0.5013876074868865
1504109,Magalhães Barata,PA,Norte,60,0.4988492816689938,0.6,0.06453824335426046,0.1011507183310062,1.567298907963363,0.5011507183310062
1501907,Bujaru,PA,Norte,229,0.49907205212655886,0.519650655021834,0.03295415564383534,0.02057860289527519,0.6244615434146249,0.5009279478734412
2400703,Alto do Rodrigues,RN,Nordeste,137,0.49908142397627053,0.5255474452554745,0.042690418054912214,0.026466021279203944,0.6199522629448367,0.5009185760237295
3141108,Matozinhos,MG,Sudeste,382,0.4991860276220481,0.6308900523560209,0.025512281010170144,0.1317040247339728,5.162377471519331,0.5008139723779519
2933455,Wanderley,BA,Nordeste,121,0.4993160460432349,0.5537190082644629,0.04539491758498072,0.05440296222122798,1.1984372946461224,0.5006839539567651
5003900,Figueirão,MS,Centro-Oeste,44,0.49938789779346265,0.8636363636363636,0.07534557363087004,0.364248465842901,4.834371128786041,0.5006121022065373
3123809,Engenheiro Navarro,MG,Sudeste,93,0.49963156329430153,0.7634408602150538,0.05173708062670307,0.2638092969207522,5.099037164934124,0.5003684367056984
4305454,Cidreira,RS,Sul,145,0.4996821471218612,0.3310344827586207,0.041273190260792576,-0.16864766436324052,-4.086131052569668,0.5003178528781388
4207106,Ilhota,SC,Sul,188,0.49974651065132114,0.46808510638297873,0.03641454752609285,-0.03166140426834241,-0.8694713080165399,0.5002534893486789
1720002,Santa Terezinha do Tocantins,TO,Norte,42,0.49979618598265724,0.5714285714285714,0.07709159583851961,0.07163238544591416,0.9291854016870967,0.5002038140173428
3129301,Iapu,MG,Sudeste,90,0.49989988316512335,0.6777777777777778,0.05257948949459165,0.17787789461265446,3.3830281792855947,0.5001001168348767
1508407,Xinguara,PA,Norte,599,0.4999057902267177,0.49248747913188645,0.020427185841791585,-0.007418311094831265,-0.3631587411151998,0.5000942097732823
2113009,Vitorino Freire,MA,Nordeste,258,0.4999595736005227,0.7364341085271318,0.03111602189902794,0.23647453492660908,7.599767595419919,0.5000404263994773
2404853,Itajá,RN,Nordeste,65,0.5000791747547243,0.4,0.06198877311978207,-0.10007917475472428,-1.6144725845975272,0.4999208252452757
5107206,Rio Branco,MT,Centro-Oeste,54,0.5004477936430834,0.8148148148148148,0.06797499819644426,0.3143670211717313,4.624744825490495,0.49955220635691655
3152808,Prata,MG,Sudeste,334,0.5004489198789338,0.5,0.027350843105280083,-0.0004489198789338067,-0.01641338357306955,0.4995510801210662
5005806,Nioaque,MS,Centro-Oeste,183,0.5005278046230472,0.6174863387978142,0.03691848395362764,0.11695853417476698,3.168021046630073,0.49947219537695275
2200251,Alagoinha do Piauí,PI,Nordeste,59,0.5006152760043884,0.7457627118644068,0.06491429832349362,0.24514743586001841,3.77647825196156,0.4993847239956116
1503002,Faro,PA,Norte,148,0.5008603130257957,0.5337837837837838,0.04106417587800114,0.03292347075798807,0.8017565202282753,0.4991396869742043
1301704,Humaitá,AM,Norte,762,0.5010992063663577,0.5787401574803149,0.018057591651790824,0.07764095111395719,4.299629353189927,0.49890079363364226
2904308,Brejões,BA,Nordeste,147,0.5011556432087914,0.47619047619047616,0.0412139079529031,-0.024965167018315193,-0.6057461730356646,0.49884435679120864
3151206,Pirapora,MG,Sudeste,588,0.5011939326023409,0.70578231292517,0.020532063299781078,0.2045883803228291,9.964336137859584,0.4988060673976591
5002308,Brasilândia,MS,Centro-Oeste,181,0.5012377684584793,0.6132596685082873,0.037138151481628134,0.11202190004980794,3.0163563769517188,0.49876223154152066
5002209,Bonito,MS,Centro-Oeste,398,0.5012469916889326,0.5904522613065326,0.025045497226532185,0.0892052696176,3.5617288333608945,0.4987530083110674
2503209,Cabedelo,PB,Nordeste,565,0.5012706137634961,0.5752212389380531,0.02094642744670594,0.07395062517455697,3.5304648185333645,0.49872938623650387
3136702,Juiz de Fora,MG,Sudeste,3343,0.5012765554289419,0.5518994914747233,0.008595884251645076,0.050622936045781386,5.8892063415224785,0.4987234445710581
4208450,Itapoá,SC,Sul,233,0.5012795818957152,0.5450643776824035,0.032747070226415605,0.04378479578668826,1.3370599410560096,0.4987204181042848
4202073,Balneário Gaivota,SC,Sul,180,0.5013806070872829,0.5166666666666667,0.03720677526308429,0.015286059579383782,0.4108407533654297,0.49861939291271706
2105609,Joselândia,MA,Nordeste,120,0.5017160632810577,0.75,0.045588899616235266,0.24828393671894233,5.446148926799774,0.49828393671894233
2413003,São Vicente,RN,Nordeste,48,0.5017469316368577,0.5,0.0720470829856117,-0.0017469316368576848,-0.024247083496864948,0.4982530683631423
2933406,Wagner,BA,Nordeste,100,0.5017643704744353,0.45,0.04997355941127666,-0.05176437047443533,-1.0358351713237095,0.49823562952556466
2502003,Belém do Brejo do Cruz,PB,Nordeste,55,0.5018033229522643,0.4,0.06715867477604534,-0.10180332295226424,-1.5158625939500554,0.49819667704773574
2608008,Jataúba,PE,Nordeste,131,0.5018443777067549,0.35877862595419846,0.0436380491159275,-0.14306575175255648,-3.2784635117966068,0.49815562229324506
1300201,Atalaia do Norte,AM,Norte,164,0.5019093047724201,0.8414634146341463,0.038495325016142445,0.3395541098617262,8.82065834537932,0.49809069522757987
2109551,Ribamar Fiquene,MA,Nordeste,56,0.5023053116970468,0.5,0.06676138179922338,-0.0023053116970468412,-0.034530616876381946,0.49769468830295316
4100400,Almirante Tamandaré,PR,Sul,1101,0.502349919930936,0.4586739327883742,0.015062106168152838,-0.04367598714256182,-2.8997264164098033,0.49765008006906397
2924678,Piraí do Norte,BA,Nordeste,42,0.502396187548427,0.42857142857142855,0.07705985586071244,-0.07382475897699842,-0.9580183891135023,0.49760381245157304
2606309,Granito,PE,Nordeste,109,0.5025977245310348,0.6788990825688074,0.047880594098708616,0.17630135803777258,3.682104647121068,0.4974022754689652
3150109,Piau,MG,Sudeste,32,0.5026268228367652,0.75,0.08813217902759178,0.24737317716323481,2.806842856861499,0.4973731771632348
5100250,Alta Floresta,MT,Centro-Oeste,657,0.50274315805935,0.7168949771689498,0.019475940813538584,0.2141518191095998,10.995711126865483,0.49725684194065
2933307,Vitória da Conquista,BA,Nordeste,2826,0.5030190011717608,0.42745930644019814,0.009399129857285986,-0.07555969473156265,-8.039009555016472,0.4969809988282392
2201988,Brejo do Piauí,PI,Nordeste,43,0.5030537656780014,0.9534883720930233,0.07617049519400773,0.45043460641502187,5.91350502931294,0.4969462343219986
2201200,Barras,PI,Nordeste,557,0.5031498430826865,0.599640933572711,0.021151934132823562,0.09649109049002447,4.561809330726387,0.4968501569173135
2509909,Natuba,PB,Nordeste,74,0.503439999143975,0.4864864864864865,0.05808827673871906,-0.016953512657488456,-0.2918577311863686,0.49656000085602503
2604700,Correntes,PE,Nordeste,130,0.5038944900808627,0.7230769230769231,0.04382607653289328,0.21918243299606033,5.001187656658129,0.49610550991913727
5107941,Tabaporã,MT,Centro-Oeste,176,0.5039798480297187,0.625,0.037576181378369974,0.12102015197028126,3.2206612681496223,0.49602015197028126
3108255,Bonito de Minas,MG,Sudeste,77,0.5040027141064853,0.4675324675324675,0.056902781717463005,-0.03647024657401782,-0.6409220335677437,0.49599728589351466
5101852,Bom Jesus do Araguaia,MT,Centro-Oeste,113,0.5040287425593832,0.8230088495575221,0.046869559068509266,0.31898010699813883,6.805698908579136,0.49597125744061676
2929057,São Félix do Coribe,BA,Nordeste,164,0.504044535788623,0.36585365853658536,0.03900695000294035,-0.1381908772520376,-3.5427244950353916,0.49595546421137704
3165404,Sapucaí-Mirim,MG,Sudeste,69,0.5041853624727745,0.7536231884057971,0.06004875223626427,0.24943782593302266,4.153921882533035,0.49581463752722554
5208509,Goiandira,GO,Centro-Oeste,69,0.504425879013558,0.7246376811594203,0.0601088756963456,0.22021180214586233,3.66354884523735,0.49557412098644205
2929909,Seabra,BA,Nordeste,406,0.5046896172791473,0.3497536945812808,0.02481031318541317,-0.1549359226978665,-6.244819303166177,0.4953103827208527
3170107,Uberaba,MG,Sudeste,2858,0.5047548822042088,0.6154653603918825,0.009337400585551586,0.11071047818767366,11.856670084282744,0.49524511779579117
2924900,Planaltino,BA,Nordeste,56,0.5048591557242195,0.42857142857142855,0.06658690372418448,-0.07628772715279092,-1.1456866573761875,0.49514084427578053
2100907,Araioses,MA,Nordeste,239,0.5049991377931091,0.4309623430962343,0.032234025032210255,-0.0740367946968748,-2.2968523050687155,0.4950008622068909
2208874,Ribeira do Piauí,PI,Nordeste,31,0.505107462461368,0.5483870967741935,0.08969169941211866,0.043279634312825555,0.48253778885337795,0.49489253753863205
1502608,Colares,PA,Norte,97,0.5052119364340174,0.3711340206185567,0.050671470382515765,-0.1340779158154607,-2.6460237842579835,0.4947880635659826
2919058,Lajedo do Tabocal,BA,Nordeste,58,0.5053087276716501,0.43103448275862066,0.06551320325095428,-0.07427424491302947,-1.1337294045677362,0.49469127232834986
5108857,Nova Marilândia,MT,Centro-Oeste,62,0.5054769295317412,0.8064516129032258,0.06341423429135788,0.3009746833714846,4.746169164302304,0.49452307046825883
5006606,Ponta Porã,MS,Centro-Oeste,1793,0.5055641861959014,0.682654768544339,0.011755239149722489,0.17709058234843766,15.064821743981136,0.4944358138040986
3169307,Três Corações,MG,Sudeste,580,0.5057060112112206,0.7017241379310345,0.020744489847760273,0.1960181267198139,9.449165930729189,0.4942939887887794
3119401,Coronel Fabriciano,MG,Sudeste,668,0.5057076724148385,0.6437125748502994,0.01932406002796356,0.13800490243546093,7.141610108629144,0.4942923275851615
3101904,Alpinópolis,MG,Sudeste,155,0.5060708287511001,0.7870967741935484,0.04012839215801959,0.2810259454424483,7.0031698338625255,0.4939291712488999
5107602,Rondonópolis,MT,Centro-Oeste,2966,0.5060898150113824,0.6065407956844234,0.009176406449913395,0.10045098067304103,10.946657738115892,0.4939101849886176
2205854,Madeiro,PI,Nordeste,102,0.5061079049551587,0.5588235294117647,0.04942107596558325,0.05271562445660605,1.0666628240412475,0.49389209504484133
2507408,Jericó,PB,Nordeste,54,0.5061976093903029,0.24074074074074073,0.06798715527000886,-0.2654568686495622,-3.9045150160395528,0.4938023906096971
2400109,Acari,RN,Nordeste,93,0.5065339534262498,0.3870967741935484,0.05173910071460614,-0.11943717923270147,-2.308451008677542,0.49346604657375015
3300258,Arraial do Cabo,RJ,Sudeste,377,0.5065392789371336,0.583554376657825,0.025727604164031692,0.07701509772069137,2.99348113526878,0.4934607210628664
2101806,Benedito Leite,MA,Nordeste,72,0.5066055832973411,0.4583333333333333,0.05878330662049948,-0.04827224996400775,-0.8211897686472402,0.49339441670265893
2602803,Buíque,PE,Nordeste,508,0.5067987394452289,0.5551181102362205,0.02216780897546575,0.04831937079099158,2.1797089123453337,0.4932012605547711
4218301,Três Barras,SC,Sul,234,0.507055054149221,0.5170940170940171,0.03266237147709355,0.010038962944796115,0.30735560496078923,0.49294494585077897
2917334,Iuiú,BA,Nordeste,94,0.5072401805826913,0.2553191489361702,0.05153126083287387,-0.2519210316465211,-4.888703043062562,0.49275981941730873
3166501,Serra Azul de Minas,MG,Sudeste,30,0.5073211481137944,0.7333333333333333,0.09123014339091304,0.22601218521953892,2.477384960923462,0.49267885188620564
3144375,Natalândia,MG,Sudeste,48,0.5073637910839027,0.6458333333333334,0.07205842891242233,0.13846954224943064,1.9216286607875175,0.4926362089160973
2202251,Canavieira,PI,Nordeste,39,0.5073993198911736,0.8717948717948718,0.07983890692280839,0.3643955519036982,4.5641350307565105,0.4926006801088264
2913408,Igaporã,BA,Nordeste,101,0.5076405503697913,0.42574257425742573,0.049717358826514124,-0.08189797611236554,-1.6472712558634468,0.4923594496302087
2609501,Nazaré da Mata,PE,Nordeste,221,0.50777902365111,0.5701357466063348,0.03361913255576221,0.062356722955224764,1.8547986879731977,0.49222097634888995
2516805,Triunfo,PB,Nordeste,61,0.5078643821131633,0.639344262295082,0.06395045810890104,0.1314798801819187,2.0559646337172754,0.4921356178868367
2909505,Cravolândia,BA,Nordeste,55,0.5080110254068316,0.34545454545454546,0.06737373533193637,-0.16255647995228617,-2.4127574217371834,0.49198897459316837
5215231,Novo Gama,GO,Centro-Oeste,986,0.5080842609536291,0.5760649087221096,0.01591755237840509,0.06798064776848045,4.270797805616644,0.49191573904637087
2414803,Vera Cruz,RN,Nordeste,132,0.5081192505637413,0.44696969696969696,0.04339638483117015,-0.06114955359404434,-1.4090932650713035,0.4918807494362587
4216206,São Francisco do Sul,SC,Sul,439,0.5081328133401765,0.5421412300683371,0.02384830369892293,0.034008416728160684,1.4260308472043073,0.49186718665982354
2600708,Aliança,PE,Nordeste,237,0.5083918123803322,0.39662447257383965,0.032429866419461245,-0.1117673398064925,-3.4464323213931167,0.49160818761966785
2205573,Lagoa de São Francisco,PI,Nordeste,86,0.5085104573625919,0.7674418604651163,0.05377343176408657,0.2589314031025244,4.815229279739884,0.4914895426374081
2201150,Baixa Grande do Ribeiro,PI,Nordeste,201,0.5085638323820013,0.8159203980099502,0.035165892988332885,0.3073565656279489,8.740189413927913,0.4914361676179987
1200435,Santa Rosa do Purus,AC,Norte,58,0.5086540980733824,0.15517241379310345,0.06490551583289049,-0.35348168428027893,-5.446096217621525,0.49134590192661765
3123106,Dores de Guanhães,MG,Sudeste,51,0.5088524718742639,0.7254901960784313,0.06993285119700428,0.2166377242041675,3.0977962502041905,0.49114752812573614
3146255,Padre Carvalho,MG,Sudeste,58,0.5089122164684544,0.7241379310344828,0.06496873323076896,0.21522571456602835,3.312758366421376,0.4910877835315456
1502004,Cachoeira do Arari,PA,Norte,207,0.5089576576214982,0.357487922705314,0.034525485263391796,-0.15146973491618426,-4.387186270102662,0.49104234237850175
1718899,Santa Rita do Tocantins,TO,Norte,30,0.5092054445321204,0.43333333333333335,0.09116504114379619,-0.075872111198787,-0.8322500625992437,0.49079455546787965
2709152,Teotônio Vilela,AL,Nordeste,381,0.5095592705189385,0.5774278215223098,0.025483483839377423,0.0678685510033713,2.663236762726292,0.49044072948106154
2110302,Santo Antônio dos Lopes,MA,Nordeste,115,0.50968303322521,0.7304347826086957,0.046551902153912535,0.22075174938348563,4.742056482539074,0.49031696677479
2922409,Mutuípe,BA,Nordeste,139,0.5096845596125915,0.4892086330935252,0.04238591017825368,-0.020475926519066323,-0.4830833272885952,0.4903154403874085
4209300,Lages,SC,Sul,1478,0.5097174220722931,0.5230040595399188,0.012979994068169905,0.013286637467625706,1.0236243096757467,0.4902825779277069
1504208,Marabá,PA,Norte,2997,0.5097405360059274,0.5128461795128462,0.009129582315743099,0.003105643506918776,0.3401736683575752,0.4902594639940726
5102686,Campos de Júlio,MT,Centro-Oeste,161,0.5102933059460645,0.6583850931677019,0.03924983163173474,0.1480917872216374,3.7730553499215644,0.4897066940539355
2605202,Escada,PE,Nordeste,406,0.5103166499973907,0.3078817733990148,0.02478522630558199,-0.2024348765983759,-8.167562163948636,0.4896833500026093
4209151,José Boiteux,SC,Sul,73,0.5104920603223461,0.4657534246575342,0.058324559741344054,-0.04473863566481184,-0.7670634097062602,0.48950793967765394
3103504,Araguari,MG,Sudeste,1032,0.5105017006113104,0.6579457364341085,0.0155132902592087,0.14744403582279808,9.50436905125753,0.4894982993886896
2615409,Toritama,PE,Nordeste,548,0.5106995818083397,0.6423357664233577,0.021349401536040598,0.13163618461501791,6.165802090180313,0.48930041819166026
2611002,Petrolândia,PE,Nordeste,412,0.5107435854062234,0.662621359223301,0.024616915906071627,0.15187777381707757,6.169650755463553,0.48925641459377656
2504355,Caturité,PB,Nordeste,56,0.5107626022663766,0.7678571428571429,0.06675052495254977,0.2570945405907663,3.8515733138207433,0.4892373977336234
3150539,Pingo-d'Água,MG,Sudeste,48,0.5108732194914583,0.8125,0.07208815417803252,0.30162678050854175,4.184137934280147,0.48912678050854175
3170701,Varginha,MG,Sudeste,1027,0.511092402194109,0.7215189873417721,0.015596752245747362,0.2104265851476631,13.491692490341276,0.488907597805891
2106326,Maracaçumé,MA,Nordeste,315,0.5112677073150745,0.4158730158730159,0.027926315410670064,-0.09539469144205864,-3.4159426347240323,0.48873229268492546
3144102,Muzambinho,MG,Sudeste,181,0.5112781061631335,0.7569060773480663,0.03712340637172119,0.24562797118493274,6.616525669154115,0.4887218938368665
1702554,Augustinópolis,TO,Norte,191,0.5112848593230799,0.5968586387434555,0.0361624074197151,0.08557377942037558,2.366373964741139,0.4887151406769201
4218004,Tijucas,SC,Sul,100,0.51138096117637,0.34,0.049965311400786624,-0.17138096117636997,-3.429998860642983,0.48861903882363
3126901,Frei Inocêncio,MG,Sudeste,93,0.5114809657003841,0.6559139784946236,0.051744863891823305,0.14443301279423948,2.7912531202360107,0.48851903429961585
3147402,Paraopeba,MG,Sudeste,225,0.5115624609311137,0.7244444444444444,0.03327214993089791,0.21288198351333076,6.3982034210431245,0.4884375390688863
2702702,Feliz Deserto,AL,Nordeste,61,0.5116197222945195,0.45901639344262296,0.06391411903571724,-0.0526033288518965,-0.8230314310129205,0.48838027770548054
2208007,Picos,PI,Nordeste,528,0.5117075643693396,0.5511363636363636,0.021740700450450182,0.03942879926702403,1.813593787232719,0.4882924356306604
2503803,Caldas Brandão,PB,Nordeste,45,0.5118422923122358,0.3333333333333333,0.07446578182531863,-0.17850895897890245,-2.397194450971423,0.48815770768776423
2704906,Mar Vermelho,AL,Nordeste,33,0.5120273367558497,0.5757575757575758,0.0869890599801551,0.06373023900172614,0.7326236082590728,0.48797266324415034
2912301,Ibicuí,BA,Nordeste,84,0.5120834394757572,0.5,0.05437458671261508,-0.012083439475757185,-0.22222586333614905,0.4879165605242428
2412104,São João do Sabugi,RN,Nordeste,64,0.5121472427285747,0.671875,0.06234983535359316,0.1597277572714253,2.561799183038586,0.4878527572714253
3136405,Joaquim Felício,MG,Sudeste,41,0.5121519179040579,0.7073170731707317,0.07776255174993561,0.19516515526667377,2.5097576002170654,0.4878480820959421
2607604,Ilha de Itamaracá,PE,Nordeste,205,0.5123512520673235,0.5073170731707317,0.03487530326205448,-0.0050341788965917456,-0.144347960468321,0.48764874793267654
2912806,Ibirapuã,BA,Nordeste,148,0.512435641029341,0.3783783783783784,0.040993310399879405,-0.13405726265096263,-3.2702229057196854,0.487564358970659
3300209,Araruama,RJ,Sudeste,1329,0.5124725997124494,0.5598194130925508,0.01370615773106633,0.04734681338010138,3.454419123806321,0.4875274002875506
2105401,Itapecuru Mirim,MA,Nordeste,772,0.5127337660308244,0.6049222797927462,0.017982432237270023,0.09218851376192172,5.1265875797854354,0.48726623396917557
2603801,Capoeiras,PE,Nordeste,211,0.5129017994240906,0.6966824644549763,0.03439015335230979,0.18378066503088564,5.343990855409841,0.48709820057590936
3146909,Papagaios,MG,Sudeste,134,0.5131172947511636,0.8955223880597015,0.04313592569551414,0.3824050933085379,8.865118509518982,0.48688270524883637
2612505,Santa Cruz do Capibaribe,PE,Nordeste,1020,0.5131434603808795,0.5568627450980392,0.015644628489721996,0.04371928471715969,2.794523676026044,0.48685653961912045
2211001,Teresina,PI,Nordeste,6896,0.5132092720881426,0.5790313225058005,0.006016494749001672,0.06582205041765787,10.940265580482697,0.4867907279118574
3144656,Ninheira,MG,Sudeste,66,0.5132689444475504,0.7727272727272727,0.061420649256192165,0.25945832827972226,4.22428501524778,0.48673105555244955
3157500,Santa Efigênia de Minas,MG,Sudeste,50,0.5133954516468379,0.76,0.07055811511140787,0.24660454835316215,3.495055784352876,0.48660454835316214
4211306,Navegantes,SC,Sul,821,0.5137820873466167,0.5286236297198539,0.017418642469686264,0.014841542373237204,0.8520493143519079,0.4862179126533833
2605905,Gameleira,PE,Nordeste,162,0.5138712190795757,0.7716049382716049,0.0392141627890361,0.25773371919202925,6.572465172304765,0.48612878092042433
3109303,Buritis,MG,Sudeste,305,0.5139288538869847,0.6327868852459017,0.028563383314140534,0.11885803135891693,4.161202825719714,0.4860711461130153
2112456,Turilândia,MA,Nordeste,241,0.5140311637712969,0.5020746887966805,0.032032070957928024,-0.011956474974616382,-0.37326574951461644,0.4859688362287031
2407708,Montanhas,RN,Nordeste,120,0.5141641824288553,0.44166666666666665,0.04561552595227146,-0.07249751576218866,-1.5893166690228326,0.4858358175711447
4206207,Gravatal,SC,Sul,114,0.5142029533630152,0.6578947368421053,0.046766228064615174,0.14369178347909006,3.0725544784273904,0.48579704663698475
3120300,Cristália,MG,Sudeste,51,0.514325141533905,0.5490196078431373,0.06973746734233459,0.03469446630923234,0.4975010941954704,0.48567485846609504
2104057,Estreito,MA,Nordeste,500,0.5143619872232053,0.606,0.022296048892652118,0.09163801277679473,4.110056145732392,0.48563801277679475
3141702,Mesquita,MG,Sudeste,63,0.51437755713416,0.6349206349206349,0.06291955298311132,0.12054307778647488,1.915828579056032,0.48562244286584
3143203,Monte Santo de Minas,MG,Sudeste,174,0.5143965066850763,0.6206896551724138,0.037861449842297806,0.10629314848733751,2.8074241459340423,0.4856034933149237
3117876,Confins,MG,Sudeste,74,0.5144756308555027,0.6891891891891891,0.05797023538860178,0.1747135583336864,3.0138493860254174,0.48552436914449726
3129905,Ibitiúra de Minas,MG,Sudeste,32,0.5145973201479411,0.78125,0.08829955636411121,0.26665267985205887,3.019864321316547,0.48540267985205887
1705508,Colinas do Tocantins,TO,Norte,442,0.5147044179700947,0.5588235294117647,0.023763858744630766,0.04411911144167002,1.8565634443370165,0.4852955820299053
2107506,Paço do Lumiar,MA,Nordeste,1548,0.514822366930153,0.5581395348837209,0.012699029420065839,0.04331716795356788,3.4110613119079853,0.48517763306984696
3162922,São Joaquim de Bicas,MG,Sudeste,427,0.5149968421355069,0.8243559718969555,0.024178210633379105,0.30935912976144864,12.794955526376484,0.4850031578644931
2901304,Andaraí,BA,Nordeste,136,0.5151093368088773,0.47794117647058826,0.04276872276769343,-0.037168160338289014,-0.8690500424849029,0.48489066319112273
5214002,Mozarlândia,GO,Centro-Oeste,213,0.5152375363122297,0.6666666666666666,0.034201986679330915,0.15142913035443695,4.427495156179019,0.4847624636877703
2205250,Jardim do Mulato,PI,Nordeste,34,0.5152602208688699,0.7647058823529411,0.08564074363227459,0.2494456614840712,2.9126984529133058,0.4847397791311301
2516201,Sousa,PB,Nordeste,524,0.5155489956114877,0.6583969465648855,0.021817047547373673,0.14284795095339775,6.547538141593945,0.4844510043885123
2706703,Penedo,AL,Nordeste,623,0.5156779544740241,0.4301765650080257,0.020010177132529595,-0.08550138946599839,-4.272895182272166,0.4843220455259759
4314407,Pelotas,RS,Sul,1963,0.515862513519597,0.39072847682119205,0.011271308969961888,-0.12513403669840495,-11.10199685164234,0.484137486480403
2904605,Brumado,BA,Nordeste,548,0.5160125046515457,0.4215328467153285,0.021343663343874643,-0.09447965793621721,-4.426590525441906,0.4839874953484543
3100906,Águas Formosas,MG,Sudeste,189,0.5167104361170837,0.6243386243386243,0.03626890233555663,0.10762818822154063,2.9675060807127354,0.48328956388291633
3117836,Cônego Marinho,MG,Sudeste,47,0.5170220338799439,0.6595744680851063,0.07275119527040691,0.1425524342051624,1.9594514382246668,0.48297796612005606
2510501,Olivedos,PB,Nordeste,46,0.5170673239704117,0.41304347826086957,0.07363928239008523,-0.1040238457095421,-1.4126135173140666,0.48293267602958834
2404408,Grossos,RN,Nordeste,84,0.5172190779503357,0.6666666666666666,0.054468693583049545,0.1494475887163309,2.743733673150524,0.4827809220496643
2505105,Cuité,PB,Nordeste,151,0.5172441822583944,0.6291390728476821,0.040649816757545726,0.1118948905892877,2.752654243355646,0.4827558177416056
2209005,Rio Grande do Piauí,PI,Nordeste,67,0.5172614837616691,0.417910447761194,0.06086672807196249,-0.09935103600047512,-1.6322716720210881,0.48273851623833086
2614006,Serrita,PE,Nordeste,201,0.517296892276112,0.6019900497512438,0.035193039192435216,0.08469315747513184,2.4065315022107194,0.482703107723888
1504752,Mojuí dos Campos,PA,Norte,178,0.5173205962474507,0.43820224719101125,0.03738415906916883,-0.0791183490564395,-2.1163602720086154,0.48267940375254925
5106232,Nova Olímpia,MT,Centro-Oeste,240,0.5174839167478906,0.575,0.032224142456240085,0.05751608325210933,1.7848755271056578,0.4825160832521094
3305752,Tanguá,RJ,Sudeste,339,0.5175660221379901,0.551622418879056,0.027127701134478988,0.034056396741065975,1.255410348714757,0.4824339778620099
2203503,Elesbão Veloso,PI,Nordeste,92,0.5180232957454571,0.5108695652173914,0.05203748183251832,-0.007153730528065783,-0.13747265002349524,0.48197670425454286
1200385,Plácido de Castro,AC,Norte,214,0.5180323630054198,0.3691588785046729,0.03414869038004815,-0.1488734845007469,-4.359566438534004,0.48196763699458023
2615607,Trindade,PE,Nordeste,387,0.5182052135032158,0.6925064599483204,0.025394296428783363,0.17430124644510459,6.8637950625614295,0.4817947864967842
5103205,Colíder,MT,Centro-Oeste,383,0.5185941205286834,0.6422976501305483,0.025500850608683182,0.12370352960186493,4.850956993557822,0.48140587947131663
2608750,Lagoa Grande,PE,Nordeste,344,0.5186902857673832,0.6773255813953488,0.026932012819264887,0.15863529562796563,5.890213133809715,0.4813097142326168
2407807,Monte Alegre,RN,Nordeste,209,0.518710858271584,0.5119617224880383,0.03452639834416799,-0.0067491357835457455,-0.19547755072129533,0.48128914172841597
5008008,Terenos,MS,Centro-Oeste,277,0.5188882988831229,0.48736462093862815,0.029903954350651695,-0.03152367794449479,-1.054164194301875,0.48111170111687707
3300506,Bom Jardim,RJ,Sudeste,227,0.5190303216797445,0.6740088105726872,0.03313050616256244,0.15497848889294275,4.677818326484515,0.4809696783202555
5219803,São Domingos,GO,Centro-Oeste,94,0.5190329160501167,0.6595744680851063,0.05144952673187855,0.14054155203498964,2.7316393553511333,0.4809670839498833
2204709,Inhuma,PI,Nordeste,122,0.5192145033514863,0.6721311475409836,0.04521945744943339,0.15291664418949724,3.381655880336382,0.48078549664851367
3131000,Inhaúma,MG,Sudeste,68,0.5192565053026853,0.7794117647058824,0.06049955403580265,0.26015525940319706,4.300118629787608,0.4807434946973147
1100809,Candeias do Jamari,RO,Norte,366,0.5192771375820695,0.5136612021857924,0.026102509532710094,-0.0056159353962771386,-0.21514925180812927,0.4807228624179305
3130507,Ilicínea,MG,Sudeste,143,0.5192816687507578,0.6573426573426573,0.04173890929548056,0.13806098859189952,3.3077287097880297,0.48071833124924224
2207306,Paes Landim,PI,Nordeste,64,0.5193165329574296,0.453125,0.0624012997987958,-0.06619153295742963,-1.0607396507902063,0.48068346704257037
5103858,Gaúcha do Norte,MT,Centro-Oeste,100,0.5194836897953025,0.6,0.04959966887736485,0.08051631020469752,1.6233235428198936,0.48051631020469754
2616100,Verdejante,PE,Nordeste,61,0.5195712994153429,0.6885245901639344,0.0639008053578224,0.16895329074859156,2.643993135963022,0.48042870058465714
5006259,Novo Horizonte do Sul,MS,Centro-Oeste,79,0.5197382090745956,0.7848101265822784,0.056118888149487414,0.2650719175076829,4.723399309009725,0.48026179092540444
3127107,Frutal,MG,Sudeste,525,0.5199842418605136,0.7390476190476191,0.021786234897767397,0.21906337718710545,10.055127846324403,0.4800157581394864
2915700,Itamari,BA,Nordeste,68,0.5202053731293242,0.36764705882352944,0.06056093229358339,-0.1525583143057948,-2.5190879421444907,0.47979462687067576
1718840,Sandolândia,TO,Norte,45,0.5206115856158452,0.5333333333333333,0.07430039666346411,0.01272174771748813,0.17122045492044893,0.4793884143841548
1716703,Colméia,TO,Norte,59,0.5206381902771346,0.6101694915254238,0.06476530398146632,0.08953130124828912,1.382396063082017,0.47936180972286535
2112803,Viana,MA,Nordeste,518,0.5206950701209253,0.5366795366795367,0.021927188042966977,0.01598446655861141,0.7289793167865105,0.4793049298790747
2603603,Camutanga,PE,Nordeste,51,0.5209417325976303,0.6666666666666666,0.0698491109446878,0.1457249340690363,2.08628187385854,0.4790582674023697
2201176,Barra D'Alcântara,PI,Nordeste,44,0.521102204120948,0.9318181818181818,0.07524192736169306,0.4107159776972338,5.45860522316094,0.478897795879052
3127008,Fronteira,MG,Sudeste,135,0.5211999255640165,0.762962962962963,0.04297991591255365,0.24176303739894645,5.625023508441343,0.4788000744359835
3302304,Laje do Muriaé,RJ,Sudeste,64,0.5213342020404288,0.484375,0.06238663325024535,-0.036959202040428796,-0.5924218076038499,0.4786657979595712
2501609,Barra de Santa Rosa,PB,Nordeste,76,0.5214524264317075,0.4605263157894737,0.05728268460156773,-0.060926110642233855,-1.063604317186042,0.4785475735682925
3130101,Igarapé,MG,Sudeste,532,0.5214967839661242,0.7387218045112782,0.021654493226815813,0.21722502054515402,10.031406335390647,0.4785032160338758
2500601,Alhandra,PB,Nordeste,216,0.521570226369191,0.3101851851851852,0.033974240138218384,-0.21138504118400586,-6.221921088566572,0.47842977363080896
2109106,Presidente Dutra,MA,Nordeste,429,0.5216668474860116,0.44988344988344986,0.02410811737822048,-0.0717833976025617,-2.977561311668888,0.47833315251398845
3110509,Camanducaia,MG,Sudeste,289,0.5217809672560765,0.5951557093425606,0.02936643205188206,0.07337474208648409,2.498592336884916,0.4782190327439235
1100130,Machadinho D'Oeste,RO,Norte,405,0.5218228240357052,0.654320987654321,0.02481021056378109,0.13249816361861577,5.340469129755865,0.47817717596429477
3153905,Raposos,MG,Sudeste,146,0.5221714157831729,0.6986301369863014,0.041326494296858134,0.17645872120312844,4.2698691046857995,0.47782858421682706
2111300,São Luís,MA,Nordeste,6251,0.5222367193054233,0.569828827387618,0.006311828968361376,0.04759210808219472,7.540145387454975,0.47776328069457674
2616001,Venturosa,PE,Nordeste,109,0.5222375018982164,0.5963302752293578,0.047806371013583725,0.07409277333114139,1.549851447835031,0.4777624981017836
3142700,Montalvânia,MG,Sudeste,153,0.5224515847131217,0.6666666666666666,0.04012525861786818,0.14421508195354493,3.5941221794225275,0.4775484152868783
4312500,Mostardas,RS,Sul,130,0.5224708901504781,0.4076923076923077,0.043728078455483946,-0.11477858245817041,-2.624825661502993,0.4775291098495219
3129608,Ibiaí,MG,Sudeste,60,0.5224716051983199,0.7666666666666667,0.06445926124179337,0.2441950614683468,3.7883627079178868,0.4775283948016801
1200807,Porto Acre,AC,Norte,236,0.5226006358420631,0.3983050847457627,0.03249172805437853,-0.12429555109630036,-3.8254521547231315,0.47739936415793693
5007935,Sonora,MS,Centro-Oeste,220,0.5227324439327833,0.7863636363636364,0.03365719412755649,0.2636311924308531,7.83283334409055,0.4772675560672167
2516409,Tacima,PB,Nordeste,45,0.5228709095540987,0.7777777777777778,0.07433187121591478,0.25490686822367914,3.4293078332878353,0.47712909044590135
5205497,Cidade Ocidental,GO,Centro-Oeste,1221,0.5229250975348742,0.6191646191646192,0.01429072965150413,0.09623952162974503,6.734402229743084,0.47707490246512585
5007695,São Gabriel do Oeste,MS,Centro-Oeste,479,0.5234238718497963,0.6200417536534447,0.022773527067811817,0.09661788180364839,4.2425523949783095,0.47657612815020367
2413557,Serrinha dos Pintos,RN,Nordeste,43,0.5235194921291284,0.6046511627906976,0.07603731118424042,0.08113167066156923,1.0669981539061137,0.4764805078708716
2500502,Alagoinha,PB,Nordeste,141,0.5238930715805997,0.524822695035461,0.042006286742606584,0.0009296234548612503,0.022130579181100098,0.4761069284194003
2411601,São Bento do Norte,RN,Nordeste,56,0.5239724664056985,0.32142857142857145,0.06668768640360889,-0.20254389497712705,-3.0372008072267764,0.4760275335943015
2515500,Serra Branca,PB,Nordeste,100,0.5239749355096823,0.53,0.049925381015337215,0.0060250644903177,0.12068139226552489,0.4760250644903177
2708956,Senador Rui Palmeira,AL,Nordeste,159,0.5240642500688723,0.5723270440251572,0.03953526129113667,0.048262793956284966,1.220753129741042,0.47593574993112775
3138351,Leme do Prado,MG,Sudeste,63,0.5244215759232218,0.8253968253968254,0.06280402179354888,0.30097524947360355,4.79229260926916,0.4755784240767782
3306008,Três Rios,RJ,Sudeste,636,0.5245107282220014,0.5172955974842768,0.019796674331838144,-0.007215130737724618,-0.3644617584136762,0.4754892717779986
2901502,Anguera,BA,Nordeste,84,0.524520970801784,0.5595238095238095,0.054374281753353175,0.03500283872202559,0.6437388705344511,0.47547902919821605
4301875,Barra do Quaraí,RS,Sul,64,0.5246872917523696,0.265625,0.06224408785057191,-0.2590622917523696,-4.162038527647719,0.4753127082476304
1504802,Monte Alegre,PA,Norte,732,0.5247224293615235,0.4685792349726776,0.01844192056808963,-0.05614319438884585,-3.0443247047702493,0.47527757063847653
2503605,Caiçara,PB,Nordeste,54,0.5247338480265885,0.7407407407407407,0.06791862188079233,0.2160068927141522,3.1803780278886937,0.4752661519734115
2609402,Moreno,PE,Nordeste,385,0.5247540041377972,0.44155844155844154,0.025382235282871562,-0.08319556257935562,-3.2777082732149143,0.47524599586220284
1200013,Acrelândia,AC,Norte,180,0.5250581626026626,0.5888888888888889,0.037169180540278894,0.06383072628622632,1.7173024898155955,0.4749418373973374
3157807,Santa Luzia,MG,Sudeste,2300,0.5250795551284868,0.7091304347826087,0.01040496366120912,0.18405087965412192,17.688757562920127,0.4749204448715132
4113254,Laranjal,PR,Sul,93,0.5252532638380878,0.4731182795698925,0.051731003652396676,-0.052134984268195295,-1.0078092553261317,0.4747467361619122
5218003,Porangatu,GO,Centro-Oeste,357,0.5253576649821189,0.49859943977591037,0.026421494438660237,-0.02675822520620852,-1.0127445768947714,0.4746423350178811
2505709,Dona Inês,PB,Nordeste,79,0.5257100892947082,0.9620253164556962,0.056113522371607764,0.43631522716098803,7.775580799785154,0.4742899107052918
2700201,Anadia,AL,Nordeste,151,0.5258443609735097,0.4503311258278146,0.04058685243434079,-0.07551323514569513,-1.8605344000956061,0.47415563902649027
1505064,Novo Repartimento,PA,Norte,707,0.526007945652434,0.5007072135785007,0.018754832922982696,-0.025300732073933352,-1.3490246582217817,0.47399205434756597
3129707,Ibiraci,MG,Sudeste,165,0.5260302604018479,0.7696969696969697,0.03853743536793952,0.2436667092951218,6.322857423403832,0.47396973959815214
1101609,Theobroma,RO,Norte,114,0.5260721874214427,0.7894736842105263,0.046591973502039224,0.26340149678908364,5.653366384610327,0.4739278125785573
2606200,Goiana,PE,Nordeste,702,0.5261166389656668,0.4586894586894587,0.018843856708408456,-0.06742718027620814,-3.578204892957022,0.47388336103433315
4211900,Palhoça,SC,Sul,1796,0.5261821515632502,0.48552338530066813,0.01176803064448214,-0.04065876626258208,-3.4550187275087008,0.4738178484367498
2516755,Tenório,PB,Nordeste,35,0.5262344011718687,0.4857142857142857,0.084345809642981,-0.040520115457582995,-0.48040460609835356,0.4737655988281313
2103505,Colinas,MA,Nordeste,392,0.5264736374121146,0.5,0.02516681581029609,-0.026473637412114615,-1.051926378436953,0.4735263625878854
3552809,Taboão da Serra,SP,Sudeste,2465,0.526486232521097,0.49330628803245435,0.010052553458725017,-0.0331799444886427,-3.3006483999191754,0.47351376747890295
2612554,Santa Filomena,PE,Nordeste,90,0.5268258424542486,0.5333333333333333,0.052579846497008975,0.006507490879084754,0.12376397636411766,0.47317415754575143
5103056,Cláudia,MT,Centro-Oeste,142,0.5268496599690526,0.6619718309859155,0.041823998729236,0.13512217101686286,3.2307329552974844,0.47315034003094736
1707009,Dianópolis,TO,Norte,233,0.5268634190221462,0.6094420600858369,0.032694444928236054,0.08257864106369073,2.525769782755142,0.4731365809778538
1600253,Itaubal,AP,Norte,105,0.526876052234148,0.41904761904761906,0.048631848944997974,-0.10782843318652896,-2.217239021869837,0.473123947765852
2919702,Macarani,BA,Nordeste,114,0.5269698175854614,0.4473684210526316,0.04668034553419481,-0.07960139653282977,-1.705244372591871,0.47303018241453865
3148756,Pedra Bonita,MG,Sudeste,63,0.5270794481444872,0.7936507936507936,0.06260502238337655,0.26657134550630646,4.257986585707042,0.47292055185551285
3303955,Pinheiral,RJ,Sudeste,282,0.5273767853382463,0.6347517730496454,0.029693576152245535,0.10737498771139908,3.6161015824050216,0.4726232146617537
3165578,Senador Amaral,MG,Sudeste,116,0.5274251557997205,0.646551724137931,0.046268404856817005,0.11912656833821056,2.5746850082007726,0.4725748442002795
2111631,São Raimundo do Doca Bezerra,MA,Nordeste,47,0.5274387719782413,0.5531914893617021,0.07273124014463642,0.025752717383460855,0.35408054822450313,0.4725612280217587
2411908,São Francisco do Oeste,RN,Nordeste,55,0.5275721552884596,0.6909090909090909,0.06716324866273263,0.16333693562063134,2.4319391761533913,0.4724278447115404
3124005,Ervália,MG,Sudeste,151,0.5276770135267331,0.8543046357615894,0.0405710179650272,0.3266276222348563,8.050762308118914,0.47232298647326687
2512705,Remígio,PB,Nordeste,142,0.5279401960323724,0.49295774647887325,0.04186724542961777,-0.03498244955349916,-0.8355565118872579,0.4720598039676276
2514453,São José dos Ramos,PB,Nordeste,56,0.5280471213242103,0.26785714285714285,0.06659049047218527,-0.26018997846706743,-3.9073143420643275,0.4719528786757897
2602902,Cabo de Santo Agostinho,PE,Nordeste,1976,0.5283083411980446,0.5075910931174089,0.01122856268990937,-0.020717248080635686,-1.8450489749016046,0.4716916588019554
2101970,Boa Vista do Gurupi,MA,Nordeste,110,0.5283346420659086,0.8,0.04748334367721997,0.2716653579340914,5.721276913033027,0.47166535793409137
2506806,Ingá,PB,Nordeste,128,0.5284169059216598,0.46875,0.04405232467236516,-0.059666905921659796,-1.3544553293254453,0.4715830940783402
2904209,Botuporã,BA,Nordeste,57,0.5284426273688948,0.47368421052631576,0.06606962889376232,-0.05475841684257904,-0.8287986138173816,0.4715573726311052
2616209,Vertentes,PE,Nordeste,168,0.5286499000525284,0.5714285714285714,0.03848295363658347,0.042778671376042965,1.111626508194418,0.47135009994747157
2511400,Picuí,PB,Nordeste,191,0.5286851289493483,0.42408376963350786,0.03598512473565448,-0.10460135931584041,-2.906794406973395,0.47131487105065173
3146750,Palmópolis,MG,Sudeste,60,0.5287171346718166,0.7,0.06365949265121258,0.17128286532818338,2.69060996553388,0.4712828653281834
2615003,Taquaritinga do Norte,PE,Nordeste,235,0.5287355653959671,0.5957446808510638,0.03255997465047122,0.06700911545509669,2.0580211187027726,0.4712644346040329
3143005,Monte Belo,MG,Sudeste,141,0.528762966676543,0.8085106382978723,0.04201747039819553,0.2797476716213293,6.657889420048077,0.471237033323457
3117306,Conceição das Alagoas,MG,Sudeste,311,0.528812330741496,0.5884244372990354,0.028271419560456982,0.059612106557539346,2.108564319880079,0.47118766925850397
2603504,Camocim de São Félix,PE,Nordeste,169,0.5288211664772237,0.6863905325443787,0.03838232000705037,0.157569366067155,4.1052590369266735,0.47117883352277634
5203575,Bonópolis,GO,Centro-Oeste,47,0.5289523784883089,0.6170212765957447,0.07269202866636497,0.08806889810743579,1.2115344656516072,0.4710476215116911
2108306,Penalva,MA,Nordeste,382,0.5290778784785123,0.6361256544502618,0.025518768207663457,0.10704777597174953,4.19486454442587,0.4709221215214877
3130051,Icaraí de Minas,MG,Sudeste,120,0.5291123783336337,0.7583333333333333,0.04536653622958328,0.22922095499969963,5.052643954118451,0.47088762166636633
3305604,Silva Jardim,RJ,Sudeste,260,0.5292114517567065,0.5769230769230769,0.030937224660943206,0.0477116251663704,1.542207670185881,0.4707885482432935
3142106,Miradouro,MG,Sudeste,63,0.5293409130068452,0.7619047619047619,0.06285250201240404,0.2325638488979167,3.700152602549058,0.47065908699315484
5101407,Aripuanã,MT,Centro-Oeste,383,0.5296188233653155,0.6266318537859008,0.02544406108891293,0.09701303042058529,3.812796631857563,0.4703811766346845
2614501,Surubim,PE,Nordeste,286,0.5296659479648487,0.5944055944055944,0.029505848733433447,0.0647396464407457,2.1941292733392346,0.47033405203515133
3201803,Divino de São Lourenço,ES,Sudeste,56,0.5296953923009684,0.8214285714285714,0.06668147996467809,0.291733179127603,4.375025558552949,0.4703046076990316
1300409,Barcelos,AM,Norte,226,0.5297683679819398,0.4778761061946903,0.03278024801752155,-0.05189226178724954,-1.5830344468264035,0.4702316320180602
3518800,Guarulhos,SP,Sudeste,13135,0.5298731148232815,0.4997335363532547,0.004350208392752861,-0.030139578470026795,-6.928306818642803,0.4701268851767185
2615508,Tracunhaém,PE,Nordeste,123,0.5299311554276555,0.7317073170731707,0.04493201843197505,0.20177616164551526,4.490698808712429,0.47006884457234455
3545605,Santa Adélia,SP,Sudeste,120,0.5300080782475886,0.6416666666666667,0.045503282395217,0.11165858841907816,2.453857887641419,0.46999192175241145
3129806,Ibirité,MG,Sudeste,1647,0.5300513305987117,0.6636308439587129,0.01227819205897885,0.13357951336000118,10.879412271639502,0.4699486694012883
2916856,Itatim,BA,Nordeste,166,0.5301368415417198,0.5421686746987951,0.03870212129764593,0.012031833157075345,0.3108830408685424,0.4698631584582802
1505601,Peixe-Boi,PA,Norte,70,0.5303848594755869,0.8428571428571429,0.05955212108379221,0.31247228338155597,5.247038689720136,0.4696151405244131
2408904,Parelhas,RN,Nordeste,210,0.5305991916189826,0.638095238095238,0.034387846204139386,0.10749604647625544,3.125989509145698,0.4694008083810174
3152105,Ponte Nova,MG,Sudeste,433,0.5306507583920123,0.7875288683602771,0.023964595424123568,0.2568781099682649,10.7190672499183,0.46934924160798774
1506138,Redenção,PA,Norte,1080,0.5306762740554718,0.5833333333333334,0.015181244839976023,0.05265705927786157,3.468560044509811,0.4693237259445282
2501906,Belém,PB,Nordeste,99,0.5308759664428139,0.35353535353535354,0.050148432868981845,-0.17734061290746034,-3.536314153042064,0.4691240335571861
3168606,Teófilo Otoni,MG,Sudeste,1190,0.5310010060750897,0.66890756302521,0.014457665870871862,0.13790655695012033,9.53864601532695,0.4689989939249103
5103403,Cuiabá,MT,Centro-Oeste,5876,0.5310610735365682,0.46919673247106874,0.006508945840381199,-0.06186434106549943,-9.50451003627898,0.4689389264634318
5106000,Nortelândia,MT,Centro-Oeste,67,0.53114861815168,0.6567164179104478,0.060900273370431725,0.12556779975876775,2.0618593777894825,0.46885138184832
1720499,São Valério,TO,Norte,41,0.5312144429904497,0.4634146341463415,0.07790389163619359,-0.06779980884410824,-0.870300666887467,0.46878555700955027
2506707,Imaculada,PB,Nordeste,100,0.5312209765506224,0.42,0.0496375397338117,-0.11122097655062241,-2.24066255392714,0.4687790234493776
3133303,Itaobim,MG,Sudeste,180,0.5312985854788472,0.5388888888888889,0.036953413926360465,0.007590303410041632,0.20540195352903892,0.46870141452115277
2514701,São José do Sabugi,PB,Nordeste,31,0.5315145242738434,0.4838709677419355,0.08952128676151273,-0.04764355653190788,-0.5322036607765891,0.4684854757261566
3158607,Santana do Deserto,MG,Sudeste,36,0.5315490604656902,0.8333333333333334,0.08304266523126629,0.3017842728676432,3.6340870325777885,0.46845093953430983
5102678,Campo Verde,MT,Centro-Oeste,600,0.5316625290722647,0.645,0.020357155847014252,0.11333747092773527,5.5674511596549126,0.46833747092773526
2103406,Coelho Neto,MA,Nordeste,430,0.5317140857010737,0.7604651162790698,0.024036099962643807,0.22875103057799606,9.516977834736672,0.4682859142989263
3146206,Ouro Verde de Minas,MG,Sudeste,88,0.5318363550686307,0.7840909090909091,0.05315485902475539,0.25225455402227837,4.74565371163524,0.4681636449313693
2912509,Ibipitanga,BA,Nordeste,94,0.5322709016073727,0.46808510638297873,0.05143108957001063,-0.06418579522439394,-1.2479960226590368,0.46772909839262733
2616308,Vicência,PE,Nordeste,223,0.5323796320180615,0.6816143497757847,0.03336890570334205,0.14923471775772323,4.472268856655275,0.4676203679819385
2607000,Inajá,PE,Nordeste,266,0.5325058518668894,0.8007518796992481,0.03058299245423885,0.26824602783235874,8.771085047800135,0.46749414813311063
2104008,Esperantinópolis,MA,Nordeste,189,0.5326030507554569,0.8148148148148148,0.03612843787137457,0.2822117640593579,7.81134698001878,0.4673969492445431
3111903,Cana Verde,MG,Sudeste,46,0.533046393947484,0.9347826086956522,0.07353157625342366,0.40173621474816823,5.463451692693222,0.466953606052516
3129202,Heliodora,MG,Sudeste,67,0.533077099695252,0.7014925373134329,0.06072522936117256,0.1684154376181809,2.773401424579303,0.46692290030474803
2502805,Brejo do Cruz,PB,Nordeste,97,0.5331302864770046,0.5154639175257731,0.050627593387317336,-0.017666368951231415,-0.3489474369456597,0.46686971352299544
2503407,Cacimba de Areia,PB,Nordeste,40,0.5333527367821816,0.525,0.07882022607623315,-0.008352736782181625,-0.10597199726505535,0.46664726321781835
3109907,Caetanópolis,MG,Sudeste,99,0.5333545109686044,0.7272727272727273,0.05008267359668206,0.19391821630412287,3.871962145347005,0.4666454890313956
4323002,Viamão,RS,Sul,2425,0.5333770334127635,0.3781443298969072,0.01012975911642915,-0.15523270351585633,-15.324422005661429,0.46662296658723645
3170909,Varzelândia,MG,Sudeste,173,0.5334404945656677,0.6936416184971098,0.037796732466694856,0.16020112393144215,4.238491358283569,0.46655950543433233
2205565,Lagoa do Barro do Piauí,PI,Nordeste,81,0.5334472871667327,0.5925925925925926,0.05540230827706641,0.05914530542585983,1.0675603104851648,0.46655271283326727
2109270,Presidente Sarney,MA,Nordeste,219,0.5335043536813993,0.4063926940639269,0.03358261299769211,-0.12711165961747234,-3.7850437554161678,0.46649564631860074
1505635,Piçarra,PA,Norte,153,0.5335060438110466,0.5686274509803921,0.04030908182434839,0.03512140716934553,0.8713025844248011,0.4664939561889534
3154606,Ribeirão das Neves,MG,Sudeste,3421,0.5335339501778975,0.6062554808535516,0.008523525336999013,0.07272153067565412,8.531860679756967,0.4664660498221025
3104700,Ataléia,MG,Sudeste,97,0.5338937357525058,0.5567010309278351,0.05063141586576578,0.022807295175329312,0.45045738471537333,0.46610626424749424
1302702,Manicoré,AM,Norte,557,0.5339532484860865,0.6193895870736086,0.021079039455084717,0.08543633858752209,4.053141926583994,0.4660467515139135
1200344,Manoel Urbano,AC,Norte,189,0.5340415358365459,0.43386243386243384,0.03608869039480142,-0.10017910197411206,-2.7759140295249636,0.4659584641634541
3112604,Capinópolis,MG,Sudeste,173,0.5340495341368188,0.7398843930635838,0.037837299695763486,0.205834858926765,5.439998641071409,0.46595046586318123
2504702,Congo,PB,Nordeste,32,0.5341131476203442,0.40625,0.08813515602030869,-0.12786314762034423,-1.4507621407158018,0.46588685237965577
3557204,Chavantes,SP,Sudeste,112,0.534138732076611,0.5089285714285714,0.04708768619788707,-0.025210160648039603,-0.5353875436158262,0.465861267923389
2607950,Jaqueira,PE,Nordeste,71,0.5344564950642244,0.8169014084507042,0.05911080434182153,0.2824449133864798,4.778228219551514,0.46554350493577557
3143401,Monte Sião,MG,Sudeste,189,0.5345330822388461,0.7513227513227513,0.03624551052707325,0.21678966908390518,5.981145414463845,0.4654669177611539
3551009,São Vicente,SP,Sudeste,3048,0.5350347687908162,0.4868766404199475,0.009031470199097684,-0.04815812837086875,-5.332257905881163,0.46496523120918376
1501402,Belém,PA,Norte,8616,0.5350530604978315,0.5224001857010213,0.0053628866801978346,-0.01265287479681021,-2.3593403238465314,0.4649469395021685
2514404,São José de Espinharas,PB,Nordeste,47,0.5351913081418691,0.44680851063829785,0.0724754591402311,-0.08838279750357125,-1.219485858413969,0.4648086918581309
2611804,Ribeirão,PE,Nordeste,221,0.5352304499924416,0.6606334841628959,0.03349519854398193,0.1254030341704543,3.743910758008789,0.4647695500075584
3523107,Itaquaquecetuba,SP,Sudeste,4693,0.535244516567245,0.5770296185808651,0.007275711632895529,0.04178510201362007,5.743094850639479,0.46475548343275497
1304005,Silves,AM,Norte,181,0.5352715318642232,0.43646408839779005,0.03668761998263401,-0.09880744346643311,-2.693209412690258,0.46472846813577684
3161056,São Félix de Minas,MG,Sudeste,33,0.5353641139957749,0.6666666666666666,0.08665931188764733,0.13130255267089175,1.5151580345009408,0.4646358860042251
3300100,Angra dos Reis,RJ,Sudeste,1777,0.5355116563557443,0.6088913899831176,0.011829580642191745,0.07337973362737338,6.203071422976311,0.46448834364425573
3126208,Formoso,MG,Sudeste,103,0.5356407539642877,0.8058252427184466,0.04895193231759542,0.2701844887541589,5.519383525071656,0.4643592460357123
5215603,Padre Bernardo,GO,Centro-Oeste,355,0.5356978841107148,0.6929577464788732,0.02644782988070244,0.15725986236815837,5.946040301888906,0.46430211588928516
3112109,Caparaó,MG,Sudeste,66,0.5357649522332275,0.6818181818181818,0.06125917554920736,0.14605322958495426,2.3841853612220882,0.4642350477667725
3518701,Guarujá,SP,Sudeste,3023,0.5359383067005251,0.48891829308633805,0.00906166718297473,-0.04702001361418706,-5.18889213924446,0.4640616932994749
2610103,Palmeirina,PE,Nordeste,62,0.5359761140245708,0.5967741935483871,0.06329676551811021,0.06079807952381633,0.9605242704924792,0.4640238859754292
2905008,Caculé,BA,Nordeste,196,0.5363461906118048,0.47959183673469385,0.03554486824642055,-0.05675435387711092,-1.5966961386282874,0.4636538093881952
2925204,Pojuca,BA,Nordeste,291,0.5366526612614603,0.5154639175257731,0.029211181857777234,-0.021188743735687132,-0.7253641375706887,0.4633473387385397
1506708,Santana do Araguaia,PA,Norte,561,0.5367859071899476,0.5882352941176471,0.02102795741473855,0.051449386927699514,2.4467134830527337,0.46321409281005244
2608107,João Alfredo,PE,Nordeste,169,0.5368770318655679,0.757396449704142,0.03833079212919813,0.2205194178385741,5.753061848951341,0.4631229681344321
3144607,Nepomuceno,MG,Sudeste,184,0.5369739152534216,0.7771739130434783,0.036754985815255395,0.24019999779005663,6.535167745605824,0.46302608474657836
1506807,Santarém,PA,Norte,4040,0.5370106811616039,0.5126237623762376,0.007841627664632322,-0.02438691878536625,-3.109930722081754,0.4629893188383961
2603108,Cachoeirinha,PE,Nordeste,179,0.5372421442382012,0.6368715083798883,0.0372461864395961,0.0996293641416871,2.6748876506662165,0.46275785576179884
4208807,Jaguaruna,SC,Sul,302,0.5372485883023604,0.5960264900662252,0.028534365718835383,0.05877790176386477,2.0598986619515354,0.46275141169763956
3304003,Piraí,RJ,Sudeste,277,0.5374557678187801,0.6137184115523465,0.029943591405659446,0.0762626437335664,2.5468769828041564,0.46254423218121987
1100452,Buritis,RO,Norte,438,0.5375071693142476,0.723744292237443,0.02380734493244212,0.1862371229231954,7.82267503796323,0.4624928306857524
5203962,Buritinópolis,GO,Centro-Oeste,42,0.537570354287596,0.8571428571428571,0.07685185888532775,0.31957250285526106,4.158292427670511,0.46242964571240397
2513406,Santa Luzia,PB,Nordeste,149,0.5377810069681882,0.5436241610738255,0.0408217686993768,0.005843154105637294,0.14313819052447127,0.4622189930318118
2607901,Jaboatão dos Guararapes,PE,Nordeste,4684,0.5377895836287772,0.552732707087959,0.007283292283332985,0.014943123459181806,2.051698995161502,0.46221041637122284
4211751,Otacílio Costa,SC,Sul,252,0.5380879629012721,0.6706349206349206,0.031240014595250193,0.13254695773364844,4.2428583805399755,0.46191203709872786
3138005,Laranjal,MG,Sudeste,50,0.5381167042200771,0.82,0.07012469116434539,0.2818832957799229,4.019743846276578,0.46188329577992293
5002407,Caarapó,MS,Centro-Oeste,393,0.5385512463081302,0.6564885496183206,0.024977631291871725,0.11793730331019037,4.721716880678344,0.4614487536918698
2614204,Sirinhaém,PE,Nordeste,353,0.5389323017345726,0.7450424929178471,0.02651589206893975,0.20611019118327445,7.773081540964195,0.4610676982654274
2604809,Cortês,PE,Nordeste,85,0.5389388039399531,0.7058823529411765,0.053991270406859304,0.16694354900122343,3.0920470613711313,0.4610611960600469
3112703,Capitão Enéas,MG,Sudeste,149,0.538947234500361,0.6375838926174496,0.040816383447151855,0.09863665811708866,2.4165947540355015,0.46105276549963903
3108909,Brazópolis,MG,Sudeste,149,0.5391378849280586,0.7919463087248322,0.040800600680464004,0.2528084237967736,6.19619367314419,0.4608621150719414
5104906,Jangada,MT,Centro-Oeste,119,0.5392475831625122,0.5462184873949579,0.045563444331238906,0.006970904232445729,0.15299335541379133,0.4607524168374878
5108006,Tapurah,MT,Centro-Oeste,224,0.5392694213890448,0.6875,0.033241877762090546,0.14823057861095523,4.459151786545561,0.46073057861095523
3539103,Pirapora do Bom Jesus,SP,Sudeste,260,0.5393254658458884,0.4115384615384615,0.030908262748652326,-0.12778700430742684,-4.134396208114241,0.46067453415411164
3522109,Itanhaém,SP,Sudeste,1291,0.5393464307040984,0.48412083656080557,0.0138709675598928,-0.05522559414329281,-3.9813800951402136,0.4606535692959016
3107901,Bom Repouso,MG,Sudeste,145,0.5394762750860923,0.6827586206896552,0.04136998480618027,0.1432823456035629,3.4634372305149586,0.4605237249139077
5107743,Santa Cruz do Xingu,MT,Centro-Oeste,42,0.5394797294515783,0.7380952380952381,0.07669526480049353,0.19861550864365984,2.58967107239692,0.4605202705484217
3556503,Várzea Paulista,SP,Sudeste,1188,0.5396354659996393,0.531986531986532,0.014457439776544446,-0.007648934013107289,-0.5290655974591584,0.4603645340003607
1300086,Anamã,AM,Norte,59,0.539647843394005,0.6610169491525424,0.06259281904936755,0.12136910575853743,1.9390260352838953,0.46035215660599504
2504033,Capim,PB,Nordeste,106,0.539747049546903,0.6226415094339622,0.04838842385963917,0.08289445988705924,1.7131051866353841,0.460252950453097
3525102,Jardinópolis,SP,Sudeste,402,0.5398583706201581,0.4577114427860697,0.02484315215398405,-0.08214692783408839,-3.3066225785247076,0.46014162937984193
3305208,São Pedro da Aldeia,RJ,Sudeste,1152,0.5398833034871093,0.5564236111111112,0.014681070700007598,0.016540307624001827,1.1266417798800783,0.46011669651289067
3525201,Jarinu,SP,Sudeste,507,0.5400722193977637,0.4418145956607495,0.022124001086440064,-0.09825762373701424,-4.441223056946826,0.45992778060223627
3111804,Canápolis,MG,Sudeste,97,0.5400886217544275,0.7010309278350515,0.050393329810882806,0.160942306080624,3.19372239708334,0.4599113782455725
2106755,Miranda do Norte,MA,Nordeste,270,0.540170153650454,0.5111111111111111,0.03031829814215053,-0.029059042539342883,-0.9584654917995893,0.45982984634954605
3112901,Caputira,MG,Sudeste,78,0.5403841898209704,0.8333333333333334,0.05636853084768164,0.292949143512363,5.197033506230039,0.45961581017902964
2102606,Cândido Mendes,MA,Nordeste,231,0.5403939028795752,0.4935064935064935,0.03265819958690589,-0.04688740937308172,-1.435700986770898,0.4596060971204248
2200277,Alegrete do Piauí,PI,Nordeste,38,0.5404588673878802,0.5526315789473685,0.08071004203837062,0.012172711559488292,0.1508202852093823,0.4595411326121198
5203609,Brazabrantes,GO,Centro-Oeste,53,0.5404806744904145,0.9056603773584906,0.06817331837092606,0.3651797028680761,5.356636754590116,0.4595193255095855
4214409,Rio das Antas,SC,Sul,64,0.540655388872095,0.46875,0.06225794933542858,-0.07190538887209497,-1.1549591600694822,0.45934461112790503
3132107,Itacarambi,MG,Sudeste,165,0.5407334961668432,0.696969696969697,0.03868545549412404,0.15623620080285383,4.038628957763846,0.4592665038331568
2917201,Ituaçu,BA,Nordeste,191,0.5408226869243331,0.4397905759162304,0.03604046502953727,-0.10103211100810272,-2.8032965425196648,0.4591773130756669
3124104,Esmeraldas,MG,Sudeste,914,0.5408284142704757,0.6925601750547046,0.01644830798883512,0.1517317607842289,9.224764084380125,0.4591715857295243
2413508,Serrinha,RN,Nordeste,56,0.5408573281074024,0.48214285714285715,0.06648928462630128,-0.05871447096454524,-0.8830666669756807,0.4591426718925976
4105201,Cerro Azul,PR,Sul,184,0.5409332048755779,0.5054347826086957,0.03663343170383065,-0.03549842226688227,-0.9690171140360379,0.45906679512442206
5107909,Sinop,MT,Centro-Oeste,2552,0.5412743981861641,0.542319749216301,0.009855740821135384,0.0010453510301369207,0.10606519074600583,0.4587256018138359
3525003,Jandira,SP,Sudeste,912,0.5414014372416617,0.5131578947368421,0.016496829891029675,-0.02824354250481953,-1.7120587828924183,0.4585985627583383
3118007,Congonhas,MG,Sudeste,551,0.5414323647801563,0.7422867513611615,0.02121581402310486,0.20085438658100518,9.467201511206065,0.4585676352198437
3300704,Cabo Frio,RJ,Sudeste,2212,0.541530295889124,0.5524412296564195,0.010592238952389458,0.010910933767295461,1.0300875779274326,0.45846970411087595
2926806,Rio do Antônio,BA,Nordeste,89,0.5415813455256823,0.43820224719101125,0.05275107262309134,-0.10337909833467102,-1.9597534835607813,0.45841865447431773
2506103,Fagundes,PB,Nordeste,60,0.5416705673969483,0.43333333333333335,0.06425759404996191,-0.10833723406361495,-1.685983355980929,0.4583294326030517
3538204,Pinhalzinho,SP,Sudeste,138,0.5416748235925034,0.7898550724637681,0.04239644618551548,0.24818024887126466,5.853798400585144,0.4583251764074966
2605301,Exu,PE,Nordeste,335,0.5416772766503254,0.5552238805970149,0.0271950373674265,0.013546603946689495,0.49812779308460375,0.4583227233496746
2704203,Limoeiro de Anadia,AL,Nordeste,318,0.5419047721418032,0.44654088050314467,0.027903993100837417,-0.09536389163865855,-3.417571502904243,0.4580952278581968
3164472,São Sebastião do Anta,MG,Sudeste,73,0.5420066105458461,0.821917808219178,0.058276066022434896,0.27991119767333195,4.803193090720517,0.4579933894541539
1500131,Abel Figueiredo,PA,Norte,93,0.5421448876348989,0.5483870967741935,0.051634201604973604,0.00624220913929463,0.12089291487550291,0.4578551123651011
2600401,Água Preta,PE,Nordeste,174,0.5421946342117576,0.5574712643678161,0.037657195271872515,0.015276630156058513,0.40567626042689287,0.4578053657882424
2107357,Nova Olinda do Maranhão,MA,Nordeste,164,0.5422525039816173,0.6341463414634146,0.03887055836054917,0.09189383748179736,2.3640987255553036,0.4577474960183827
1600535,Porto Grande,AP,Norte,337,0.5423057655264913,0.685459940652819,0.02707777836935104,0.14315417512632767,5.286776971642618,0.45769423447350865
3170206,Uberlândia,MG,Sudeste,5954,0.5423290816139046,0.6513268390997649,0.006419918970700731,0.10899775748586027,16.978058131777825,0.4576709183860954
1501006,Aveiro,PA,Norte,106,0.5423720524813044,0.6415094339622641,0.0483220872245865,0.09913738148095974,2.051595598927651,0.4576279475186956
3107703,Bom Jesus do Amparo,MG,Sudeste,64,0.5424263139726465,0.90625,0.06208923968506868,0.3638236860273535,5.859689825044619,0.4575736860273535
2605509,Ferreiros,PE,Nordeste,82,0.5424494113884084,0.4146341463414634,0.054996479435614615,-0.12781526504694501,-2.3240626738040695,0.4575505886115916
1711506,Jaú do Tocantins,TO,Norte,32,0.5424611532881376,0.625,0.08801640279029153,0.0825388467118624,0.9377666445710126,0.4575388467118624
2105153,Igarapé do Meio,MA,Nordeste,145,0.5425295802215958,0.7793103448275862,0.041075715638771215,0.2367807646059904,5.764495174917754,0.4574704197784042
4110003,Iguaraçu,PR,Sul,67,0.5425738790486156,0.582089552238806,0.06084727860828543,0.03951567319019034,0.6494238377459594,0.45742612095138435
4323457,Vila Nova do Sul,RS,Sul,32,0.5427237624934063,0.4375,0.08799089995807452,-0.10522376249340626,-1.195848235937384,0.45727623750659374
2105989,Lajeado Novo,MA,Nordeste,78,0.5428491757211067,0.6666666666666666,0.05631592856255681,0.12381749094555994,2.198622913728948,0.4571508242788933
2806701,São Cristóvão,SE,Nordeste,734,0.5428586748067866,0.670299727520436,0.01834251178640896,0.12744105271364936,6.947851755400146,0.4571413251932134
3156700,Sabará,MG,Sudeste,1108,0.5429204419381577,0.7256317689530686,0.014955918837515758,0.18271132701491088,12.216656763113326,0.4570795580618423
4300638,Amaral Ferrador,RS,Sul,41,0.5430791295531672,0.5609756097560976,0.07774062293411801,0.017896480202930443,0.2302075739487832,0.4569208704468328
2500106,Água Branca,PB,Nordeste,87,0.5430820722037364,0.5287356321839081,0.0533369035614115,-0.014346440019828322,-0.2689777445237329,0.4569179277962636
3106606,Bertópolis,MG,Sudeste,40,0.543297907221324,0.85,0.07852989669120813,0.306702092778676,3.9055456036657823,0.456702092778676
3541901,Queluz,SP,Sudeste,95,0.543385256695735,0.6736842105263158,0.05108747568411563,0.13029895383058077,2.550506794194452,0.456614743304265
3135704,Jequitibá,MG,Sudeste,55,0.5434004946818995,0.6727272727272727,0.06708408925357229,0.12932677804537318,1.9278308684571792,0.45659950531810045
3140001,Mariana,MG,Sudeste,601,0.5438653693303099,0.6805324459234608,0.02022113523049053,0.13666707659315092,6.7586253212468925,0.45613463066969007
5221858,Valparaíso de Goiás,GO,Centro-Oeste,2094,0.5438913065012557,0.6427889207258835,0.010881168072223824,0.09889761422462773,9.088878470417345,0.4561086934987443
3113404,Caratinga,MG,Sudeste,855,0.5439593819757199,0.6795321637426901,0.016998644434705425,0.13557278176697019,7.975505475611742,0.4560406180242801
2510303,Nova Palmeira,PB,Nordeste,47,0.5439819701123983,0.7659574468085106,0.07263975829272863,0.22197547669611228,3.055839968541476,0.45601802988760165
3171501,Mathias Lobato,MG,Sudeste,43,0.5440183552099509,0.6744186046511628,0.07568315743930604,0.13040024944121187,1.722975809324368,0.4559816447900491
2614105,Sertânia,PE,Nordeste,302,0.5441803784701639,0.5695364238410596,0.028648753871896332,0.025356045370895752,0.8850662574810754,0.4558196215298361
3518503,Guareí,SP,Sudeste,151,0.5442322596234519,0.6821192052980133,0.04052121207359788,0.1378869456745614,3.402833691749399,0.4557677403765481
1502772,Curionópolis,PA,Norte,271,0.544283383536026,0.7343173431734318,0.03018716583254689,0.19003395963740577,6.29519050220067,0.455716616463974
3152131,Ponto Chique,MG,Sudeste,51,0.5443907557773889,0.7647058823529411,0.06954083226714525,0.2203151265755522,3.168140492325408,0.45560924422261107
3101102,Aimorés,MG,Sudeste,232,0.5445057108608242,0.6293103448275862,0.03253627798604925,0.08480463396676197,2.6064638986402837,0.4554942891391758
2101731,Belágua,MA,Nordeste,108,0.5447971791632005,0.7222222222222222,0.047773215511036166,0.17742504305902174,3.713902050784806,0.4552028208367995
2613008,São Bento do Una,PE,Nordeste,549,0.5448951256447405,0.6429872495446266,0.02124774553638808,0.09809212389988609,4.6165897333388735,0.4551048743552595
4103107,Bocaiúva do Sul,PR,Sul,229,0.544966950021178,0.5764192139737991,0.03286634830540408,0.03145226395262113,0.956974704349785,0.455033049978822
2921005,Mata de São João,BA,Nordeste,636,0.5450178298328826,0.5691823899371069,0.019729224423835158,0.024164560104224297,1.2248104428793838,0.4549821701671174
4316972,Santa Margarida do Sul,RS,Sul,35,0.545067412254661,0.2571428571428571,0.08410557328706376,-0.2879245551118039,-3.423370697790481,0.45493258774533896
5220702,Sítio d'Abadia,GO,Centro-Oeste,34,0.5451412698182879,0.7941176470588235,0.08531882373483274,0.24897637724053556,2.9181881130281813,0.4548587301817121
2604502,Chã Grande,PE,Nordeste,245,0.5453282735019891,0.5836734693877551,0.03175101612338706,0.038345195885766015,1.2076840544804435,0.4546717264980109
2202554,Caridade do Piauí,PI,Nordeste,56,0.5454400935694708,0.5892857142857143,0.0663210710144339,0.04384562071624354,0.6611114694860872,0.45455990643052924
2601102,Araripina,PE,Nordeste,937,0.5454757738837276,0.5229455709711847,0.016263147190996374,-0.02253020291254293,-1.3853531944306654,0.4545242261162724
5104807,Jaciara,MT,Centro-Oeste,348,0.545552951037611,0.5545977011494253,0.026684571833490843,0.00904475011181427,0.3389505429673985,0.45444704896238897
3170750,Varjão de Minas,MG,Sudeste,105,0.5456252898038597,0.9333333333333333,0.048555894149970004,0.38770804352947363,7.984778167857365,0.4543747101961403
1200351,Marechal Thaumaturgo,AC,Norte,136,0.5456493648810727,0.625,0.04258618008249291,0.07935063511892726,1.8632954391593375,0.45435063511892726
2202208,Campo Maior,PI,Nordeste,448,0.5457069459770898,0.5491071428571429,0.02348762820905944,0.003400196880053108,0.14476544203563363,0.4542930540229102
1200336,Mâncio Lima,AC,Norte,215,0.5457523399507157,0.386046511627907,0.033932527206576045,-0.15970582832280872,-4.706570405161514,0.4542476600492843
5007703,Sete Quedas,MS,Centro-Oeste,162,0.5457907209530768,0.5308641975308642,0.03906759412098594,-0.014926523422212568,-0.38206917415972863,0.4542092790469232
4209409,Laguna,SC,Sul,288,0.5460122854231446,0.5208333333333334,0.029251607879825295,-0.025178952089811246,-0.860771558037227,0.4539877145768554
3107505,Bom Jardim de Minas,MG,Sudeste,83,0.5461045823197314,0.6024096385542169,0.054627125469931134,0.05630505623448556,1.0307160728323153,0.45389541768026864
3131505,Ipuiúna,MG,Sudeste,74,0.5462404714062541,0.6351351351351351,0.057659480339172876,0.088894663728881,1.5417180870512888,0.4537595285937459
5106208,Nova Brasilândia,MT,Centro-Oeste,46,0.5465432459539771,0.8043478260869565,0.07325195653949373,0.25780458013297947,3.519422447016611,0.4534567540460229
2515401,São Vicente do Seridó,PB,Nordeste,81,0.5465965907515635,0.5432098765432098,0.05529910179589711,-0.0033867142083536805,-0.06124356632145075,0.4534034092484365
3531100,Mongaguá,SP,Sudeste,748,0.5466657545992483,0.42112299465240643,0.01819804821959287,-0.12554275994684183,-6.89869366384449,0.45333424540075173
4218905,Urubici,SC,Sul,113,0.54675876906295,0.7610619469026548,0.04679924432611027,0.21430317783970487,4.579201671428286,0.45324123093705004
2507804,Junco do Seridó,PB,Nordeste,68,0.5468113099555897,0.7647058823529411,0.060341540658290116,0.21789457239735144,3.6110210316185496,0.4531886900444103
1708205,Formoso do Araguaia,TO,Norte,176,0.5468200769373233,0.45454545454545453,0.0374498585581222,-0.09227462239186873,-2.4639511588183565,0.45317992306267674
4318705,São Leopoldo,RS,Sul,1834,0.546836354277027,0.38440567066521264,0.011620855441198459,-0.1624306836118144,-13.977515203911953,0.45316364572297296
1716505,Pedro Afonso,TO,Norte,231,0.5469459728699885,0.5670995670995671,0.03272548260665213,0.02015359422957863,0.6158379533104883,0.4530540271300115
2202083,Cajueiro da Praia,PI,Nordeste,142,0.5470188713336913,0.6267605633802817,0.04165808467891933,0.07974169204659043,1.9141948714445565,0.4529811286663087
5105200,Juscimeira,MT,Centro-Oeste,138,0.5471800255844028,0.6811594202898551,0.04234853180019057,0.13397939470545228,3.1637317519671218,0.4528199744155972
3534302,Orlândia,SP,Sudeste,293,0.5473076313041569,0.5699658703071673,0.029050882146985132,0.02265823900301034,0.7799501195305969,0.45269236869584306
5106265,Novo Mundo,MT,Centro-Oeste,106,0.5473276935210839,0.6698113207547169,0.048329484253291165,0.12248362723363304,2.53434583724721,0.4526723064789161
2930006,Sebastião Laranjeiras,BA,Nordeste,59,0.5473839417175322,0.423728813559322,0.06478008627430637,-0.12365512815821023,-1.908844758782845,0.45261605828246776
4215208,Romelândia,SC,Sul,41,0.5475839922619278,0.7804878048780488,0.0776739636851505,0.23290381261612103,2.9984798195723714,0.4524160077380722
2109809,Santa Helena,MA,Nordeste,200,0.5475868191384958,0.725,0.035171495011211855,0.17741318086150415,5.044232006769941,0.45241318086150417
1506005,Prainha,PA,Norte,452,0.547941098617077,0.4446902654867257,0.02334151608555524,-0.10325083313035127,-4.42348443656783,0.45205890138292304
3539301,Pirassununga,SP,Sudeste,460,0.5480985670548432,0.5673913043478261,0.023195274799983057,0.019292737292982975,0.8317529091311765,0.45190143294515683
4208203,Itajaí,SC,Sul,2165,0.5482610909368397,0.5584295612009238,0.010689254756441554,0.010168470264084073,0.951279625734091,0.4517389090631603
3537602,Peruíbe,SP,Sudeste,715,0.5486289969901135,0.4727272727272727,0.018601558320030413,-0.07590172426284075,-4.080396005377073,0.45137100300988653
1200393,Porto Walter,AC,Norte,87,0.5486444746501263,0.40229885057471265,0.05317297328554502,-0.14634562407541368,-2.7522557990037675,0.45135552534987367
2931004,Tanhaçu,BA,Nordeste,97,0.5486616388327313,0.4742268041237113,0.050404701714119454,-0.07443483470902001,-1.4767438786006981,0.45133836116726866
3513801,Diadema,SP,Sudeste,3765,0.5486814988400109,0.6,0.00810707405839222,0.05131850115998904,6.33008910370882,0.45131850115998906
1200179,Capixaba,AC,Norte,151,0.5487549641257646,0.3576158940397351,0.04041755257808801,-0.19113907008602954,-4.729110445684278,0.45124503587423537
3129509,Ibiá,MG,Sudeste,204,0.5488444949573561,0.7794117647058824,0.034829827776118344,0.23056726974852626,6.619822275050656,0.4511555050426439
1301654,Guajará,AM,Norte,158,0.5489885330327229,0.5506329113924051,0.03952401742360341,0.0016443783596822303,0.041604534834058175,0.4510114669672771
1200427,Rodrigues Alves,AC,Norte,143,0.5490387845954487,0.4125874125874126,0.041542631374793235,-0.13645137200803614,-3.2846107117526153,0.45096121540455125
4302907,Cacequi,RS,Sul,71,0.5490449232422061,0.4647887323943662,0.05888849678106486,-0.08425619084783992,-1.4307750316855066,0.4509550767577939
3509601,Campo Limpo Paulista,SP,Sudeste,846,0.5491242374259898,0.4905437352245863,0.017099849636924642,-0.05858050220140354,-3.4257904861869344,0.4508757625740102
3139607,Mantena,MG,Sudeste,222,0.5491454489762816,0.7162162162162162,0.03330349365330789,0.16707076723993464,5.016613841753513,0.4508545510237184
2602209,Bom Jardim,PE,Nordeste,297,0.5493748904132165,0.6936026936026936,0.028857565643021655,0.14422780318947703,4.997919955329088,0.4506251095867835
3551405,Serra Azul,SP,Sudeste,91,0.5493982344766484,0.46153846153846156,0.05211357696721251,-0.08785977293818681,-1.6859286591182212,0.4506017655233516
3134509,Itutinga,MG,Sudeste,32,0.5494220768080973,0.78125,0.08777690611556041,0.2318279231919027,2.6411038330138417,0.4505779231919027
1600154,Pedra Branca do Amapari,AP,Norte,184,0.5495555244206978,0.44565217391304346,0.0366374672239369,-0.10390335050765431,-2.835986174278161,0.45044447557930223
5107578,Rondolândia,MT,Centro-Oeste,57,0.5495684078902818,0.5087719298245614,0.06575528647130346,-0.0407964780657204,-0.6204288697536822,0.45043159210971817
2205409,Joaquim Pires,PI,Nordeste,187,0.5496685204426635,0.8128342245989305,0.03632726634876786,0.26316570415626706,7.244302437449799,0.45033147955733654
4205209,Erval Velho,SC,Sul,49,0.5496706914255376,0.5918367346938775,0.07104420049549001,0.04216604326833995,0.5935184430855367,0.4503293085744624
3112059,Cantagalo,MG,Sudeste,36,0.5497637251858815,0.6666666666666666,0.08276464123477853,0.11690294148078517,1.412474454509704,0.45023627481411854
3516309,Francisco Morato,SP,Sudeste,2160,0.549784805736333,0.5097222222222222,0.010702254517930387,-0.04006258351411085,-3.7433779440575474,0.45021519426366696
4315602,Rio Grande,RS,Sul,1518,0.5498095030545561,0.4420289855072464,0.01276526664799616,-0.10778051754730972,-8.443264094622627,0.4501904969454439
3153509,Alto Jequitibá,MG,Sudeste,80,0.549863594536778,0.7875,0.055614034929091914,0.23763640546322196,4.272957460580035,0.450136405463222
3150158,Piedade de Caratinga,MG,Sudeste,141,0.5499604519900225,0.7375886524822695,0.04175772749359607,0.18762820049224693,4.493256979106955,0.4500395480099775
5100805,Apiacás,MT,Centro-Oeste,128,0.5500228776288296,0.7421875,0.0438357307794581,0.19216462237117038,4.383744013256437,0.4499771223711704
3550605,São Roque,SP,Sudeste,725,0.55002882539543,0.5158620689655172,0.018474753739198147,-0.03416675642991274,-1.8493754727252816,0.44997117460457003
1703107,Barrolândia,TO,Norte,68,0.5502100407125522,0.5,0.06027712513697048,-0.050210040712552195,-0.8329866528713441,0.4497899592874478
3162252,São João da Lagoa,MG,Sudeste,51,0.5504918818719753,0.7843137254901961,0.06961013973512374,0.23382184361822078,3.3590198857227613,0.4495081181280247
3513405,Cruzeiro,SP,Sudeste,451,0.5507140020406989,0.5631929046563193,0.02341910425147687,0.012478902615620457,0.5328514054859081,0.44928599795930113
5107065,Querência,MT,Centro-Oeste,396,0.550734598330972,0.7449494949494949,0.024952829688939252,0.19421489661852287,7.783281457036987,0.44926540166902795
3148707,Pedra Azul,MG,Sudeste,215,0.5510793895467883,0.6046511627906976,0.03388848708706386,0.05357177324390938,1.5808251665610402,0.44892061045321174
3132206,Itaguara,MG,Sudeste,142,0.5510795078119306,0.9084507042253521,0.04172582461079874,0.3573711964134215,8.564748563912936,0.4489204921880694
2614808,Tacaratu,PE,Nordeste,151,0.5512954820756573,0.7417218543046358,0.04042851183719724,0.1904263722289785,4.7101998954552675,0.44870451792434274
3135803,Jequitinhonha,MG,Sudeste,172,0.5513048020503891,0.6162790697674418,0.036922541677362246,0.06497426771705272,1.7597452603564778,0.4486951979496109
2508208,Lagoa de Dentro,PB,Nordeste,68,0.5513132553136032,0.4411764705882353,0.06026218421249583,-0.11013678472536792,-1.8276268304017134,0.4486867446863968
4304606,Canoas,RS,Sul,2553,0.5513321791761557,0.44026635330983155,0.009837098142981783,-0.11106582586632419,-11.290507043031122,0.44866782082384427
3540200,Pontal,SP,Sudeste,376,0.5513371558560142,0.6462765957446809,0.025637621613799903,0.09493943988866671,3.7031297722860486,0.44866284414398583
4213351,Ponte Alta do Norte,SC,Sul,47,0.5514156739289399,0.7021276595744681,0.072517747448091,0.15071198564552823,2.0782772624509542,0.44858432607106014
3131703,Itabira,MG,Sudeste,989,0.5515629154180619,0.6976744186046512,0.01577017968277189,0.14611150318658928,9.265049994719375,0.4484370845819381
3111507,Campos Altos,MG,Sudeste,155,0.5516387745522215,0.6709677419354839,0.03990312258364857,0.11932896738326237,2.990466902260947,0.44836122544777846
3534401,Osasco,SP,Sudeste,6664,0.5517502935623135,0.4918967587034814,0.006088611024268474,-0.05985353485883216,-9.830408712309447,0.44824970643768647
2402709,Cerro Corá,RN,Nordeste,99,0.5517683617592326,0.40404040404040403,0.049948002347067554,-0.14772795771882857,-2.9576349558953217,0.4482316382407674
2109601,Rosário,MA,Nordeste,388,0.5517801777073827,0.5721649484536082,0.025240538449277684,0.020384770746225467,0.8076202806524844,0.44821982229261725
3551504,Serrana,SP,Sudeste,493,0.5517802300893228,0.4462474645030426,0.022376497037874952,-0.10553276558628016,-4.7162326349675325,0.44821976991067725
3507506,Botucatu,SP,Sudeste,1152,0.551815585156605,0.5720486111111112,0.014643986954332907,0.020233025954506156,1.381661020158144,0.448184414843395
2609600,Olinda,PE,Nordeste,2716,0.551946341656588,0.6248159057437408,0.009539172974660618,0.07286956408715284,7.6389813121871155,0.44805365834341204
3166709,Serra dos Aimorés,MG,Sudeste,84,0.5519522676664406,0.6547619047619048,0.05421093178019887,0.1028096370954642,1.8964742667089987,0.44804773233355943
3171204,Vespasiano,MG,Sudeste,1460,0.5519586156394085,0.7061643835616438,0.012960042403338257,0.15420576792223528,11.898554273442413,0.4480413843605915
3122454,Divisópolis,MG,Sudeste,78,0.5520036654186076,0.717948717948718,0.05568337094095517,0.16594505253011038,2.9801545726474266,0.44799633458139243
3517208,Guaiçara,SP,Sudeste,126,0.5520671219612059,0.6031746031746031,0.04418945789293948,0.051107481213397254,1.1565537042164784,0.4479328780387941
3528403,Mairinque,SP,Sudeste,466,0.5521736018378077,0.49356223175965663,0.023032200312291112,-0.05861137007815109,-2.544757742788178,0.4478263981621923
4304101,Campos Borges,RS,Sul,43,0.5523451735943563,0.3023255813953488,0.07475100322453959,-0.2500195921990075,-3.3446988189307665,0.4476548264056437
2513208,Santa Cruz,PB,Nordeste,60,0.5523527353541798,0.8666666666666667,0.0641386698206184,0.31431393131248686,4.900537104862839,0.44764726464582016
3201308,Cariacica,ES,Sudeste,4438,0.5523615872958353,0.6471383506083822,0.007463741703191321,0.09477676331254692,12.69829089503762,0.4476384127041647
2803005,Itabaianinha,SE,Nordeste,469,0.5524311717701537,0.5863539445628998,0.022947310741268385,0.033922772792746136,1.4782896861085995,0.44756882822984634
2208106,Pimenteiras,PI,Nordeste,68,0.5526403358980696,0.6176470588235294,0.06020609656731789,0.06500672292545984,1.0797365488190096,0.4473596641019304
3125101,Extrema,MG,Sudeste,725,0.5526472930908102,0.6924137931034483,0.01846215837670535,0.13976650001263813,7.57043121182346,0.4473527069091898
2207850,Pavussu,PI,Nordeste,40,0.5527527020033915,0.9,0.07855277987234752,0.3472472979966085,4.42056027248054,0.44724729799660845
3523909,Itu,SP,Sudeste,1577,0.5527874358994249,0.6195307545973368,0.012504492027492648,0.06674331869791184,5.337547383065903,0.4472125641005751
3520103,Igarapava,SP,Sudeste,209,0.5527949438731242,0.5598086124401914,0.0343661829864816,0.007013668567067199,0.20408634179204949,0.4472050561268758
2106904,Monção,MA,Nordeste,245,0.5529906958948709,0.35918367346938773,0.03163622700009422,-0.1938070224254832,-6.126110500626576,0.44700930410512907
1301001,Carauari,AM,Norte,340,0.5529958148287836,0.5941176470588235,0.026774850532666077,0.041121832230039956,1.5358379752622766,0.44700418517121643
3545308,Salto de Pirapora,SP,Sudeste,468,0.5533029866539836,0.46794871794871795,0.02297356695044598,-0.08535426870526563,-3.715325046797257,0.4466970133460164
2206407,Monsenhor Gil,PI,Nordeste,122,0.5535036654174844,0.4180327868852459,0.04499097489946106,-0.1354708785322385,-3.0110678604979793,0.4464963345825156
4204806,Curitibanos,SC,Sul,412,0.5535520118491425,0.5679611650485437,0.024474915500469537,0.01440915319940117,0.5887314789350239,0.4464479881508575
2600203,Afrânio,PE,Nordeste,172,0.5535587602011136,0.5988372093023255,0.03787055189059615,0.045278449101211926,1.195611018081183,0.4464412397988864
2208650,Queimada Nova,PI,Nordeste,89,0.5535802568336489,0.6741573033707865,0.052582319121464785,0.12057704653713763,2.2931100900781023,0.44641974316635114
1508357,Vitória do Xingu,PA,Norte,263,0.5536030570218602,0.6958174904942965,0.030636372284382433,0.14221443347243634,4.642012838606655,0.4463969429781398
3555406,Ubatuba,SP,Sudeste,972,0.5536104107446705,0.3683127572016461,0.015939555274521552,-0.18529765354302447,-11.625020293960894,0.44638958925532946
1505536,Parauapebas,PA,Norte,2854,0.5536483092592255,0.5059565522074282,0.009302505829431804,-0.04769175705179729,-5.126764543474659,0.4463516907407745
2933257,Vereda,BA,Nordeste,53,0.5536534679934113,0.3584905660377358,0.06823575876557887,-0.19516290195567548,-2.860126500917936,0.4463465320065887
1302603,Manaus,AM,Norte,23125,0.5536792551165501,0.5196108108108108,0.0032641895566879967,-0.0340684443057393,-10.437029992923197,0.44632074488344986
2504306,Catolé do Rocha,PB,Nordeste,221,0.5538080973654952,0.4660633484162896,0.033422115211299605,-0.08774474894920559,-2.625349963473891,0.4461919026345048
2601409,Barreiros,PE,Nordeste,421,0.5538641169243708,0.5273159144893111,0.024207819742757493,-0.02654820243505962,-1.0966787888034537,0.44613588307562924
4311775,Maquiné,RS,Sul,50,0.5538759353716189,0.38,0.07022365747233493,-0.17387593537161894,-2.476030751319361,0.44612406462838106
3554102,Taubaté,SP,Sudeste,2159,0.5539791487245045,0.540064844835572,0.010693662746214722,-0.013914303888932444,-1.3011728739863004,0.4460208512754955
3144805,Nova Lima,MG,Sudeste,855,0.5540009278369205,0.7976608187134503,0.0169943998439135,0.24365989087652984,14.33765788226973,0.44599907216307955
3543105,Ribeirão Corrente,SP,Sudeste,59,0.5540961445111661,0.7457627118644068,0.06460985324602482,0.19166656735324072,2.966522252007022,0.44590385548883393
3144706,Nova Era,MG,Sudeste,177,0.5541571481635049,0.7231638418079096,0.03735004854528203,0.16900669364440468,4.52493906238184,0.4458428518364951
2702504,Dois Riachos,AL,Nordeste,83,0.5541808507783184,0.6385542168674698,0.05449304723032632,0.08437336608915147,1.5483326842143676,0.44581914922168164
3513009,Cotia,SP,Sudeste,2899,0.5542073780873721,0.4946533287340462,0.009229558616344367,-0.059554049353325866,-6.452534929228714,0.4457926219126279
3506706,Boa Esperança do Sul,SP,Sudeste,141,0.5543124622830486,0.5531914893617021,0.041778511292995424,-0.001120972921346497,-0.026831327557007494,0.44568753771695135
1508084,Tucumã,PA,Norte,467,0.554360585944649,0.48822269807280516,0.022996126791573136,-0.06613788787184383,-2.8760446692301187,0.445639414055351
5103908,General Carneiro,MT,Centro-Oeste,64,0.5544852040972068,0.625,0.06139006490204875,0.07051479590279319,1.1486353046751694,0.4455147959027932
2609709,Orobó,PE,Nordeste,94,0.5545167677519952,0.9148936170212766,0.05122061835997969,0.3603768492692814,7.035777013400044,0.4454832322480048
2919959,Maetinga,BA,Nordeste,38,0.554567920890153,0.47368421052631576,0.08036636198135762,-0.08088371036383729,-1.0064373746642865,0.44543207910984695
1501576,Bom Jesus do Tocantins,PA,Norte,178,0.5545716289038138,0.5280898876404494,0.03724399441900836,-0.026481741263364444,-0.711033864022084,0.44542837109618616
2106631,Matões do Norte,MA,Nordeste,68,0.5546175972528911,0.5735294117647058,0.06022576024650211,0.018911814511814784,0.31401537206685864,0.44538240274710894
3552403,Sumaré,SP,Sudeste,2702,0.5546604878570599,0.5810510732790526,0.009553572765682083,0.026390585421992685,2.7623786482049693,0.4453395121429401
2603306,Calçado,PE,Nordeste,59,0.5546756447138287,0.4067796610169492,0.06466823040956227,-0.1478959836968795,-2.2869959910795803,0.4453243552861713
4213500,Porto Belo,SC,Sul,255,0.5546806556064781,0.6274509803921569,0.031105126993645395,0.0727703247856788,2.3394961480319747,0.44531934439352194
3502754,Araçariguama,SP,Sudeste,226,0.5547719541462753,0.5442477876106194,0.03305282335410103,-0.01052416653565591,-0.3184044649653242,0.44522804585372466
3150307,Piedade do Rio Grande,MG,Sudeste,55,0.5547748596809069,0.6363636363636364,0.066980350557814,0.08158877668272946,1.2181001742041677,0.4452251403190931
3301306,Casimiro de Abreu,RJ,Sudeste,500,0.5550449858257452,0.588,0.02221904133630293,0.032955014174254726,1.48318794116516,0.44495501417425476
3505401,Barra do Turvo,SP,Sudeste,55,0.5550794978835439,0.34545454545454546,0.06699158990151735,-0.20962495242899848,-3.1291234129114245,0.44492050211645606
3522208,Itapecerica da Serra,SP,Sudeste,1878,0.5551124582127477,0.5537806176783813,0.01146124589129645,-0.001331840534366413,-0.11620381824089462,0.4448875417872523
1100700,Campo Novo de Rondônia,RO,Norte,163,0.55533595702456,0.7239263803680982,0.03880496877919666,0.16859042334353824,4.34455763391619,0.44466404297544004
2600807,Altinho,PE,Nordeste,111,0.5553910986135631,0.6846846846846847,0.047148379061274046,0.12929358607112162,2.7422700132085485,0.44460890138643694
5008404,Vicentina,MS,Centro-Oeste,92,0.5555218338438574,0.5434782608695652,0.0516130970120975,-0.01204357297429226,-0.23334335026377878,0.44447816615614255
1301902,Itacoatiara,AM,Norte,1148,0.5555270246452534,0.5034843205574913,0.014286940731951216,-0.052042704087762126,-3.6426765578563773,0.4444729753547466
3506003,Bauru,SP,Sudeste,2786,0.5555720364690426,0.5997846374730796,0.009410414610725216,0.04421260100403701,4.698262811252453,0.44442796353095737
5103379,Cotriguaçu,MT,Centro-Oeste,142,0.5557083399409618,0.6267605633802817,0.04164761326464568,0.07105222343931994,1.7060335003551235,0.4442916600590382
3140704,Mateus Leme,MG,Sudeste,415,0.5558148039624969,0.7566265060240964,0.02437369850390339,0.20081170206159948,8.238868714546541,0.44418519603750306
3506607,Biritiba-Mirim,SP,Sudeste,302,0.5558437669622834,0.5231788079470199,0.028577797226825727,-0.03266495901526356,-1.1430187832882113,0.44415623303771656
3556800,Viradouro,SP,Sudeste,159,0.5558771569565585,0.6037735849056604,0.03937972770579828,0.04789642794910187,1.2162711816326144,0.4441228430434415
3127305,Galiléia,MG,Sudeste,68,0.5559977749992119,0.6323529411764706,0.06022414026833675,0.07635516617725868,1.2678498329249364,0.4440022250007881
3171006,Vazante,MG,Sudeste,174,0.5560282520913991,0.6551724137931034,0.037615607345860766,0.09914416170170437,2.635718753391715,0.44397174790860094
4317301,Santa Vitória do Palmar,RS,Sul,253,0.5560548986755767,0.4624505928853755,0.03115108018854408,-0.09360430579020118,-3.004849437761214,0.44394510132442333
3304557,Rio de Janeiro,RJ,Sudeste,43411,0.55627712738382,0.6428785330906913,0.00238416400305218,0.08660140570687136,36.323594180603855,0.44372287261618004
2209401,Santo Antônio de Lisboa,PI,Nordeste,32,0.5563869030655016,0.5625,0.0876726829830904,0.006113096934498352,0.06972635861591457,0.44361309693449835
3167202,Sete Lagoas,MG,Sudeste,1673,0.5565294664133312,0.7172743574417214,0.012114665754715263,0.16074489102839018,13.268619562683778,0.44347053358666877
2609154,Manari,PE,Nordeste,174,0.5565375332205703,0.5287356321839081,0.037410927449868514,-0.027801901036662247,-0.7431492061755866,0.4434624667794297
1502939,Dom Eliseu,PA,Norte,510,0.5566528644552389,0.6941176470588235,0.02194524586151469,0.13746478260358463,6.263989178843341,0.44334713554476113
3156007,Rio Vermelho,MG,Sudeste,103,0.556666236619991,0.6407766990291263,0.048053884434093315,0.08411046240913522,1.7503363859064107,0.44333376338000896
3302700,Maricá,RJ,Sudeste,1946,0.5568635402997083,0.5976361767728674,0.011258623641126479,0.040772636473159096,3.6214583392077575,0.4431364597002917
2202752,Colônia do Gurguéia,PI,Nordeste,64,0.5568907140206153,0.890625,0.061997158194382535,0.3337342859793847,5.383057799730309,0.4431092859793847
3120003,Córrego Novo,MG,Sudeste,32,0.5569712637060616,0.625,0.08745959781105414,0.06802873629393835,0.7778304268092587,0.44302873629393835
3102704,Cachoeira de Pajeú,MG,Sudeste,59,0.5570136742726712,0.7796610169491526,0.06462399653045071,0.22264734267648134,3.445273499474306,0.44298632572732877
3125705,Felixlândia,MG,Sudeste,108,0.5570180981199668,0.75,0.047755737965624157,0.19298190188003317,4.041020201990108,0.44298190188003317
3535606,Paraibuna,SP,Sudeste,183,0.5570241313102647,0.5846994535519126,0.036709249702745854,0.027675322241647815,0.7539059628227078,0.44297586868973526
2203701,Esperantina,PI,Nordeste,414,0.5570468720673497,0.7294685990338164,0.02438548379918995,0.17242172696646674,7.070670747659898,0.4429531279326503
3525706,José Bonifácio,SP,Sudeste,320,0.5570685429893865,0.59375,0.027761993650203577,0.03668145701061354,1.3212832432999477,0.44293145701061354
1721000,Palmas,TO,Norte,2964,0.5571067316664731,0.5745614035087719,0.009122380096312369,0.017454671842298874,1.9133901085041118,0.44289326833352693
4205803,Garuva,SC,Sul,230,0.5571500036432042,0.6739130434782609,0.032739302954644514,0.11676303983505665,3.5664485586884562,0.4428499963567958
3122900,Dona Eusébia,MG,Sudeste,69,0.5572424678802961,0.9565217391304348,0.059722325726230555,0.39927927125013873,6.685594815587898,0.4427575321197039
4205308,Faxinal dos Guedes,SC,Sul,129,0.5572712168195285,0.6666666666666666,0.04372527833472451,0.10939544984713812,2.5018811546423367,0.4427287831804715
3522505,Itapevi,SP,Sudeste,3253,0.5572807976753678,0.5561020596372579,0.008705574628119135,-0.001178738038109861,-0.13540037142436523,0.44271920232463224
3519709,Ibiúna,SP,Sudeste,963,0.5572831047144323,0.5316718587746625,0.015990274065061268,-0.025611245939769822,-1.6016764838152693,0.4427168952855677
2704005,Junqueiro,AL,Nordeste,272,0.557444768535349,0.5698529411764706,0.030035444588447386,0.012408172641121595,0.4131176618538946,0.44255523146465103
3502903,Araçoiaba da Serra,SP,Sudeste,374,0.5574865545896192,0.5641711229946524,0.02567341382549127,0.0066845684050332865,0.2603692851472733,0.44251344541038085
2107407,Olho d'Água das Cunhãs,MA,Nordeste,141,0.5575503193616501,0.5886524822695035,0.04179461803744597,0.031102162907853392,0.7441666982095003,0.4424496806383499
3302908,Miguel Pereira,RJ,Sudeste,223,0.5575723417554357,0.7040358744394619,0.03324207726650317,0.14646353268402623,4.405968120157527,0.4424276582445643
5201405,Aparecida de Goiânia,GO,Centro-Oeste,5449,0.5576011378088032,0.6935217471095614,0.00672640645314832,0.13592060930075822,20.20701696329101,0.44239886219119684
3146701,Palma,MG,Sudeste,33,0.5576747620047405,0.7575757575757576,0.08635411875863377,0.19990099557101704,2.3148982173016583,0.44232523799525947
3520905,Ipaussu,SP,Sudeste,140,0.5577379319841917,0.55,0.04191937641872358,-0.007737931984191704,-0.18459081802408453,0.44226206801580825
3522802,Itaporanga,SP,Sudeste,122,0.5578445161699721,0.7049180327868853,0.044943018510063416,0.14707351661691315,3.2724441190789437,0.4421554838300279
3160702,Santos Dumont,MG,Sudeste,306,0.5580341701886468,0.7254901960784313,0.028317952885999094,0.1674560258897846,5.913422716815729,0.44196582981135324
3531803,Monte Mor,SP,Sudeste,754,0.5580352442784265,0.47214854111405835,0.018081508189439915,-0.0858867031643682,-4.749974518968961,0.44196475572157345
4216057,São Cristovão do Sul,SC,Sul,50,0.558069974810953,0.5,0.07018766148921998,-0.058069974810952996,-0.827353035830548,0.441930025189047
2200905,Aroazes,PI,Nordeste,30,0.5581456211715401,0.3,0.09051491701665655,-0.2581456211715401,-2.851967716260914,0.4418543788284599
3515707,Ferraz de Vasconcelos,SP,Sudeste,1961,0.5582136705572889,0.6522182559918409,0.011203410127633994,0.09400458543455203,8.390711788965321,0.4417863294427111
3527603,Luís Antônio,SP,Sudeste,123,0.5582162675492621,0.43089430894308944,0.04472110766073063,-0.12732195860617268,-2.84702158032578,0.4417837324507379
1715754,Palmeirópolis,TO,Norte,81,0.5582537627172681,0.7777777777777778,0.055132080645843164,0.21952401506050967,3.981783609268904,0.4417462372827319
2509057,Marcação,PB,Nordeste,129,0.5583449238443079,0.21705426356589147,0.04318540479988815,-0.3412906602784164,-7.9029167807939675,0.4416550761556921
3540903,Pradópolis,SP,Sudeste,191,0.5584462126208928,0.6282722513089005,0.03591778575349113,0.06982603868800774,1.9440518735546164,0.4415537873791072
4323804,Xangri-lá,RS,Sul,204,0.5585090132149172,0.3872549019607843,0.03473635308816248,-0.17125411125413287,-4.9301120016681645,0.4414909867850828
1101450,Parecis,RO,Norte,59,0.5586511789410699,0.6949152542372882,0.06455384561295942,0.1362640752962183,2.110859144057915,0.44134882105893014
3170479,Uruana de Minas,MG,Sudeste,35,0.5587599720352082,0.8,0.08364693750842819,0.24124002796479183,2.8840270206005414,0.4412400279647918
3553302,Tambaú,SP,Sudeste,189,0.5587645432936291,0.6031746031746031,0.036100147803066994,0.04441005988097402,1.2301905278404714,0.4412354567063709
3170529,Urucuia,MG,Sudeste,95,0.5587903862609682,0.6736842105263158,0.05091008019356187,0.11489382426534755,2.2567991216772256,0.4412096137390318
3507100,Bom Jesus dos Perdões,SP,Sudeste,292,0.5588729936999927,0.5376712328767124,0.029040656653490208,-0.02120176082328029,-0.7300716742137506,0.44112700630000734
2612307,Saloá,PE,Nordeste,164,0.5588855993819157,0.7865853658536586,0.03870170242556706,0.22769976647174284,5.8834560807671386,0.44111440061808427
2100501,Alto Parnaíba,MA,Nordeste,156,0.5589541787214802,0.5256410256410257,0.03962063188800887,-0.03331315308045457,-0.8408031748362083,0.44104582127851977
3138401,Leopoldina,MG,Sudeste,400,0.5589628331218559,0.6575,0.024808988590861634,0.09853716687814407,3.971833294100515,0.4410371668781441
5202155,Araguapaz,GO,Centro-Oeste,93,0.5589680313836164,0.6881720430107527,0.051454091288712,0.12920401162713635,2.5110541920207057,0.4410319686163836
5200050,Abadia de Goiás,GO,Centro-Oeste,319,0.5590133425736817,0.64576802507837,0.027784642546040864,0.08675468250468821,3.122396927040913,0.44098665742631826
3515152,Engenheiro Coelho,SP,Sudeste,181,0.5590334870262037,0.48066298342541436,0.03689372887432121,-0.07837050360078934,-2.1242228961935266,0.4409665129737963
2608305,Jupi,PE,Nordeste,234,0.5590648984111244,0.688034188034188,0.03244491681775207,0.12896928962306364,3.9750229703932773,0.4409351015888756
2102036,Bom Jesus das Selvas,MA,Nordeste,405,0.5591247357619671,0.6320987654320988,0.024641490801756944,0.07297402967013167,2.961429170711076,0.4408752642380329
3120102,Couto de Magalhães de Minas,MG,Sudeste,50,0.5592152902042676,0.78,0.07012880659605135,0.2207847097957324,3.1482741616790015,0.44078470979573237
2604106,Caruaru,PE,Nordeste,3085,0.559222178620579,0.5831442463533225,0.008937616004740167,0.023922067732743524,2.6765602505249926,0.440777821379421
3526605,Lavrinhas,SP,Sudeste,83,0.5595275013566287,0.4578313253012048,0.05446692344078311,-0.10169617605542386,-1.867118053142634,0.44047249864337135
3536208,Pariquera-Açu,SP,Sudeste,173,0.5595340985758025,0.6127167630057804,0.037721139724753695,0.05318266442997788,1.4098901787709741,0.4404659014241975
2910107,Dom Basílio,BA,Nordeste,124,0.55957864372374,0.4274193548387097,0.044551889168913845,-0.1321592888850303,-2.966412678572667,0.44042135627626
4202800,Braço do Norte,SC,Sul,390,0.5595859855177839,0.5923076923076923,0.025109381539846536,0.03272170678990838,1.3031665769219247,0.44041401448221607
3530508,Mococa,SP,Sudeste,507,0.5596578787933922,0.7080867850098619,0.022023106129356033,0.14842890621646965,6.739689912251709,0.44034212120660776
3136504,Jordânia,MG,Sudeste,86,0.5596844978245537,0.5581395348837209,0.05311572222667908,-0.0015449629408327281,-0.029086735077033757,0.44031550217544635
1200708,Xapuri,AC,Norte,205,0.5598735834052547,0.5219512195121951,0.034482576709066966,-0.037922363893059585,-1.0997543545836048,0.4401264165947453
2707800,Roteiro,AL,Nordeste,101,0.5599149147758017,0.46534653465346537,0.04934001174919234,-0.09456838012233632,-1.9166671585538146,0.4400850852241983
1200500,Sena Madureira,AC,Norte,482,0.559940491481697,0.6556016597510373,0.022520034354554592,0.09566116826934035,4.24782514818825,0.440059508518303
3118601,Contagem,MG,Sudeste,4601,0.5600089588434919,0.7061508367746142,0.007295745684668106,0.14614187793112232,20.03110912133864,0.4399910411565081
3520400,Ilhabela,SP,Sudeste,410,0.5601927741056462,0.43414634146341463,0.02450988659662243,-0.12604643264223153,-5.142677104821908,0.43980722589435384
5205455,Cezarina,GO,Centro-Oeste,101,0.5602008109532556,0.7029702970297029,0.04926278720064355,0.14276948607644735,2.898120349848623,0.4397991890467444
3507605,Bragança Paulista,SP,Sudeste,1425,0.5602149200796667,0.5340350877192982,0.013145235635382916,-0.02617983236036847,-1.9915833452159994,0.43978507992033333
5106182,Nova Lacerda,MT,Centro-Oeste,121,0.5602295003123465,0.6776859504132231,0.04505167656974303,0.11745645010087657,2.6071493681050044,0.43977049968765347
3116803,Coluna,MG,Sudeste,77,0.5602880521036965,0.9090909090909091,0.05646948110793812,0.3488028569872126,6.176838358413392,0.4397119478963035
3149002,Pedra Dourada,MG,Sudeste,35,0.5603100159242174,0.8,0.08385754609823037,0.23968998407578268,2.8582995237543782,0.43968998407578264
2509701,Monteiro,PB,Nordeste,300,0.5603293790367705,0.61,0.028640247836820544,0.049670620963229495,1.7342943834226123,0.4396706209632295
3170800,Várzea da Palma,MG,Sudeste,302,0.5603515978792686,0.7086092715231788,0.028543378951530498,0.14825767364391018,5.194117833619716,0.4396484021207314
3512001,Colina,SP,Sudeste,188,0.5603946708494225,0.5797872340425532,0.036186970638673786,0.019392563193130652,0.5358990501516423,0.4396053291505775
3554805,Tremembé,SP,Sudeste,312,0.5604746814325927,0.5384615384615384,0.028097024625557243,-0.022013142971054278,-0.7834688286186351,0.4395253185674073
3547700,Santo Anastácio,SP,Sudeste,87,0.5605483809965934,0.7931034482758621,0.05310089092298452,0.23255506727926867,4.379494641936565,0.43945161900340657
3169406,Três Pontas,MG,Sudeste,540,0.560619171635111,0.8203703703703704,0.021349519924488827,0.2597511987352594,12.166606071423345,0.439380828364889
1718204,Porto Nacional,TO,Norte,713,0.5607371854048603,0.4431977559607293,0.018585026865523914,-0.11753942944413098,-6.3244153637556515,0.4392628145951397
2601201,Arcoverde,PE,Nordeste,670,0.5607554149504168,0.7029850746268657,0.019163915153093205,0.14222965967644885,7.421743341077769,0.4392445850495832
3541059,Pratânia,SP,Sudeste,82,0.5607711737971419,0.573170731707317,0.054784444086896505,0.012399557910175107,0.22633355356326174,0.4392288262028581
3509403,Cajuru,SP,Sudeste,218,0.5607915975765411,0.5504587155963303,0.033597741128069035,-0.010332881980210762,-0.3075469252776109,0.43920840242345893
2501534,Baraúna,PB,Nordeste,59,0.5607972742556919,0.8983050847457628,0.0645761034787778,0.33750781049007084,5.226512476104863,0.4392027257443081
3546801,Santa Isabel,SP,Sudeste,506,0.5611059999358013,0.6758893280632411,0.022052532346240983,0.11478332812743974,5.204995341362935,0.43889400006419865
3304300,Rio Bonito,RJ,Sudeste,528,0.5611140730363694,0.571969696969697,0.02158607120823093,0.010855623933327618,0.5028994775662691,0.4388859269636306
3301603,Duas Barras,RJ,Sudeste,138,0.5611471459621478,0.6521739130434783,0.04219783361624059,0.0910267670813305,2.157143134625215,0.43885285403785224
3511003,Castilho,SP,Sudeste,209,0.5611653987273456,0.45933014354066987,0.034320671283875455,-0.10183525518667574,-2.9671696787154627,0.4388346012726544
3115706,Central de Minas,MG,Sudeste,55,0.5611858876628352,0.7272727272727273,0.06688312155678573,0.16608683960989212,2.4832399526819264,0.43881411233716483
2514305,São José de Caiana,PB,Nordeste,57,0.5612572065336743,0.5263157894736842,0.0656745240039033,-0.0349414170599901,-0.5320391367878569,0.4387427934663257
4104253,Campo Magro,PR,Sul,345,0.5612692193237458,0.5797101449275363,0.026706992702057387,0.018440925603790403,0.6904905321807272,0.43873078067625415
4301305,Arroio Grande,RS,Sul,116,0.5612811399014299,0.4482758620689655,0.04601264593060192,-0.11300527783246439,-2.455961302527644,0.4387188600985701
3160306,Santo Antônio do Jacinto,MG,Sudeste,101,0.5613115512191459,0.6534653465346535,0.049356446652669264,0.0921537953155076,1.8671075728771855,0.4386884487808541
3506359,Bertioga,SP,Sudeste,963,0.5613382879733877,0.6988577362409139,0.01598868614766843,0.13751944826752616,8.601047453019152,0.4386617120266123
3518859,Guatapará,SP,Sudeste,59,0.5614351026102199,0.3389830508474576,0.06454560101408961,-0.22245205176276228,-3.4464324178219887,0.4385648973897801
2602100,Bom Conselho,PE,Nordeste,462,0.5614422877805594,0.6060606060606061,0.023077619360646593,0.0446183182800467,1.9334021236234036,0.4385577122194406
3505609,Barrinha,SP,Sudeste,356,0.5614860483045151,0.5140449438202247,0.026295776101352388,-0.0474411044842904,-1.8041340290332981,0.4385139516954849
5204508,Caldas Novas,GO,Centro-Oeste,1129,0.561595729298884,0.6297608503100088,0.014763507276886493,0.06816512101112482,4.6171360051986445,0.438404270701116
3123601,Elói Mendes,MG,Sudeste,249,0.5617856887212122,0.6586345381526104,0.031405207771852676,0.09684884943139827,3.083846798116085,0.43821431127878785
4305173,Cerro Grande do Sul,RS,Sul,82,0.5618400919835443,0.4268292682926829,0.05471757350804479,-0.13501082369086143,-2.467412478936253,0.43815990801645566
2603454,Camaragibe,PE,Nordeste,1192,0.5619466567891218,0.5805369127516778,0.014366886155383772,0.018590255962556035,1.2939655650845134,0.4380533432108782
3158003,Santa Maria de Itabira,MG,Sudeste,103,0.5619931304666479,0.7766990291262136,0.04886806216755275,0.21470589865956569,4.393583234862245,0.4380068695333521
3552502,Suzano,SP,Sudeste,3638,0.5620820192610785,0.5153930731170973,0.008223355682145623,-0.046688946143981225,-5.6776026659471,0.4379179807389215
4317004,Santana da Boa Vista,RS,Sul,42,0.5621530711030522,0.35714285714285715,0.07617173898350094,-0.2050102139601951,-2.6914209481892097,0.43784692889694776
3300407,Barra Mansa,RJ,Sudeste,1314,0.5622003121531577,0.6423135464231354,0.01368107103787273,0.08011323426997774,5.855772113762414,0.4377996878468423
3110301,Caldas,MG,Sudeste,121,0.5622092396146384,0.7355371900826446,0.045082588207235784,0.1733279504680062,3.844676123545785,0.4377907603853616
3162104,São Gotardo,MG,Sudeste,528,0.5622651838481404,0.7537878787878788,0.02154300011250766,0.1915226949397384,8.890251772711181,0.4377348161518596
3524105,Ituverava,SP,Sudeste,285,0.5622805595610066,0.5017543859649123,0.02936864331925478,-0.06052617359609436,-2.06091146050359,0.43771944043899336
3509205,Cajamar,SP,Sudeste,967,0.562293025549747,0.5305067218200621,0.01594369413646429,-0.03178630372968494,-1.993659904512816,0.437706974450253
3106309,Belo Oriente,MG,Sudeste,250,0.5622962346633886,0.66,0.031304552289608364,0.0977037653366114,3.121072118608272,0.4377037653366114
3523206,Itararé,SP,Sudeste,486,0.5624107511644316,0.5329218106995884,0.022487682870554183,-0.029488940464843183,-1.3113374390145187,0.4375892488355684
1501253,Bannach,PA,Norte,53,0.5624122920195411,0.4716981132075472,0.06799824867869937,-0.09071417881199395,-1.3340663998661249,0.4375877079804589
3156908,Sacramento,MG,Sudeste,323,0.5626913810833905,0.7987616099071208,0.027556398516528576,0.2360702288237303,8.566802685849286,0.43730861891660955
3551108,Sarapuí,SP,Sudeste,107,0.562707376044375,0.5327102803738317,0.047947652531928085,-0.029997095670543317,-0.6256217788883076,0.43729262395562496
4100103,Abatiá,PR,Sul,76,0.5627729499267189,0.6052631578947368,0.056860204581674866,0.042490207968017946,0.7472749751890949,0.4372270500732811
3524204,Jaborandi,SP,Sudeste,67,0.5627999563983199,0.6716417910447762,0.06057222536902982,0.10884183464645625,1.796893443873805,0.4372000436016801
3106705,Betim,MG,Sudeste,4233,0.5628079421372305,0.6728088825891803,0.007609043348693153,0.11000094045194975,14.456605832169734,0.4371920578627695
2110856,São Francisco do Brejão,MA,Nordeste,138,0.5628793196883167,0.427536231884058,0.04221104882091276,-0.13534308780425874,-3.2063426895283698,0.4371206803116833
3536703,Pederneiras,SP,Sudeste,400,0.5629872249973578,0.465,0.024793645910295578,-0.09798722499735774,-3.952110365368591,0.43701277500264224
5201801,Aragoiânia,GO,Centro-Oeste,170,0.5630694919554997,0.6294117647058823,0.037999839815252956,0.06634227275038262,1.7458566423680857,0.4369305080445003
4216800,São José do Cerrito,SC,Sul,74,0.563127092207406,0.5945945945945946,0.0573468504334252,0.03146750238718865,0.5487224171747624,0.436872907792594
4210407,Maracajá,SC,Sul,99,0.5632318280355799,0.6161616161616161,0.049778425229809825,0.052929788126036215,1.0633078061766243,0.4367681719644201
3506805,Bocaina,SP,Sudeste,69,0.5632609162213895,0.4927536231884058,0.05969791265451045,-0.0705072930329837,-1.1810679787253255,0.4367390837786105
3552007,Silveiras,SP,Sudeste,70,0.5632735326062525,0.4714285714285714,0.05926924694551172,-0.09184496117768104,-1.5496225430722497,0.43672646739374754
2613206,São João,PE,Nordeste,177,0.5632868861844722,0.5423728813559322,0.03726818218542364,-0.02091400482854,-0.5611758771727777,0.4367131138155278
2402402,Carnaúba dos Dantas,RN,Nordeste,58,0.5633435918113973,0.29310344827586204,0.06501710568679715,-0.2702401435355352,-4.156446840887477,0.43665640818860274
3521002,Iperó,SP,Sudeste,380,0.5633543042296815,0.4421052631578947,0.02543245301428888,-0.12124904107178675,-4.767492974573259,0.43664569577031853
2602308,Bonito,PE,Nordeste,347,0.5634329012033835,0.7953890489913544,0.026604461645430514,0.2319561477879709,8.71869353642083,0.4365670987966165
3167400,Silvianópolis,MG,Sudeste,65,0.5635155712898386,0.8769230769230769,0.061485879837984626,0.31340750563323827,5.097227305831313,0.43648442871016135
3304110,Porto Real,RJ,Sudeste,225,0.5636406772249771,0.6311111111111111,0.032994289246634036,0.06747043388613394,2.0449124811202606,0.4363593227750229
2209708,São Francisco do Piauí,PI,Nordeste,65,0.5636992794587445,0.6461538461538462,0.06148707125656626,0.08245456669510165,1.341006572764616,0.43630072054125546
4301602,Bagé,RS,Sul,898,0.5637483965065881,0.4309576837416481,0.016540606170507993,-0.13279071276494003,-8.028164832417492,0.43625160349341185
3547007,Santa Maria da Serra,SP,Sudeste,71,0.5638630959824319,0.8732394366197183,0.05881891248071829,0.30937634063728636,5.259810621944166,0.4361369040175681
3501152,Alumínio,SP,Sudeste,189,0.5639019078578986,0.5396825396825397,0.03604579410107374,-0.02421936817535897,-0.6719055240521811,0.4360980921421014
5106281,Novo São Joaquim,MT,Centro-Oeste,97,0.5639225464662212,0.9381443298969072,0.05030777122603285,0.374221783430686,7.438647634563401,0.4360774535337788
2703759,Jequiá da Praia,AL,Nordeste,115,0.5639758115905504,0.9565217391304348,0.046148303600354657,0.3925459275398844,8.506183259504855,0.43602418840944956
4204202,Chapecó,SC,Sul,2707,0.5639886517430214,0.592168452161064,0.009510536693893842,0.028179800418042578,2.963008432125095,0.4360113482569786
3510807,Casa Branca,SP,Sudeste,217,0.5642574307362307,0.6221198156682027,0.033633592938031885,0.057862384931972044,1.7203747764498556,0.4357425692637693
3519600,Ibitinga,SP,Sudeste,511,0.5642696414638652,0.49510763209393344,0.021924466710346403,-0.06916200936993172,-3.1545583426799335,0.43573035853613484
3500303,Aguaí,SP,Sudeste,355,0.5642899471090808,0.6169014084507042,0.026287868731377267,0.05261146134162342,2.0013589492261215,0.43571005289091924
2110203,Santa Rita,MA,Nordeste,376,0.5643663950878184,0.5664893617021277,0.025470074300874293,0.0021229666143093295,0.08335141033477299,0.4356336049121816
5105176,Juruena,MT,Centro-Oeste,147,0.5644047516488374,0.7346938775510204,0.0408692527750628,0.17028912590218304,4.166680678979489,0.4355952483511626
3525409,Jeriquara,SP,Sudeste,40,0.5645340424230629,0.5,0.07835014203419877,-0.06453404242306293,-0.8236620987221019,0.43546595757693707
3517406,Guaíra,SP,Sudeste,306,0.5645985760552349,0.5359477124183006,0.02832747093499413,-0.028650863636934254,-1.0114162221781904,0.4354014239447651
3140555,Mata Verde,MG,Sudeste,97,0.5646199115719883,0.6701030927835051,0.04988778754685556,0.10548318121151679,2.1144088843876867,0.4353800884280117
4314803,Portão,RS,Sul,317,0.5647486619196431,0.41009463722397477,0.027840224625558508,-0.15465402469566836,-5.555056641090798,0.4352513380803569
3554003,Tatuí,SP,Sudeste,1236,0.5650442806505046,0.5396440129449838,0.014095721823237572,-0.02540026770552084,-1.8019841781814325,0.4349557193494954
3529708,Miguelópolis,SP,Sudeste,155,0.5651508184467081,0.3096774193548387,0.039778728537040585,-0.2554733990918694,-6.422362113811188,0.4348491815532919
3301108,Cantagalo,RJ,Sudeste,162,0.5652018612576979,0.5308641975308642,0.03892509970336232,-0.03433766372683367,-0.8821470975928575,0.4347981387423021
3101607,Alfenas,MG,Sudeste,653,0.5652216213967258,0.7304747320061256,0.019386917166759728,0.16525311060939973,8.523949898168345,0.4347783786032742
3540606,Porto Feliz,SP,Sudeste,519,0.5652525175296326,0.7013487475915221,0.0217328625253402,0.13609623006188953,6.262232133627281,0.43474748247036743
2703304,Inhapi,AL,Nordeste,226,0.5652994393926228,0.8008849557522124,0.03278095020254861,0.23558551635958958,7.18665916954639,0.43470056060737716
3519808,Icém,SP,Sudeste,50,0.5654501244999821,0.82,0.07005381888652251,0.25454987550001784,3.6336331058889653,0.4345498755000179
4303103,Cachoeirinha,RS,Sul,1162,0.565460856725315,0.41049913941480204,0.014533586661853922,-0.15496171731051295,-10.662317631286333,0.434539143274685
1200252,Epitaciolândia,AC,Norte,293,0.565539734451625,0.5324232081911263,0.028948239295870388,-0.03311652626049866,-1.1439910359322922,0.434460265548375
3515004,Embu das Artes,SP,Sudeste,2895,0.5655663470410117,0.4949913644214162,0.009203530698018592,-0.0705749826195955,-7.668250906664485,0.4344336529589883
2201705,Bertolínia,PI,Nordeste,53,0.5655954463333606,0.4339622641509434,0.06792245273595199,-0.13163318218241715,-1.9379921790242194,0.43440455366663944
4201406,Araranguá,SC,Sul,634,0.565615294225566,0.61198738170347,0.01964009561856118,0.046372087477904,2.3610927552755565,0.434384705774434
1200054,Assis Brasil,AC,Norte,103,0.5656662307651773,0.5048543689320388,0.04875904491116905,-0.06081186183313847,-1.2471914071312853,0.4343337692348227
2209377,Santa Rosa do Piauí,PI,Nordeste,44,0.5657773307732303,0.5227272727272727,0.07466880230095702,-0.04305005804595763,-0.5765467868687894,0.43422266922676966
2600500,Águas Belas,PE,Nordeste,441,0.565922651712232,0.5895691609977324,0.023557358646671134,0.023646509285500383,1.0037844072489785,0.434077348287768
3300951,Comendador Levy Gasparian,RJ,Sudeste,100,0.5659549364203135,0.67,0.049519976133028526,0.10404506357968657,2.1010725712020535,0.43404506357968653
3524402,Jacareí,SP,Sudeste,2047,0.5659551317400979,0.5192965315095261,0.01094768145869718,-0.04665860023057178,-4.261961805027194,0.4340448682599021
3542701,Restinga,SP,Sudeste,105,0.5659749686549053,0.5523809523809524,0.048346195962899824,-0.013594016273952847,-0.28118068036593197,0.43402503134509474
3521200,Iporanga,SP,Sudeste,32,0.566036844629172,0.65625,0.08747628270662955,0.09021315537082797,1.0312870252314803,0.43396315537082797
3134400,Iturama,MG,Sudeste,357,0.5660902170332232,0.7002801120448179,0.02618320890445319,0.13418989501159473,5.125036258973283,0.43390978296677685
3133600,Itapeva,MG,Sudeste,152,0.5661068194483004,0.6842105263157895,0.040168135508112095,0.11810370686748906,2.9402337293857617,0.43389318055169956
3535804,Paranapanema,SP,Sudeste,212,0.5662238905117267,0.4339622641509434,0.03402383398873097,-0.1322616263607833,-3.8873228221307943,0.4337761094882733
3119203,Coroaci,MG,Sudeste,64,0.5663493352023177,0.734375,0.0619174079133927,0.16802566479768233,2.7137063785471947,0.43365066479768233
3135100,Janaúba,MG,Sudeste,742,0.5665126159845995,0.6778975741239892,0.018116385328251865,0.11138495813938976,6.148299239677179,0.43348738401540055
3168408,Tarumirim,MG,Sudeste,96,0.5665618162950087,0.7604166666666666,0.050428364678615424,0.19385485037165795,3.8441629350289785,0.4334381837049913
2206696,Murici dos Portelas,PI,Nordeste,84,0.5667535821624132,0.6547619047619048,0.0538193452011059,0.08800832259949154,1.6352544288792854,0.4332464178375868
3510609,Carapicuíba,SP,Sudeste,3977,0.5667797964916224,0.579834045763138,0.0078535253878813,0.013054249271515661,1.662215199769972,0.43322020350837764
3540507,Porangaba,SP,Sudeste,82,0.5668133214009782,0.6097560975609756,0.054697128092351055,0.04294277615999742,0.7851011133069455,0.4331866785990218
3533205,Nova Independência,SP,Sudeste,45,0.5668147482177426,0.8888888888888888,0.07378359445869721,0.32207414067114626,4.36511860168913,0.4331852517822574
1506187,Rondon do Pará,PA,Norte,376,0.5670646669458457,0.699468085106383,0.02550890888858618,0.13240341816053736,5.190477520572451,0.4329353330541543
3200508,Apiacá,ES,Sudeste,70,0.5671357999817993,0.6285714285714286,0.05915029462012249,0.061435628589629254,1.0386360538723218,0.4328642000182007
1500800,Ananindeua,PA,Norte,4114,0.5671455561713953,0.5354885755955274,0.007721229250518599,-0.031656980575867855,-4.099992313237118,0.4328544438286047
3508504,Caçapava,SP,Sudeste,752,0.5674778739680698,0.449468085106383,0.018058401377181378,-0.11800978886168684,-6.534896771693433,0.4325221260319302
2201556,Bela Vista do Piauí,PI,Nordeste,38,0.5674890619637308,0.8947368421052632,0.08028462281222867,0.32724778014153233,4.076095380144043,0.43251093803626917
1504422,Marituba,PA,Norte,1472,0.5676153845237575,0.499320652173913,0.012907823644598193,-0.06829473234984446,-5.2909564176161625,0.4323846154762425
2506004,Esperança,PB,Nordeste,253,0.5677529244446018,0.6442687747035574,0.031138146628807074,0.07651585025895558,2.457302651024447,0.4322470755553982
3524006,Itupeva,SP,Sudeste,646,0.5677719909516578,0.48297213622291024,0.019486034115638453,-0.08479985472874751,-4.3518272741138055,0.43222800904834224
3542909,Ribeirão Bonito,SP,Sudeste,101,0.5679017559524417,0.5445544554455446,0.049258154758614565,-0.02334730050689715,-0.4739783822863164,0.43209824404755826
3112505,Capim Branco,MG,Sudeste,110,0.5679553453495295,0.7818181818181819,0.04719845016068911,0.21386283646865234,4.531141080703865,0.4320446546504705
5200175,Água Fria de Goiás,GO,Centro-Oeste,85,0.5679897587676047,0.8705882352941177,0.053674490082600675,0.30259847652651295,5.63765908275679,0.4320102412323953
5107792,Santo Antônio do Leste,MT,Centro-Oeste,60,0.5680068756191421,0.75,0.06348174602136857,0.1819931243808579,2.866857573822832,0.4319931243808579
2607406,Itacuruba,PE,Nordeste,35,0.5680646267768878,0.4857142857142857,0.0836832715151399,-0.08235034106260214,-0.9840717215232603,0.43193537322311215
3504503,Avaré,SP,Sudeste,813,0.5680751535564725,0.5264452644526445,0.017358876856605157,-0.04162988910382803,-2.3981902428202093,0.43192484644352747
3550407,São Pedro,SP,Sudeste,326,0.5681181357773455,0.588957055214724,0.0274101748196274,0.020838919437378478,0.7602621863781952,0.4318818642226545
3142007,Mirabela,MG,Sudeste,120,0.5682864760873885,0.5416666666666666,0.045094782047044285,-0.02661980942072184,-0.5903079738350043,0.43171352391261153
3301504,Cordeiro,RJ,Sudeste,188,0.5683298915617621,0.648936170212766,0.03611976880725462,0.0806062786510039,2.231638831387376,0.43167010843823794
3552304,Sud Mennucci,SP,Sudeste,65,0.5683805990011912,0.5692307692307692,0.06140907513620288,0.0008501702295780067,0.013844374429876415,0.4316194009988088
3549607,São José do Barreiro,SP,Sudeste,34,0.5684224410099104,0.5294117647058824,0.08491218479414318,-0.03901067630402799,-0.45942377290848785,0.43157755899008965
2111029,São João do Carú,MA,Nordeste,173,0.5685715770100422,0.7052023121387283,0.037620027851907135,0.13663073512868606,3.631861615481489,0.43142842298995776
3529906,Miracatu,SP,Sudeste,230,0.5685741509043509,0.6478260869565218,0.032650113154490686,0.07925193605217085,2.4273096903883338,0.43142584909564907
2705507,Murici,AL,Nordeste,234,0.5685911187865343,0.8461538461538461,0.032337506757822,0.2775627273673118,8.583306358341098,0.43140888121346566
4215455,Sangão,SC,Sul,157,0.568636670695214,0.49044585987261147,0.03928620901483633,-0.07819081082260249,-1.9902864843251722,0.43136332930478605
3121902,Divinésia,MG,Sudeste,52,0.5687075360073386,0.75,0.06848072321525339,0.1812924639926614,2.647350312332571,0.4312924639926614
3543709,Rincão,SP,Sudeste,89,0.5687431559453203,0.7640449438202247,0.05238700825021106,0.19530178787490438,3.7280576692240777,0.4312568440546797
5106299,Paranaíta,MT,Centro-Oeste,158,0.5687559030102147,0.7974683544303798,0.03936177750890574,0.22871245142016505,5.810521421915412,0.4312440969897853
3170305,Umburatiba,MG,Sudeste,30,0.5688372521791085,0.5,0.09039093685212535,-0.06883725217910852,-0.7615503785708353,0.4311627478208915
3555505,Ubirajara,SP,Sudeste,66,0.5688986274646893,0.5606060606060606,0.06087189669219816,-0.00829256685862878,-0.13622980898000545,0.43110137253531067
3554508,Tietê,SP,Sudeste,301,0.5689497331576466,0.6312292358803987,0.028540669435046035,0.06227950272275207,2.182131812447153,0.43105026684235337
3526407,Laranjal Paulista,SP,Sudeste,271,0.5690159488305824,0.5977859778597786,0.03006839917424781,0.02877002902919623,0.9568194456403395,0.4309840511694176
2615201,Terra Nova,PE,Nordeste,115,0.569047801305898,0.7130434782608696,0.046088103688370484,0.1439956769549715,3.1243567305049753,0.43095219869410195
3550308,São Paulo,SP,Sudeste,94373,0.569244229609127,0.5659245758850519,0.0016108115162244516,-0.0033196537240751667,-2.060857953049675,0.430755770390873
4212809,Balneário Piçarras,SC,Sul,374,0.5693146537474947,0.5347593582887701,0.025574941379755335,-0.0345552954587246,-1.351138794244821,0.4306853462525053
3508603,Cachoeira Paulista,SP,Sudeste,229,0.5693467934930935,0.4148471615720524,0.03268932007500631,-0.15449963192104105,-4.726303011703471,0.4306532065069065
1101302,Mirante da Serra,RO,Norte,130,0.569447013750963,0.7384615384615385,0.04330357458161546,0.16901452471057554,3.903015544179364,0.43055298624903704
1200609,Tarauacá,AC,Norte,619,0.5694761163218589,0.505654281098546,0.01974799194124735,-0.06382183522331286,-3.2318139187614867,0.4305238836781411
1504307,Maracanã,PA,Norte,197,0.5696261250004979,0.4720812182741117,0.035186865837924734,-0.09754490672638622,-2.7721965114963836,0.4303738749995021
4321709,Três Coroas,RS,Sul,239,0.5697347424283565,0.4225941422594142,0.03197220681748932,-0.14714060016894231,-4.602140884702835,0.43026525757164347
3551801,Sete Barras,SP,Sudeste,143,0.5697671841794413,0.5244755244755245,0.0413942969905034,-0.0452916597039168,-1.0941521657997362,0.4302328158205587
3156304,Rodeiro,MG,Sudeste,122,0.5698052198646769,0.819672131147541,0.04457499830230434,0.2498669112828641,5.605539445863468,0.4301947801353231
3157658,Santa Helena de Minas,MG,Sudeste,64,0.5698557438756152,0.890625,0.06178660667878167,0.3207692561243848,5.191566155947211,0.4301442561243848
5107198,Ribeirãozinho,MT,Centro-Oeste,36,0.5698825874847097,0.5277777777777778,0.08247714149139923,-0.04210480970693187,-0.5105027762307037,0.43011741251529034
2205706,Luís Correia,PI,Nordeste,305,0.5699143802847398,0.521311475409836,0.02830760111022367,-0.04860290487490382,-1.7169559753811223,0.43008561971526016
3527207,Lorena,SP,Sudeste,656,0.5699191314294869,0.4801829268292683,0.019321826534339066,-0.08973620460021864,-4.644292010423444,0.4300808685705131
3500709,Agudos,SP,Sudeste,330,0.5699216261162665,0.6515151515151515,0.02723996881168575,0.08159352539888498,2.9953604559151312,0.4300783738837335
3110103,Caiana,MG,Sudeste,30,0.5699843329964467,0.7666666666666667,0.09037666860802718,0.19668233367022003,2.1762512017703526,0.4300156670035533
3139409,Manhuaçu,MG,Sudeste,966,0.5700257031435424,0.7639751552795031,0.015879192601029407,0.1939494521359607,12.214062579188534,0.4299742968564576
2108454,Peritoró,MA,Nordeste,206,0.570187057122094,0.6990291262135923,0.03429550076349327,0.1288420690914982,3.7568213387526175,0.42981294287790595
3108701,Brás Pires,MG,Sudeste,37,0.5702176856720613,0.8108108108108109,0.08131375284685241,0.24059312513874953,2.9588245126490027,0.4297823143279387
3302809,Mendes,RJ,Sudeste,147,0.570226088604779,0.5714285714285714,0.040805871970858824,0.0012024828237924279,0.029468377116194724,0.42977391139522103
1506195,Rurópolis,PA,Norte,320,0.5702451102966951,0.546875,0.027661803824250864,-0.023370110296695112,-0.8448512774212772,0.4297548897033049
3306206,Vassouras,RJ,Sudeste,348,0.570273089186162,0.603448275862069,0.02653047628281955,0.03317518667590691,1.2504557521792514,0.42972691081383796
3128709,Guaxupé,MG,Sudeste,454,0.570294789111309,0.6718061674008811,0.02322318558884752,0.10151137828957202,4.371122036690818,0.42970521088869096
3306305,Volta Redonda,RJ,Sudeste,2463,0.5703375435806006,0.634185952090946,0.009972087844376072,0.06384840851034534,6.402712200971409,0.4296624564193994
3160801,São Bento Abade,MG,Sudeste,60,0.570343565276212,0.7666666666666667,0.06382368340244367,0.19632310139045472,3.076022738338821,0.429656434723788
2112233,Trizidela do Vale,MA,Nordeste,236,0.5703465718384718,0.9067796610169492,0.032198085838981066,0.33643308917847736,10.448853725682348,0.4296534281615282
5212709,Mambaí,GO,Centro-Oeste,126,0.5703545394013875,0.6825396825396826,0.04394907538595163,0.11218514313829508,2.5526166854048356,0.4296454605986125
4111803,Jacarezinho,PR,Sul,341,0.5704322444555543,0.4838709677419355,0.026798704098544807,-0.0865612767136188,-3.230054572613425,0.4295677555444457
2500809,Araçagi,PB,Nordeste,104,0.5705812921606925,0.47115384615384615,0.048505640860596784,-0.09942744600684639,-2.049812026865015,0.42941870783930747
4214003,Presidente Getúlio,SC,Sul,223,0.5706415956074471,0.5919282511210763,0.033105356555792526,0.021286655513629182,0.642997319112233,0.4293584043925529
3543907,Rio Claro,SP,Sudeste,1648,0.5706652387836096,0.5449029126213593,0.012177218362792322,-0.025762326162250382,-2.115616669975104,0.42933476121639036
3127206,Funilândia,MG,Sudeste,54,0.5708034748663541,0.6851851851851852,0.06731148768918332,0.11438171031883115,1.6992895900176608,0.4291965251336459
2707503,Porto Real do Colégio,AL,Nordeste,157,0.5708064882056313,0.8089171974522293,0.03925088622695188,0.23811070924659805,6.066377912331003,0.4291935117943687
3527801,Lupércio,SP,Sudeste,36,0.5708383264424879,0.6111111111111112,0.08247743678922555,0.040272784668623274,0.4882885093961154,0.4291616735575121
2206605,Monte Alegre do Piauí,PI,Nordeste,115,0.5708897608292249,0.5739130434782609,0.0461021390904412,0.003023282649035952,0.06557792563822268,0.42911023917077507
3105400,Barão de Cocais,MG,Sudeste,335,0.570922203327288,0.6447761194029851,0.027020810326113257,0.07385391607569702,2.7332235852425066,0.42907779667271195
3524303,Jaboticabal,SP,Sudeste,449,0.5709355090132593,0.5835189309576837,0.023355181558438347,0.012583421944424411,0.5387850192017863,0.4290644909867407
4310652,Itati,RS,Sul,32,0.5709361588316643,0.65625,0.08736039958939083,0.08531384116833574,0.9765733853018727,0.42906384116833574
5103304,Comodoro,MT,Centro-Oeste,230,0.5710773816285257,0.4782608695652174,0.03260722845479887,-0.09281651206330832,-2.84650111222956,0.4289226183714743
1507904,Soure,PA,Norte,395,0.5711207867431548,0.5240506329113924,0.02487721328811326,-0.047070153831762385,-1.892099138541907,0.4288792132568452
3149606,Pequi,MG,Sudeste,57,0.5712973863814049,0.8070175438596491,0.06546434383459819,0.23572015747824415,3.6007411618424414,0.4287026136185951
4114104,Mandaguaçu,PR,Sul,338,0.5713542503771828,0.6242603550295858,0.026911340745734,0.052906104652402974,1.96594087051533,0.4286457496228172
2610608,Paudalho,PE,Nordeste,518,0.5713818779295394,0.6583011583011583,0.02173713946251863,0.08691928037161889,3.9986531126367333,0.42861812207046057
3538907,Pirajuí,SP,Sudeste,145,0.5714101343196193,0.4689655172413793,0.04108850699416231,-0.10244461707823999,-2.4932669637471836,0.4285898656803807
4100202,Adrianópolis,PR,Sul,70,0.5714266949888671,0.6142857142857143,0.059139905142631975,0.04285901929684721,0.724705580664714,0.4285733050111329
5102850,Castanheira,MT,Centro-Oeste,81,0.5714820830506483,0.654320987654321,0.05454037094096055,0.08283890460367271,1.5188548074479558,0.4285179169493517
3151800,Poços de Caldas,MG,Sudeste,1117,0.5715866039862202,0.7851387645478961,0.014800495609568405,0.21355216056167592,14.428716861590507,0.4284133960137798
3137601,Lagoa Santa,MG,Sudeste,534,0.5715963966709007,0.7322097378277154,0.021361729069724226,0.1606133411568147,7.518742543385706,0.4284036033290993
3161403,São Francisco do Glória,MG,Sudeste,46,0.5717497352430679,0.782608695652174,0.0729050498662277,0.210858960409106,2.892240809052428,0.42825026475693206
4119509,Piraquara,PR,Sul,1321,0.571753634556378,0.5094625283875852,0.013609900183306177,-0.06229110616879274,-4.576896621563665,0.42824636544362205
4203956,Capivari de Baixo,SC,Sul,223,0.5717748373739139,0.6143497757847534,0.033039750788190395,0.04257493841083948,1.2885974438420191,0.4282251626260861
2503704,Cajazeiras,PB,Nordeste,484,0.5718044744801346,0.5475206611570248,0.022288975377751506,-0.024283813323109804,-1.0894988626237845,0.4281955255198654
4313656,Palmares do Sul,RS,Sul,151,0.5718050703663471,0.4966887417218543,0.04017923458470566,-0.0751163286444928,-1.8695311003531672,0.4281949296336529
3531902,Morro Agudo,SP,Sudeste,279,0.5718356890520022,0.44802867383512546,0.029601758745770056,-0.12380701521687676,-4.182420925735305,0.4281643109479978
4314100,Passo Fundo,RS,Sul,1800,0.5719325060643703,0.37277777777777776,0.011660254419698174,-0.19915472828659253,-17.079792697331868,0.4280674939356297
5205307,Cavalcante,GO,Centro-Oeste,98,0.5719486679877073,0.8469387755102041,0.0498289023658022,0.27499010752249686,5.518686835679202,0.42805133201229273
2616506,Xexéu,PE,Nordeste,160,0.5720466357146209,0.8125,0.03901411169275075,0.2404533642853791,6.163240782694996,0.4279533642853791
3129004,Guiricema,MG,Sudeste,42,0.5720648513721834,0.8333333333333334,0.0763006214561744,0.26126848196114993,3.42419861037721,0.42793514862781656
5105580,Marcelândia,MT,Centro-Oeste,172,0.5721128671581865,0.6569767441860465,0.037652509411814555,0.08486387702785991,2.2538704153734685,0.42788713284181346
2610905,Pesqueira,PE,Nordeste,460,0.5722075027254336,0.6456521739130435,0.02303370361934068,0.07344467118760989,3.1885741173616866,0.42779249727456636
2102903,Carutapera,MA,Nordeste,288,0.5722452551594545,0.6215277777777778,0.029131149880531202,0.04928252261832333,1.6917465606553213,0.42775474484054554
3152501,Pouso Alegre,MG,Sudeste,1194,0.5722736613997612,0.6892797319932998,0.014311436584958632,0.11700607059353862,8.175704088051678,0.4277263386002388
3115474,Catuti,MG,Sudeste,56,0.5722991589376605,0.75,0.06606363333978123,0.17770084106233952,2.6898435959218463,0.4277008410623395
3512308,Conchas,SP,Sudeste,144,0.5723059384124869,0.6944444444444444,0.04122631354991346,0.12213850603195753,2.9626346746740326,0.4276940615875131
1710508,Itacajá,TO,Norte,44,0.5725580959690224,0.4090909090909091,0.07451950280558152,-0.1634671868781133,-2.193616177292444,0.4274419040309776
3537206,Pedro de Toledo,SP,Sudeste,106,0.5726060774084741,0.46226415094339623,0.04800664709969249,-0.1103419264650779,-2.298471839450431,0.42739392259152587
3555356,Ubarana,SP,Sudeste,69,0.5726229104328364,0.7391304347826086,0.059508461034256326,0.16650752434977223,2.7980478986663995,0.4273770895671636
3306107,Valença,RJ,Sudeste,718,0.5726981538809456,0.5571030640668524,0.01845582437062846,-0.015595089814093188,-0.8449955689279319,0.4273018461190544
3102605,Andradas,MG,Sudeste,320,0.5727258538744913,0.753125,0.02761709408697795,0.18039914612550878,6.532155249837484,0.42727414612550874
2108058,Paulino Neves,MA,Nordeste,179,0.5727796931475307,0.6871508379888268,0.036650545083308554,0.11437114484129607,3.120585098566055,0.42722030685246926
3305802,Teresópolis,RJ,Sudeste,1463,0.5728220582386367,0.6473000683526999,0.012931978224617962,0.07447801011406319,5.759212459257248,0.42717794176136326
2510105,Nova Floresta,PB,Nordeste,109,0.5729033861129422,0.6697247706422018,0.04730123983785732,0.09682138452925959,2.0469100780688008,0.4270966138870578
3516408,Franco da Rocha,SP,Sudeste,1792,0.5729993095173528,0.4838169642857143,0.011680437574066381,-0.08918234523163848,-7.63518872183749,0.4270006904826472
3127339,Gameleiras,MG,Sudeste,49,0.5730989866533369,0.6530612244897959,0.07013835997909354,0.07996223783645895,1.1400642652650228,0.4269010133466631
4306106,Cruz Alta,RS,Sul,535,0.5731879471933861,0.5626168224299065,0.021337133469017517,-0.010571124763479545,-0.49543322109454374,0.42681205280661394
2606507,Iati,PE,Nordeste,173,0.573248469742355,0.8208092485549133,0.03758015813797443,0.24756077881255834,6.587539570846038,0.426751530257645
3124906,Eugenópolis,MG,Sudeste,71,0.5734021279941283,0.7183098591549296,0.05860810382467921,0.14490773116080136,2.472486255386791,0.42659787200587174
3515350,Euclides da Cunha Paulista,SP,Sudeste,63,0.5734410217287524,0.6984126984126984,0.06224757984224772,0.12497167668394593,2.0076551891761594,0.42655897827124756
2202505,Caracol,PI,Nordeste,118,0.5734643881348828,0.4830508474576271,0.04539116523264553,-0.09041354067725565,-1.9918752958610948,0.42653561186511724
2206803,Nossa Senhora dos Remédios,PI,Nordeste,158,0.5734791688735575,0.45569620253164556,0.03920113199663405,-0.11778296634191199,-3.0045807440465047,0.42652083112644246
1505031,Novo Progresso,PA,Norte,466,0.5735284460547101,0.5793991416309013,0.02287400824334675,0.005870695576191243,0.2566535568989673,0.4264715539452899
2102705,Cantanhede,MA,Nordeste,208,0.5735673162086387,0.7067307692307693,0.03423006216034762,0.13316345302213062,3.8902486474707083,0.42643268379136134
3503802,Artur Nogueira,SP,Sudeste,505,0.5737518832794563,0.5445544554455446,0.022001657581546083,-0.02919742783391166,-1.327055824121226,0.42624811672054375
4212254,Passo de Torres,SC,Sul,159,0.573937247932619,0.5974842767295597,0.03920593390802709,0.023547028796940705,0.6005985943908263,0.426062752067381
1600238,Ferreira Gomes,AP,Norte,150,0.5739521641621275,0.7333333333333333,0.0397992088799371,0.15938116917120582,4.004631590844268,0.42604783583787253
1502202,Capanema,PA,Norte,652,0.5741374670412945,0.5950920245398773,0.019342366901283204,0.02095455749858277,1.0833502231411303,0.42586253295870546
4211058,Monte Carlo,SC,Sul,118,0.5743459317865006,0.5338983050847458,0.04549411416552623,-0.040447626701754835,-0.8890738383121342,0.4256540682134994
3548005,Santo Antônio de Posse,SP,Sudeste,213,0.5743632630737886,0.6150234741784038,0.03385774381703507,0.04066021110461515,1.2009131891463338,0.4256367369262114
5101258,Araputanga,MT,Centro-Oeste,180,0.5745074756399455,0.6055555555555555,0.03678130453079556,0.031048079915609983,0.8441266646650509,0.42549252436005447
3513108,Cravinhos,SP,Sudeste,335,0.5745487672864135,0.5880597014925373,0.02698373501162863,0.013510934206123815,0.5007065997461538,0.42545123271358654
3550100,São Manuel,SP,Sudeste,414,0.5746212152014575,0.606280193236715,0.024292478688830665,0.03165897803525752,1.3032419804000432,0.4253787847985425
3145208,Nova Serrana,MG,Sudeste,1397,0.5746403223084136,0.7265569076592698,0.01321243655363678,0.15191658535085628,11.497999232324835,0.42535967769158645
2103257,Cidelândia,MA,Nordeste,170,0.5747211594183644,0.8647058823529412,0.03790126770117609,0.2899847229345768,7.651056033821751,0.42527884058163556
3166808,Serra do Salitre,MG,Sudeste,162,0.5747426788811962,0.7407407407407407,0.038818736778410114,0.16599806185954447,4.276235540767723,0.42525732111880377
3105509,Barão de Monte Alto,MG,Sudeste,37,0.5747567241300199,0.8918918918918919,0.08119393536996757,0.317135167761872,3.9058972362506723,0.4252432758699801
3545506,Sandovalina,SP,Sudeste,50,0.5747675478072385,0.9,0.06983732449735576,0.32523245219276153,4.657000458330499,0.4252324521927615
1101807,Vale do Paraíso,RO,Norte,78,0.574786461098394,0.4358974358974359,0.05587431212372071,-0.13888902520095814,-2.485740225193656,0.42521353890160596
4202057,Balneário Barra do Sul,SC,Sul,140,0.5748808149465628,0.5,0.04176651494819436,-0.07488081494656285,-1.792843263064736,0.42511918505343715
2105005,Humberto de Campos,MA,Nordeste,334,0.5749559741283655,0.5898203592814372,0.026955057747239233,0.014864385153071646,0.5514506884925547,0.4250440258716345
4207304,Imbituba,SC,Sul,485,0.5750007768745816,0.5608247422680412,0.022413934265148903,-0.014176034606540378,-0.6324652530360315,0.4249992231254184
3124807,Estrela do Sul,MG,Sudeste,62,0.575157917234351,0.7580645161290323,0.06250974334298148,0.1829065988946813,2.9260494302640234,0.42484208276564905
2602704,Buenos Aires,PE,Nordeste,124,0.5751676622395279,0.8548387096774194,0.0443768596390481,0.2796710474378915,6.302182031641628,0.42483233776047213
3539806,Poá,SP,Sudeste,1172,0.5753885698360197,0.5213310580204779,0.014432634924754382,-0.05405751181554186,-3.74550538397006,0.4246114301639803
4303004,Cachoeira do Sul,RS,Sul,506,0.5755204187678612,0.4031620553359684,0.021940865407278454,-0.1723583634318928,-7.855586378772292,0.4244795812321388
3116605,Cláudio,MG,Sudeste,294,0.5755230185084064,0.8299319727891157,0.02880321963721137,0.2544089542807093,8.832656817018957,0.42447698149159363
3544301,Roseira,SP,Sudeste,129,0.5755245890180735,0.6744186046511628,0.04349593382333477,0.0988940156330893,2.2736381758065507,0.42447541098192654
3163300,São José do Divino,MG,Sudeste,42,0.5755397005285,0.6428571428571429,0.0752673347617982,0.0673174423286429,0.8943779202715936,0.4244602994715
3524600,Jacupiranga,SP,Sudeste,129,0.575552401269164,0.5503875968992248,0.043504361293514746,-0.025164804369939175,-0.5784432553820881,0.42444759873083604
3513504,Cubatão,SP,Sudeste,1093,0.5756018733718468,0.45105215004574567,0.014937949919501054,-0.12454972332610109,-8.33780565588221,0.42439812662815324
3509957,Canas,SP,Sudeste,53,0.5756448927718077,0.49056603773584906,0.06781119409158974,-0.08507885503595869,-1.2546432219000043,0.42435510722819225
5104559,Itaúba,MT,Centro-Oeste,90,0.5757370327595556,0.6888888888888889,0.052081679262638465,0.11315185612933332,2.172584634967875,0.42426296724044443
3130655,Indaiabira,MG,Sudeste,48,0.5758200704799014,0.8958333333333334,0.07123079859297644,0.320013262853432,4.492624948402392,0.42417992952009864
3140308,Marliéria,MG,Sudeste,31,0.5758943574748111,0.7096774193548387,0.08873946720875123,0.13378306188002764,1.5075937019693346,0.4241056425251889
2202711,Cocal de Telha,PI,Nordeste,60,0.5759234230763558,0.6,0.06368107494657375,0.024076576923644177,0.37808056701058523,0.4240765769236442
3527009,Lindóia,SP,Sudeste,77,0.5759419524529211,0.6103896103896104,0.05630797754916569,0.03444765793668925,0.611772246776419,0.4240580475470789
4205001,Dionísio Cerqueira,SC,Sul,172,0.5759528782895876,0.7209302325581395,0.03764293314860641,0.14497735426855185,3.8513830390477715,0.42404712171041237
5105903,Nobres,MT,Centro-Oeste,243,0.5759842139941647,0.5720164609053497,0.0316104119778038,-0.003967753088814918,-0.12552044850288555,0.42401578600583534
3154903,Rio Casca,MG,Sudeste,116,0.5762102001744469,0.6293103448275862,0.0458469159567227,0.05310014465313928,1.1582053785965294,0.4237897998255531
3543402,Ribeirão Preto,SP,Sudeste,4822,0.5763663195588112,0.5618000829531314,0.0071122239461227695,-0.014566236605679794,-2.048056517345827,0.42363368044118876
3138807,Luz,MG,Sudeste,144,0.5765178474212043,0.8680555555555556,0.04111818713674163,0.2915377081343513,7.090237397014141,0.42348215257879573
2607505,Itaíba,PE,Nordeste,205,0.5766158659522638,0.5853658536585366,0.03445220304166612,0.008749987706272777,0.2539746934525678,0.4233841340477362
4214706,Rio dos Cedros,SC,Sul,105,0.5766163193747883,0.6857142857142857,0.04818661414768581,0.10909796633949742,2.2640720513196073,0.4233836806252117
5209903,Iaciara,GO,Centro-Oeste,122,0.5767851019313528,0.6557377049180327,0.04469543786225915,0.07895260298667994,1.766457758619422,0.4232148980686472
3107109,Boa Esperança,MG,Sudeste,447,0.5768082245254817,0.7494407158836689,0.023365793225559185,0.17263249135818715,7.388257256738424,0.42319177547451825
4126256,Sarandi,PR,Sul,1465,0.5768362836915569,0.5658703071672355,0.012906248422647867,-0.010965976524321408,-0.8496641444680646,0.42316371630844307
3138500,Liberdade,MG,Sudeste,38,0.5768855793491594,0.7105263157894737,0.08011624754913785,0.13364073644031427,1.6680853201262096,0.4231144206508406
3510153,Canitar,SP,Sudeste,87,0.5769272727322483,0.7931034482758621,0.05284861340944929,0.2161761755436138,4.090479609536201,0.4230727272677517
4203154,Calmon,SC,Sul,75,0.5769369251166724,0.5866666666666667,0.057007949640145675,0.009729741549994286,0.17067341680260129,0.4230630748833276
3546306,Santa Cruz das Palmeiras,SP,Sudeste,278,0.5769987687757494,0.6007194244604317,0.029609672655543144,0.02372065568468229,0.8011117164526171,0.4230012312242506
5005707,Naviraí,MS,Centro-Oeste,801,0.5770621662716474,0.6017478152309613,0.017420099114526282,0.02468564895931391,1.417078559485866,0.4229378337283526
3128006,Guanhães,MG,Sudeste,306,0.5770807196483887,0.7320261437908496,0.02816921866332053,0.15494542414246093,5.500522609248555,0.4229192803516113
3503604,Areiópolis,SP,Sudeste,131,0.577109925440749,0.7480916030534351,0.043132635459359366,0.17098167761268612,3.964090665727794,0.422890074559251
3518107,Guarantã,SP,Sudeste,55,0.5771166145989495,0.4727272727272727,0.0665410862322137,-0.10438934187167676,-1.568795277963768,0.4228833854010505
4109658,Honório Serpa,PR,Sul,70,0.5771332167501791,0.7285714285714285,0.05902127407870126,0.1514382118212494,2.565824174166688,0.42286678324982085
3170404,Unaí,MG,Sudeste,764,0.5771729828130815,0.675392670157068,0.017845940976981625,0.09821968734398656,5.503755025900515,0.4228270171869185
3154408,Ressaquinha,MG,Sudeste,43,0.5771802955607516,0.813953488372093,0.07527963284296577,0.23677319281134146,3.1452490384119334,0.42281970443924843
3549953,São Lourenço da Serra,SP,Sudeste,137,0.5773454479042376,0.583941605839416,0.0421813765708252,0.006596157935178426,0.15637607094455677,0.4226545520957624
2513000,Salgadinho,PB,Nordeste,38,0.5773625832694823,0.8421052631578947,0.08002702834880747,0.2647426798884124,3.308165820358835,0.4226374167305177
3541000,Praia Grande,SP,Sudeste,3853,0.5773736585713707,0.5112899039709318,0.007954485385043307,-0.06608375460043892,-8.30773474355678,0.4226263414286293
3536109,Pardinho,SP,Sudeste,95,0.577465243845616,0.5684210526315789,0.05066238946971193,-0.0090441912140371,-0.17851884422948688,0.42253475615438396
3131901,Itabirito,MG,Sudeste,679,0.5774838272658247,0.8041237113402062,0.018929895563888865,0.22663988407438151,11.972590303494613,0.4225161727341753
3549508,São José da Bela Vista,SP,Sudeste,81,0.5776302486657062,0.5061728395061729,0.05473922232591703,-0.07145740915953336,-1.3054151323903789,0.4223697513342938
5106216,Nova Canaã do Norte,MT,Centro-Oeste,172,0.5776491443928252,0.686046511627907,0.03759185080425825,0.10839736723508175,2.883533662641663,0.4223508556071748
2110005,Santa Luzia,MA,Nordeste,694,0.5778329755801175,0.5951008645533141,0.018715532861741435,0.017267888973196643,0.9226501377631579,0.4221670244198825
3127701,Governador Valadares,MG,Sudeste,2139,0.577849362436753,0.6961196820944366,0.010625054359021871,0.11827031965768364,11.13126725391845,0.422150637563247
1300060,Amaturá,AM,Norte,176,0.5780748938851379,0.6477272727272727,0.037125421627537826,0.06965237884213482,1.8761370454166124,0.4219251061148621
1200104,Brasiléia,AC,Norte,385,0.5781244925879481,0.4883116883116883,0.024944808110510874,-0.08981280427625976,-3.6004608204789426,0.42187550741205193
3170008,Ubaí,MG,Sudeste,94,0.5782729028637738,0.6170212765957447,0.05089823592751262,0.03874837373197093,0.7612910943938199,0.42172709713622625
3543501,Riversul,SP,Sudeste,83,0.578286471929935,0.6385542168674698,0.05418040266493686,0.06026774493753484,1.1123532121059232,0.421713528070065
3164209,São Romão,MG,Sudeste,86,0.5783618136958417,0.7790697674418605,0.05310901022300757,0.2007079537460188,3.779169540219925,0.4216381863041583
3117504,Conceição do Mato Dentro,MG,Sudeste,206,0.5784205626729565,0.8058252427184466,0.03438527113307142,0.22740468004549008,6.613432802825117,0.4215794373270435
3149309,Pedro Leopoldo,MG,Sudeste,602,0.57855135835923,0.7591362126245847,0.020084844626712617,0.18058485426535476,8.991100385470691,0.42144864164077
3551702,Sertãozinho,SP,Sudeste,1386,0.5786107508250977,0.5440115440115441,0.013258108270081826,-0.03459920681355366,-2.609663921030879,0.4213892491749023
4304358,Candiota,RS,Sul,96,0.5787281433379178,0.3854166666666667,0.0502860045989987,-0.1933114766712511,-3.8442401263094252,0.4212718566620822
3520301,Iguape,SP,Sudeste,290,0.5787300538840714,0.6206896551724138,0.028983677099248137,0.04195960128834242,1.4476976521875096,0.4212699461159286
3509700,Campos do Jordão,SP,Sudeste,442,0.5787400283154692,0.5701357466063348,0.023480831491088004,-0.00860428170913441,-0.36643854423980293,0.4212599716845308
3541208,Presidente Bernardes,SP,Sudeste,64,0.5788038817413043,0.796875,0.061706171309583425,0.21807111825869574,3.5340244521835644,0.42119611825869574
5003801,Fátima do Sul,MS,Centro-Oeste,252,0.5789991879756528,0.5952380952380952,0.03106356621581102,0.01623890726244248,0.5227637789436118,0.42100081202434725
2707602,Quebrangulo,AL,Nordeste,166,0.579113135366067,0.6144578313253012,0.03828410680676119,0.035344695959234174,0.9232211198666936,0.420886864633933
2932606,Urandi,BA,Nordeste,148,0.5792140559908303,0.40540540540540543,0.040567164097433425,-0.17380865058542488,-4.28446637699334,0.4207859440091697
3553104,Taiaçu,SP,Sudeste,46,0.5792443603878759,0.391304347826087,0.07269566592185407,-0.18794001256178888,-2.585298726939505,0.42075563961212414
3511409,Cerqueira César,SP,Sudeste,236,0.5794802225002296,0.4025423728813559,0.03207734274154612,-0.17693784961887365,-5.515975903755465,0.42051977749977043
3525607,João Ramalho,SP,Sudeste,60,0.5795082573553685,0.65,0.06371911475888155,0.07049174264463154,1.1062887943653672,0.4204917426446315
3510401,Capivari,SP,Sudeste,567,0.579521146608668,0.6666666666666666,0.020722674860847085,0.08714552005799858,4.205321979096878,0.42047885339133195
3121100,Delfim Moreira,MG,Sudeste,43,0.5795914649313838,0.9302325581395349,0.07526235349609972,0.35064109320815107,4.6589174656400045,0.4204085350686162
4320008,Sapucaia do Sul,RS,Sul,1388,0.5796313619475333,0.48054755043227665,0.01324400932364414,-0.09908381151525664,-7.4814060526494215,0.4203686380524667
3507902,Brotas,SP,Sudeste,216,0.579995349244062,0.5601851851851852,0.03356320734070988,-0.01981016405887681,-0.5902345344346288,0.42000465075593796
3138203,Lavras,MG,Sudeste,781,0.5800233091486431,0.6965428937259923,0.017597486908734087,0.11651958457734923,6.621376403440741,0.4199766908513569
5220504,Serranópolis,GO,Centro-Oeste,90,0.5800966743423912,0.6666666666666666,0.05196546101091086,0.08656999232427542,1.6659140636912442,0.4199033256576088
3508801,Cafelândia,SP,Sudeste,178,0.5801033029842119,0.601123595505618,0.03695863837239188,0.021020292521406136,0.5687518114062422,0.41989669701578813
4314050,Parobé,RS,Sul,628,0.5801885497293847,0.37898089171974525,0.019684061362973234,-0.20120765800963947,-10.221856876961468,0.4198114502706153
3132404,Itajubá,MG,Sudeste,708,0.5802217034619251,0.7923728813559322,0.018545563762561414,0.21215117789400706,11.439456929440137,0.41977829653807486
4301909,Barra do Ribeiro,RS,Sul,72,0.5802597355922477,0.3472222222222222,0.05806946301569899,-0.23303751337002554,-4.013081941312669,0.41974026440775225
5106455,Planalto da Serra,MT,Centro-Oeste,61,0.5802644134690551,0.9016393442622951,0.06314666550704894,0.32137493079324,5.0893412694509665,0.4197355865309449
3502309,Anhembi,SP,Sudeste,66,0.580269421274058,0.4696969696969697,0.06065302070453252,-0.11057245157708828,-1.8230328892560062,0.419730578725942
3145372,Novorizonte,MG,Sudeste,30,0.5802840933011154,0.9333333333333333,0.09006951981174538,0.35304924003221794,3.919741559299166,0.4197159066988846
2502300,Bom Sucesso,PB,Nordeste,38,0.5803240623898578,0.4473684210526316,0.07965108170663797,-0.1329556413372262,-1.6692258094737957,0.4196759376101422
3519253,Iaras,SP,Sudeste,54,0.5803603972168645,0.42592592592592593,0.06707948734144956,-0.15443447129093857,-2.3022607567769957,0.4196396027831355
4120507,Primeiro de Maio,PR,Sul,85,0.5803627528561567,0.6235294117647059,0.053508693879187524,0.043166658908549205,0.8067223432141949,0.4196372471438433
3302056,Italva,RJ,Sudeste,104,0.5803875640037317,0.625,0.04836342893122884,0.044612435996268296,0.9224415427554914,0.4196124359962683
2202851,Coronel José Dias,PI,Nordeste,44,0.5805293354680232,0.6136363636363636,0.07431873704082774,0.033107028168340435,0.44547350354127735,0.4194706645319768
4205456,Forquilhinha,SC,Sul,405,0.5806481738037467,0.6320987654320988,0.024512181484421757,0.05145059162835208,2.098980527744971,0.41935182619625333
1503606,Itaituba,PA,Norte,1827,0.5806493116132961,0.6009852216748769,0.011538907037464612,0.020335910061580753,1.7623774934275807,0.41935068838670386
1200302,Feijó,AC,Norte,391,0.5806531855972816,0.6419437340153452,0.02479023073382618,0.061290548418063584,2.4723670011845775,0.41934681440271837
3532827,Nova Campina,SP,Sudeste,109,0.5807228593668401,0.6146788990825688,0.04724785364817276,0.03395603971572869,0.7186789894961058,0.4192771406331599
4204608,Criciúma,SC,Sul,2022,0.580792513325096,0.6043521266073195,0.010959207920431688,0.023559613282223557,2.1497551149020935,0.41920748667490404
3551900,Severínia,SP,Sudeste,161,0.5809854754008323,0.6086956521739131,0.03884313814294915,0.02771017677308074,0.7133866648750861,0.41901452459916766
3556354,Vargem,SP,Sudeste,86,0.5812511923257722,0.6627906976744186,0.053178290319302796,0.0815395053486464,1.5333231824312519,0.41874880767422784
3508405,Cabreúva,SP,Sudeste,668,0.5812553119906372,0.6452095808383234,0.019079973046065877,0.06395426884768618,3.3519056181724003,0.4187446880093628
3536307,Patrocínio Paulista,SP,Sudeste,190,0.5814778474222454,0.6684210526315789,0.03577301980017848,0.08694320520933352,2.430412799785489,0.4185221525777546
3542107,Rafard,SP,Sudeste,112,0.5815799089433163,0.7142857142857143,0.04654596091366492,0.13270580534239795,2.8510702698467294,0.41842009105668365
3509007,Caieiras,SP,Sudeste,1025,0.5816344264232133,0.5248780487804878,0.015400025331480306,-0.05675637764272545,-3.6854730054700386,0.4183655735767867
3529807,Mineiros do Tietê,SP,Sudeste,97,0.5816811443275431,0.6804123711340206,0.05004188842691076,0.0987312268064775,1.9729716425606219,0.41831885567245686
1100338,Nova Mamoré,RO,Norte,404,0.5817794702210366,0.45792079207920794,0.024514756772412577,-0.12385867814182866,-5.052413095169344,0.4182205297789634
3505005,Barão de Antonina,SP,Sudeste,40,0.5817999390411721,0.65,0.07794246012478176,0.06820006095882791,0.8750052391166923,0.4182000609588279
3535002,Palestina,SP,Sudeste,130,0.5819487950358259,0.7230769230769231,0.043231625824597934,0.1411281280410972,3.2644649686248464,0.41805120496417414
3514106,Dois Córregos,SP,Sudeste,249,0.582002857264574,0.5742971887550201,0.03124594656307431,-0.007705668509553898,-0.24661338052278012,0.417997142735426
5106372,Pedra Preta,MT,Centro-Oeste,282,0.5822037495915362,0.6524822695035462,0.029356276248106602,0.07027851991200995,2.393986189462389,0.4177962504084638
4313375,Nova Santa Rita,RS,Sul,357,0.5822731072631135,0.6470588235294118,0.026100824325232832,0.06478571626629825,2.482132957144461,0.41772689273688646
3300605,Bom Jesus do Itabapoana,RJ,Sudeste,249,0.5822982296268063,0.7068273092369478,0.03124877815755845,0.12452907961014148,3.9850863602492694,0.41770177037319367
3529203,Martinópolis,SP,Sudeste,193,0.582536719021482,0.6321243523316062,0.03546304812546132,0.04958763331012428,1.3982902184463373,0.41746328097851804
4201000,Anita Garibaldi,SC,Sul,71,0.5828960373676024,0.7887323943661971,0.058145347526050585,0.2058363569985947,3.5400314170686626,0.4171039626323976
2105104,Icatu,MA,Nordeste,234,0.583015555995701,0.6965811965811965,0.03213598278574794,0.11356564058549556,3.533909055859373,0.416984444004299
5106315,Novo Santo Antônio,MT,Centro-Oeste,36,0.5831796954981731,0.5833333333333334,0.08209308522545036,0.00015363783516031404,0.0018715076274497659,0.41682030450182694
3524501,Jaci,SP,Sudeste,97,0.5833512226729947,0.6701030927835051,0.05001024964815607,0.08675187011051044,1.7346818046470014,0.41664877732700534
2307304,Juazeiro do Norte,CE,Nordeste,2361,0.5833699333965616,0.5959339263024143,0.010141814249105496,0.012563992905852639,1.2388309031552986,0.4166300666034384
3540259,Pontalinda,SP,Sudeste,38,0.5833737113256657,0.5263157894736842,0.07994348248505397,-0.05705792185198155,-0.7137282499877206,0.41662628867433427
3501301,Álvares Machado,SP,Sudeste,247,0.5834778457173818,0.7246963562753036,0.03135585175396388,0.14121851055792178,4.503737027015045,0.4165221542826182
4220000,Balneário Rincão,SC,Sul,209,0.5834788471514653,0.5167464114832536,0.034014448680578936,-0.06673243566821163,-1.9618849711450277,0.41652115284853475
3533601,Nuporanga,SP,Sudeste,77,0.5834804931774829,0.6493506493506493,0.05615494693861644,0.0658701561731665,1.1730071839471214,0.41651950682251715
3303104,Natividade,RJ,Sudeste,110,0.5837097643385906,0.5727272727272728,0.046956544430073605,-0.010982491611317813,-0.23388628240463133,0.41629023566140944
3550209,São Miguel Arcanjo,SP,Sudeste,315,0.5837943558889481,0.7396825396825397,0.02776653067882049,0.1558881837935916,5.61424780059032,0.4162056441110519
4209904,Lontras,SC,Sul,179,0.5838188015144379,0.6033519553072626,0.03683655930855516,0.01953315379282472,0.5302654254217553,0.4161811984855621
2601003,Angelim,PE,Nordeste,88,0.5838696489498164,0.625,0.05249999061868886,0.04113035105018359,0.7834353980920917,0.4161303510501836
3529401,Mauá,SP,Sudeste,3825,0.583883479734108,0.7333333333333333,0.007966262267459022,0.14944985359922525,18.76034815093966,0.41611652026589196
2100154,Água Doce do Maranhão,MA,Nordeste,119,0.584060647331461,0.6554621848739496,0.04504009196293464,0.07140153754248857,1.585288449260891,0.415939352668539
3514007,Dobrada,SP,Sudeste,92,0.5840956995286234,0.9347826086956522,0.05135280821022116,0.3506869091670288,6.828972385140737,0.4159043004713766
3532157,Nantes,SP,Sudeste,40,0.5841444852190579,0.375,0.07791050271795087,-0.20914448521905793,-2.68441966003218,0.41585551478094207
3533007,Nova Granada,SP,Sudeste,181,0.5841673318875159,0.5966850828729282,0.036626854857820385,0.012517750985412301,0.34176428836175576,0.4158326681124841
3106200,Belo Horizonte,MG,Sudeste,16012,0.5842249300958144,0.7053459905071197,0.003884080585065924,0.12112106041130521,31.183972051715156,0.41577506990418556
3101201,Aiuruoca,MG,Sudeste,56,0.5843079439129616,0.8571428571428571,0.06583441136970425,0.2728349132298955,4.144259932662647,0.4156920560870384
3149101,Pedralva,MG,Sudeste,90,0.5843604935832022,0.8666666666666667,0.05193757856332866,0.2823061730834645,5.4354896953704195,0.4156395064167978
3509908,Cananéia,SP,Sudeste,120,0.5845096572104802,0.6,0.04495452333745728,0.015490342789519773,0.3445780677783945,0.4154903427895198
1718402,Presidente Kennedy,TO,Norte,45,0.5847007113208779,0.5777777777777777,0.0734063303073233,-0.00692293354310014,-0.09430976203437161,0.41529928867912214
5108907,Nova Maringá,MT,Centro-Oeste,102,0.5848699754385498,0.6176470588235294,0.04875416477360171,0.032777083384979644,0.6722929935767668,0.4151300245614502
3151503,Piumhi,MG,Sudeste,309,0.5848912587174878,0.7378640776699029,0.028029473262808625,0.1529728189524151,5.457570233950477,0.4151087412825122
3522307,Itapetininga,SP,Sudeste,1519,0.585118456746637,0.54312047399605,0.012604306902348802,-0.04199798275058697,-3.332034286055085,0.414881543253363
3530201,Mirante do Paranapanema,SP,Sudeste,116,0.5851521540893865,0.8793103448275862,0.045659492825346426,0.2941581907381997,6.442432285951873,0.4148478459106135
1100254,Presidente Médici,RO,Norte,202,0.5852092693744751,0.6831683168316832,0.034641352688539184,0.09795904745720807,2.827806648832655,0.41479073062552485
3503505,Areias,SP,Sudeste,30,0.585265897785926,0.5666666666666667,0.08991857700609004,-0.01859923111925932,-0.20684525643682752,0.41473410221407403
4118204,Paranaguá,PR,Sul,1256,0.5852718709012662,0.6226114649681529,0.013896959351033576,0.037339594066886694,2.686889493140065,0.4147281290987338
3550704,São Sebastião,SP,Sudeste,985,0.5853702298540875,0.43959390862944164,0.015689297456294608,-0.14577632122464584,-9.291449896385247,0.4146297701459125
1501758,Brejo Grande do Araguaia,PA,Norte,91,0.5856380953888906,0.7472527472527473,0.05162207473616838,0.1616146518638567,3.130727555795493,0.41436190461110944
4313409,Novo Hamburgo,RS,Sul,2045,0.5857387916991406,0.37359413202933983,0.010880605195543569,-0.21214465966980073,-19.49750550242279,0.41426120830085944
4123402,Santa Fé,PR,Sul,127,0.5857666251728806,0.6535433070866141,0.043664803788085654,0.06777668191373354,1.552203972853464,0.4142333748271194
4316402,Rosário do Sul,RS,Sul,280,0.5857688430265174,0.37142857142857144,0.029301964260246352,-0.214340271597946,-7.314877244893069,0.41423115697348256
4218806,Turvo,SC,Sul,129,0.5858813083224311,0.7286821705426356,0.04330439464782758,0.1428008622202045,3.2976067066987227,0.4141186916775689
3552205,Sorocaba,SP,Sudeste,6334,0.5859651506762292,0.5509946321439848,0.006175226412581595,-0.03497051853224442,-5.663034226728014,0.41403484932377077
4215000,Rio Negrinho,SC,Sul,486,0.5860019806169838,0.6790123456790124,0.022307364992175338,0.09301036506202853,4.169491335917685,0.41399801938301617
4206652,Guatambú,SC,Sul,125,0.5860035846062356,0.432,0.04400332184991693,-0.1540035846062356,-3.499817244059412,0.4139964153937644
2102358,Buritirana,MA,Nordeste,156,0.5860336111367773,0.5512820512820513,0.039314922111470134,-0.034751559854726,-0.8839279842954904,0.4139663888632227
3171402,Vieiras,MG,Sudeste,36,0.5861032327678767,0.75,0.08193740499677107,0.16389676723212332,2.000267975762499,0.4138967672321233
4126702,Tamboara,PR,Sul,47,0.5861688725698664,0.46808510638297873,0.07171658866686749,-0.11808376618688765,-1.6465335061515751,0.4138311274301336
3507001,Boituva,SP,Sudeste,647,0.5861905416381716,0.6986089644513137,0.01935166254046426,0.11241842281314207,5.809238486774743,0.41380945836182836
3517000,Getulina,SP,Sudeste,48,0.5862352702182797,0.6666666666666666,0.07103282634301844,0.08043139644838693,1.1323130528409875,0.4137647297817203
2200459,Alvorada do Gurguéia,PI,Nordeste,60,0.586261363839336,0.4,0.06352221199744934,-0.186261363839336,-2.9322241462059777,0.413738636160664
5004700,Ivinhema,MS,Centro-Oeste,378,0.5863806182185431,0.6878306878306878,0.025299598651181452,0.10145006961214464,4.009947786559337,0.41361938178145685
2924702,Piripá,BA,Nordeste,85,0.5863837398360319,0.5647058823529412,0.05334450047540763,-0.0216778574830907,-0.4063747394744922,0.41361626016396813
4218251,Timbó Grande,SC,Sul,81,0.5865460442146324,0.4444444444444444,0.054685860112573204,-0.142101599770188,-2.59850717310957,0.4134539557853676
2511509,Pilar,PB,Nordeste,86,0.5865510847089188,0.38372093023255816,0.053057012819961474,-0.20283015447636066,-3.822871731671454,0.4134489152910812
4216354,São João do Itaperiú,SC,Sul,64,0.5867130103970677,0.640625,0.06147836577581728,0.05391198960293231,0.8769261987139347,0.4132869896029323
3509254,Cajati,SP,Sudeste,385,0.5868057082213399,0.574025974025974,0.025087933502121466,-0.012779734195365933,-0.5093976430655504,0.41319429177866007
3150703,Pirajuba,MG,Sudeste,99,0.5868658488014207,0.7676767676767676,0.049428663487681095,0.18081091887534695,3.6580175573715383,0.4131341511985793
3530607,Mogi das Cruzes,SP,Sudeste,4279,0.5868934935923313,0.48118719326945547,0.007525502358614644,-0.10570630032287587,-14.046411161092925,0.41310650640766866
3513900,Divinolândia,SP,Sudeste,83,0.5870096071969657,0.6144578313253012,0.05403932461715729,0.027448224128335474,0.5079305546986936,0.4129903928030343
5212105,Joviânia,GO,Centro-Oeste,79,0.5870653275715466,0.6708860759493671,0.0553576683751219,0.0838207483778205,1.5141668866871947,0.4129346724284534
3547304,Santana de Parnaíba,SP,Sudeste,1695,0.5870726183634392,0.6064896755162242,0.01195726686294139,0.019417057152785078,1.623870854046377,0.41292738163656084
2111102,São João dos Patos,MA,Nordeste,276,0.5870843364606756,0.5543478260869565,0.02962458410603541,-0.03273651037371905,-1.1050453993394511,0.4129156635393244
5102637,Campo Novo do Parecis,MT,Centro-Oeste,779,0.5871238949388102,0.6713735558408216,0.017622552198650894,0.08424966090201136,4.780786571224408,0.41287610506118977
3303609,Paracambi,RJ,Sudeste,367,0.5872865783389486,0.7002724795640327,0.025696079202519123,0.11298590122508412,4.397009377757814,0.4127134216610514
3521804,Itaí,SP,Sudeste,282,0.5872985566127049,0.4716312056737589,0.029272125119255636,-0.11566735093894603,-3.9514504146082086,0.4127014433872951
3522653,Itapirapuã Paulista,SP,Sudeste,57,0.5874370418038232,0.2982456140350877,0.06516374078301676,-0.28919142776873547,-4.437919375004722,0.41256295819617683
3300159,Aperibé,RJ,Sudeste,91,0.5874557028509976,0.6813186813186813,0.05159092084345344,0.09386297846768377,1.819370093286373,0.4125442971490024
4215703,Santo Amaro da Imperatriz,SC,Sul,262,0.5874919586253496,0.6259541984732825,0.03038824344197088,0.038462239847932844,1.2656947388676807,0.41250804137465036
1501451,Belterra,PA,Norte,197,0.5876081494209371,0.5786802030456852,0.03502598234973653,-0.00892794637525185,-0.25489496015003293,0.4123918505790629
3553500,Tapiraí,SP,Sudeste,103,0.5876917882403009,0.5728155339805825,0.04846609467111551,-0.014876254259718391,-0.30694146827110125,0.4123082117596991
2111508,São Mateus do Maranhão,MA,Nordeste,453,0.5876932946809806,0.6578366445916115,0.023093453836337083,0.07014334991063087,3.037369395142693,0.41230670531901936
1101468,Pimenteiras do Oeste,RO,Norte,36,0.5876998212341077,0.5833333333333334,0.0818570594572501,-0.0043664879007743185,-0.053342838476316386,0.4123001787658923
3552700,Tabatinga,SP,Sudeste,171,0.5877684763445862,0.6198830409356725,0.03754948723404573,0.0321145645910863,0.8552597373944527,0.4122315236554138
3525508,Joanópolis,SP,Sudeste,134,0.5878401049341504,0.582089552238806,0.04250499131740904,-0.005750552695344413,-0.13529123326721212,0.4121598950658496
3531704,Monteiro Lobato,SP,Sudeste,51,0.5878497103838557,0.5098039215686274,0.06887672927311626,-0.07804578881522828,-1.1331227489876012,0.4121502896161443
3302254,Itatiaia,RJ,Sudeste,348,0.5879438746260343,0.6810344827586207,0.026374314593923875,0.0930906081325864,3.5295934535501696,0.41205612537396574
3517703,Guará,SP,Sudeste,180,0.5880504175860304,0.7777777777777778,0.03667224941864041,0.1897273601917474,5.173594835317341,0.4119495824139696
4301636,Balneário Pinhal,RS,Sul,163,0.5882913611319571,0.44785276073619634,0.03847956246427335,-0.14043860039576078,-3.64969327616841,0.4117086388680429
2604403,Chã de Alegria,PE,Nordeste,128,0.588302337672854,0.6328125,0.04343797046292623,0.044510162327146,1.0246832863688893,0.411697662327146
5208004,Formosa,GO,Centro-Oeste,1171,0.5883205089158214,0.6430401366353544,0.01438011183808112,0.05471962771953298,3.805229634906286,0.41167949108417856
3511607,Cesário Lange,SP,Sudeste,264,0.5883322295362565,0.5113636363636364,0.030273112640351665,-0.07696859317262017,-2.5424737154390633,0.4116677704637435
4203600,Campos Novos,SC,Sul,395,0.5883641121315724,0.6430379746835443,0.024745043026179685,0.05467386255197193,2.209487471657586,0.41163588786842764
3503109,Arandu,SP,Sudeste,81,0.5883939770243186,0.5679012345679012,0.054649198596554815,-0.020492742456417412,-0.37498706262289655,0.4116060229756814
3165503,Sardoá,MG,Sudeste,60,0.5883976329058717,0.85,0.06340365888478038,0.2616023670941283,4.125982186130968,0.41160236709412834
3135506,Jequeri,MG,Sudeste,122,0.5884111822868249,0.8524590163934426,0.044425054538780685,0.2640478341066177,5.943669329119633,0.4115888177131751
3138658,Lontra,MG,Sudeste,90,0.5886355817143704,0.7777777777777778,0.05180193756925666,0.18914219606340743,3.6512571718100997,0.41136441828562964
3519071,Hortolândia,SP,Sudeste,2413,0.588705834802196,0.5536676336510568,0.010013069103893343,-0.0350382011511392,-3.4992469129685158,0.41129416519780404
3128105,Guapé,MG,Sudeste,143,0.5888293092806682,0.7972027972027972,0.04113860833751835,0.20837348792212895,5.0651564635474715,0.41117069071933177
2202778,Colônia do Piauí,PI,Nordeste,56,0.588961217363072,0.42857142857142855,0.0656404514433002,-0.1603897887916435,-2.443459562891446,0.41103878263692795
3119005,Cordislândia,MG,Sudeste,34,0.5890438029999808,0.7352941176470589,0.08433468104067102,0.14625031464707805,1.7341657410970437,0.4109561970000192
3505104,Barbosa,SP,Sudeste,74,0.5890796433498419,0.6486486486486487,0.05709754968473512,0.05956900529880682,1.0432847929152456,0.41092035665015814
3100609,Água Boa,MG,Sudeste,108,0.589118887668088,0.7870370370370371,0.04730956870699691,0.19791814936894914,4.183469745723507,0.41088111233191205
3509502,Campinas,SP,Sudeste,8899,0.5891255639261489,0.6624339813462187,0.005210013325974537,0.07330841742006977,14.070677526790659,0.4108744360738511
3143450,Montezuma,MG,Sudeste,65,0.5892853922899359,0.8923076923076924,0.06089370701683959,0.30302230001775643,4.976249843583318,0.4107146077100641
4111258,Itaperuçu,PR,Sul,443,0.5893001886395387,0.5327313769751693,0.023364581358435374,-0.056568811664369445,-2.4211352558194355,0.4106998113604613
3548500,Santos,SP,Sudeste,2275,0.589318102935745,0.5283516483516484,0.010309877538649646,-0.06096645458409666,-5.913402400323937,0.41068189706425495
3163508,São José do Jacuri,MG,Sudeste,55,0.5896212081883028,0.8181818181818182,0.0663138936982819,0.22856060999351546,3.4466474104722513,0.41037879181169723
3125952,Fervedouro,MG,Sudeste,128,0.5896276130037643,0.75,0.04345111079319119,0.16037238699623568,3.690869670962845,0.4103723869962357
3114105,Carmo de Minas,MG,Sudeste,145,0.5897196453373125,0.7586206896551724,0.04041771284393714,0.1689010443178599,4.178886741316337,0.41028035466268753
5210109,Ipameri,GO,Centro-Oeste,266,0.5897329502529866,0.7406015037593985,0.030151248104509715,0.15086855350641193,5.003724986225248,0.41026704974701345
5106224,Nova Mutum,MT,Centro-Oeste,883,0.5897560339104457,0.7474518686296716,0.016544394619221626,0.15769583471922588,9.531677546908337,0.41024396608955427
1707652,Figueirópolis,TO,Norte,62,0.5897756680251167,0.5161290322580645,0.06241995826580722,-0.07364663576705222,-1.1798571773059774,0.4102243319748833
4318507,São José do Norte,RS,Sul,242,0.5898925826795397,0.43388429752066116,0.0315467327703192,-0.15600828515887855,-4.945307214370524,0.4101074173204603
1300144,Apuí,AM,Norte,245,0.5899843437450192,0.6204081632653061,0.03138885471508774,0.030423819520286943,0.9692554824455913,0.4100156562549808
4321204,Taquara,RS,Sul,489,0.5901499807571563,0.45194274028629855,0.022233588207197903,-0.13820724047085775,-6.216146452965003,0.4098500192428437
3150802,Piranga,MG,Sudeste,124,0.5901607598625668,0.7661290322580645,0.043939416666280096,0.17596827239549773,4.004793093453582,0.4098392401374332
3159001,Santana do Riacho,MG,Sudeste,59,0.5901824549060175,0.8135593220338984,0.06396264398592003,0.22337686712788085,3.4923019626432636,0.4098175450939825
3205002,Serra,ES,Sudeste,6396,0.5902033269804497,0.6072545340838024,0.006131049646311014,0.017051207103352617,2.78112363901867,0.40979667301955025
3517505,Guapiaçu,SP,Sudeste,186,0.5902785950243945,0.7150537634408602,0.03605381781861506,0.12477516841646574,3.4608032093633834,0.4097214049756055
4117602,Palmas,PR,Sul,629,0.5903815444141721,0.5453100158982512,0.01959258618679122,-0.04507152851592089,-2.3004379353608186,0.4096184555858279
3107604,Bom Jesus da Penha,MG,Sudeste,47,0.5904682281509563,0.8723404255319149,0.07158237393417988,0.2818721973809586,3.9377319008746565,0.40953177184904366
3540754,Potim,SP,Sudeste,197,0.5904707399285152,0.4720812182741117,0.035013552690940496,-0.11838952165440347,-3.3812484753949548,0.4095292600714848
3304508,Rio das Flores,RJ,Sudeste,75,0.5905394540394517,0.68,0.056738723067099525,0.08946054596054831,1.5767105977121088,0.40946054596054826
4105102,Centenário do Sul,PR,Sul,94,0.5906110774001541,0.7340425531914894,0.05067891739168286,0.1434314757913353,2.8302000747726015,0.40938892259984594
2611200,Poção,PE,Nordeste,83,0.5906256808729315,0.6385542168674698,0.0538789829833559,0.04792853599453828,0.8895590328671235,0.40937431912706845
3504305,Avaí,SP,Sudeste,44,0.5907519224950087,0.6363636363636364,0.07404266498666966,0.04561171386862761,0.6160193433993679,0.40924807750499126
1200328,Jordão,AC,Norte,97,0.5908255082964635,0.30927835051546393,0.049339484523302626,-0.2815471577809996,-5.706325481532488,0.4091744917035365
4317103,Sant'Ana do Livramento,RS,Sul,680,0.5908812914916152,0.4764705882352941,0.018808538179269006,-0.11441070325632108,-6.0829130986067765,0.40911870850838483
5201504,Aporé,GO,Centro-Oeste,61,0.5908879035617836,0.6557377049180327,0.06270695872740689,0.06484980135624918,1.0341723258842361,0.40911209643821644
5107768,Santa Rita do Trivelato,MT,Centro-Oeste,85,0.5910586084534382,0.6352941176470588,0.053240442692286255,0.044235509193620626,0.8308629109132049,0.40894139154656184
3500758,Alambari,SP,Sudeste,62,0.5911496895142123,0.6290322580645161,0.06239008076577886,0.03788256855030381,0.6071889647413713,0.4088503104857877
3114402,Carmo do Rio Claro,MG,Sudeste,163,0.5912246157337612,0.6871165644171779,0.03847933320780226,0.09589194868341677,2.4920376911306055,0.40877538426623883
3509452,Campina do Monte Alegre,SP,Sudeste,65,0.5912615357216242,0.4307692307692308,0.06095525091815585,-0.16049230495239342,-2.632952904547718,0.4087384642783758
5100201,Água Boa,MT,Centro-Oeste,350,0.5913607914932195,0.7971428571428572,0.02625336768634196,0.20578206564963764,7.838311187661216,0.4086392085067805
3532009,Morungaba,SP,Sudeste,128,0.5913759056918504,0.46875,0.043430506262088685,-0.12262590569185039,-2.82349703574358,0.4086240943081496
4214805,Rio do Sul,SC,Sul,472,0.5913872538139363,0.510593220338983,0.022595996259041528,-0.08079403347495329,-3.575590673176204,0.4086127461860637
5101803,Barra do Garças,MT,Centro-Oeste,721,0.591394981626644,0.6685159500693482,0.01829705400478637,0.07712096844270422,4.214939105635802,0.40860501837335605
5213806,Morrinhos,GO,Centro-Oeste,461,0.5914361339622318,0.6594360086767896,0.02288667989934421,0.06799987471455782,2.971155056723901,0.4085638660377682
3534906,Pacaembu,SP,Sudeste,80,0.5916280024493896,0.5375,0.054872614211811555,-0.054128002449389645,-0.9864301751772266,0.4083719975506104
3521101,Ipeúna,SP,Sudeste,99,0.5917831500794941,0.6262626262626263,0.04932871829089531,0.034479476183132185,0.6989736887101753,0.4082168499205059
3542602,Registro,SP,Sudeste,514,0.591850590646704,0.6439688715953308,0.02165846553988148,0.052118280948626805,2.4063699643290613,0.408149409353296
3512605,Coronel Macedo,SP,Sudeste,44,0.5919464815359406,0.38636363636363635,0.07404030947682602,-0.2055828451723043,-2.7766340608915194,0.40805351846405935
3163607,São José do Mantimento,MG,Sudeste,30,0.592056534979847,0.8666666666666667,0.08959175374712249,0.2746101316868197,3.0651273158679477,0.407943465020153
3547601,Santa Rosa de Viterbo,SP,Sudeste,199,0.5920959378254785,0.7537688442211056,0.03481379948873946,0.16167290639562704,4.6439316813989295,0.40790406217452146
2202455,Capitão Gervásio Oliveira,PI,Nordeste,53,0.59225769721447,0.7735849056603774,0.06742121554826007,0.18132720844590744,2.689468099490338,0.40774230278553003
3117009,Comercinho,MG,Sudeste,47,0.5922585568819946,0.6808510638297872,0.07136019072231421,0.08859250694779264,1.2414836066306911,0.4077414431180054
2611606,Recife,PE,Nordeste,9918,0.592335762408102,0.5462794918330308,0.004930359168909076,-0.04605627057507122,-9.341362159881335,0.40766423759189796
3524907,Jambeiro,SP,Sudeste,63,0.592350038379743,0.5714285714285714,0.061885936794669694,-0.020921466951171586,-0.3380649632983107,0.407649961620257
3504909,Bananal,SP,Sudeste,70,0.5924575187942005,0.6,0.05869983451265278,0.007542481205799478,0.12849237597379756,0.4075424812057995
2101608,Barra do Corda,MA,Nordeste,782,0.5925307409283485,0.6432225063938619,0.01751751278559713,0.05069176546551346,2.8937764216842554,0.40746925907165155
4208708,Jacinto Machado,SC,Sul,113,0.5925840311381136,0.6548672566371682,0.04617361178932651,0.06228322549905452,1.348892215389828,0.40741596886188636
3147204,Paraguaçu,MG,Sudeste,184,0.5926537386631555,0.6902173913043478,0.036204244914913385,0.09756365264119227,2.6948125246220367,0.4073462613368445
3514809,Eldorado,SP,Sudeste,85,0.5926557849307267,0.7529411764705882,0.053280731429485674,0.16028539153986154,3.00831815253871,0.4073442150692733
3531506,Monte Azul Paulista,SP,Sudeste,125,0.5926589235006469,0.552,0.043921265953106754,-0.040658923500646815,-0.9257229412298127,0.40734107649935314
3544103,Rio Grande da Serra,SP,Sudeste,394,0.5927836539434393,0.616751269035533,0.02473964678332725,0.023967615092093664,0.9687937464105639,0.40721634605656065
1300904,Canutama,AM,Norte,165,0.5929005542653112,0.7575757575757576,0.037394341710013705,0.16467520331044638,4.403746550413229,0.4070994457346888
5105002,Jauru,MT,Centro-Oeste,111,0.5930372895786404,0.7477477477477478,0.04655096232951933,0.15471045816910733,3.323464229889849,0.40696271042135956
3553856,Taquarivaí,SP,Sudeste,83,0.5930636522194758,0.46987951807228917,0.05390101381316481,-0.1231841341471866,-2.2853769425223693,0.40693634778052423
3534708,Ourinhos,SP,Sudeste,919,0.5932353558672073,0.5386289445048966,0.01617144387434123,-0.0546064113623107,-3.376718355307354,0.4067646441327927
4321600,Tramandaí,RS,Sul,598,0.593268877465343,0.41638795986622074,0.019903202748971303,-0.17688091759912222,-8.887058019255937,0.40673112253465704
2501708,Barra de São Miguel,PB,Nordeste,46,0.5933522823388194,0.782608695652174,0.07237647931210975,0.18925641331335452,2.6148883603086355,0.4066477176611806
3120706,Cruzeiro da Fortaleza,MG,Sudeste,73,0.5933613556898377,0.8082191780821918,0.057430819218541596,0.21485782239235407,3.7411589337556763,0.4066386443101623
4209706,Lebon Régis,SC,Sul,138,0.5935817299520123,0.5942028985507246,0.041789758536550065,0.0006211685987123072,0.014864134669958003,0.4064182700479877
1505502,Paragominas,PA,Norte,1446,0.5938073087137746,0.5705394190871369,0.012901070750356246,-0.023267889626637728,-1.8035626714158757,0.40619269128622537
3505708,Barueri,SP,Sudeste,4293,0.5938519785887071,0.6832052177964127,0.007492321775289107,0.08935323920770566,11.925974602746928,0.4061480214112929
3139904,Maria da Fé,MG,Sudeste,137,0.5940220449838398,0.7956204379562044,0.04193860840473406,0.2015983929723646,4.806988134341816,0.4059779550161602
3557303,Estiva Gerbi,SP,Sudeste,84,0.5941062695451554,0.5238095238095238,0.05353117239098114,-0.0702967457356316,-1.3131927173609803,0.40589373045484456
2106508,Matinha,MA,Nordeste,186,0.5941081865219632,0.46774193548387094,0.03596897947243019,-0.12636625103809224,-3.5132008995404087,0.4058918134780368
3526704,Leme,SP,Sudeste,993,0.5942324495897351,0.6193353474320241,0.01557738255219095,0.02510289784228903,1.6114965244118191,0.4057675504102649
1508159,Uruará,PA,Norte,397,0.5943459462625308,0.6120906801007556,0.024632165647894198,0.017744733838224835,0.7203887019873882,0.4056540537374692
3520202,Igaratá,SP,Sudeste,130,0.5943627221311143,0.5076923076923077,0.04305134903009588,-0.08667041443880663,-2.013186959094313,0.4056372778688857
3171071,Veredinha,MG,Sudeste,65,0.5944309261466364,0.7692307692307693,0.060883673494752794,0.17479984308413288,2.8710462600322213,0.4055690738533636
3157302,Santa Bárbara do Tugúrio,MG,Sudeste,45,0.5944492257019507,0.9111111111111111,0.07306203490793316,0.3166618854091604,4.334150914468671,0.4055507742980493
5006200,Nova Andradina,MS,Centro-Oeste,654,0.5944677710331493,0.6972477064220184,0.019189758384522023,0.10277993538886909,5.355978607410128,0.4055322289668507
3525300,Jaú,SP,Sudeste,1024,0.5944813597492377,0.55078125,0.015329823750660007,-0.04370010974923766,-2.850659633145241,0.40551864025076234
3507803,Brodowski,SP,Sudeste,239,0.5946628416962124,0.5397489539748954,0.031715541764015844,-0.054913887721317,-1.7314504078130484,0.4053371583037876
1708304,Goianorte,TO,Norte,41,0.5946822950184998,0.3902439024390244,0.07656154207133174,-0.20443839257947538,-2.67024914922693,0.4053177049815002
3162955,São José da Lapa,MG,Sudeste,328,0.5947138131289247,0.7530487804878049,0.02710123380763393,0.1583349673588802,5.842352731346131,0.4052861868710753
3505807,Bastos,SP,Sudeste,221,0.5947919595402611,0.47058823529411764,0.03299877254764949,-0.12420372424614345,-3.7638892194185725,0.4052080404597389
3513207,Cristais Paulista,SP,Sudeste,90,0.5948758604820908,0.5,0.051655613033874434,-0.09487586048209085,-1.8366999230049534,0.40512413951790915
4306932,Entre-Ijuís,RS,Sul,67,0.5949196077720895,0.4626865671641791,0.05965009138803184,-0.1322330406079104,-2.2168120371805764,0.4050803922279105
3300225,Areal,RJ,Sudeste,138,0.5949757049600201,0.6304347826086957,0.04176774506333587,0.03545907764867562,0.8489583910959545,0.40502429503997994
3301801,Engenheiro Paulo de Frontin,RJ,Sudeste,84,0.5950812725216958,0.5476190476190477,0.0535308878683773,-0.047462224902648176,-0.8866324993403647,0.40491872747830415
5216809,Petrolina de Goiás,GO,Centro-Oeste,61,0.5950909135689132,0.8524590163934426,0.06273641619641318,0.2573681028245294,4.102371771106107,0.4049090864310868
3503901,Arujá,SP,Sudeste,1016,0.5950971566670473,0.610236220472441,0.015391633318868827,0.015139063805393649,0.9835904670906142,0.4049028433329527
4208104,Itaiópolis,SC,Sul,247,0.5951122453583054,0.6153846153846154,0.031157889559073226,0.020272370026309994,0.6506336055872772,0.4048877546416946
2502052,Bernardino Batista,PB,Nordeste,35,0.5951215162270808,0.9428571428571428,0.08291699868596697,0.3477356266300621,4.193779709116672,0.40487848377291924
3549706,São José do Rio Pardo,SP,Sudeste,415,0.5952355095480965,0.6795180722891566,0.02403499321190331,0.08428256274106016,3.506660559376372,0.40476449045190355
3132305,Itaipé,MG,Sudeste,125,0.595245993243896,0.608,0.04378212756433725,0.012754006756103942,0.2913062353436822,0.40475400675610396
2900504,Érico Cardoso,BA,Nordeste,43,0.5953468420247539,0.37209302325581395,0.07479905059729484,-0.2232538187689399,-2.984714605147863,0.40465315797524615
3545407,Salto Grande,SP,Sudeste,91,0.5953517631018019,0.45054945054945056,0.05139433947034077,-0.14480231255235138,-2.817475894128682,0.40464823689819807
3530102,Mirandópolis,SP,Sudeste,162,0.5954199058459766,0.5370370370370371,0.03853311792158798,-0.0583828688089395,-1.5151348231862338,0.4045800941540234
3169802,Turvolândia,MG,Sudeste,70,0.5956010008982677,0.6714285714285714,0.05864479374720412,0.07582757053030365,1.2929974800008348,0.40439899910173227
5300108,Brasília,DF,Centro-Oeste,22111,0.5956800721673804,0.5942743430871512,0.003299937817364414,-0.0014057290802291789,-0.4259865361196118,0.4043199278326196
3158508,Santana de Pirapama,MG,Sudeste,37,0.5957083395054154,0.6486486486486487,0.08063228455020063,0.05294030914323333,0.6565646680923863,0.40429166049458465
3169000,Tocantins,MG,Sudeste,152,0.595739743040764,0.7105263157894737,0.03977397538479068,0.11478657274870963,2.8859718355586677,0.40426025695923595
2108256,Pedro do Rosário,MA,Nordeste,189,0.5958301851192432,0.5767195767195767,0.03566169965646274,-0.019110608399666495,-0.5358860790081047,0.40416981488075676
3512803,Cosmópolis,SP,Sudeste,529,0.5959754334898864,0.5954631379962193,0.02132463789107819,-0.0005122954936670476,-0.02402364327515179,0.40402456651011365
3106002,Bela Vista de Minas,MG,Sudeste,112,0.5960007474968368,0.7321428571428571,0.0462294314940976,0.13614210964602025,2.944922860740833,0.40399925250316315
3548054,Santo Antônio do Aracanguá,SP,Sudeste,87,0.5960817996295869,0.632183908045977,0.05258497630347427,0.036102108416390166,0.6865479639667521,0.40391820037041315
1200203,Cruzeiro do Sul,AC,Norte,1103,0.596455304505022,0.5158658204895739,0.01462485139833538,-0.08058948401544819,-5.510448059979672,0.40354469549497796
4110904,Itaguajé,PR,Sul,54,0.596465818939694,0.7592592592592593,0.0666835982899856,0.16279344031956533,2.4412815818910794,0.40353418106030603
3145877,Orizânia,MG,Sudeste,122,0.596544693841095,0.7540983606557377,0.044383387485298534,0.15755366681464267,3.549834200168485,0.403455306158905
1303700,Santo Antônio do Içá,AM,Norte,555,0.5968286957269436,0.418018018018018,0.020556767682885897,-0.1788106777089256,-8.698384905025252,0.40317130427305636
5103452,Denise,MT,Centro-Oeste,82,0.5968292417020813,0.8292682926829268,0.05404094031307113,0.2324390509808455,4.301165924098926,0.4031707582979187
5104104,Guarantã do Norte,MT,Centro-Oeste,460,0.596832409175773,0.5434782608695652,0.022853688309161027,-0.05335414830620777,-2.3345968311303373,0.40316759082422704
4213708,Pouso Redondo,SC,Sul,245,0.5968897201985096,0.6285714285714286,0.031308594233635405,0.03168170837291895,1.0119173073214096,0.4031102798014904
3546009,Santa Branca,SP,Sudeste,106,0.5970285561327119,0.49056603773584906,0.047628518635053865,-0.10646251839686283,-2.235268310833166,0.4029714438672881
3163102,São José da Varginha,MG,Sudeste,46,0.5970834139902477,0.8260869565217391,0.07225767521663469,0.22900354253149147,3.169262529481045,0.40291658600975233
3534104,Oriente,SP,Sudeste,43,0.5971569132823384,0.3953488372093023,0.07477900683503144,-0.20180807607303614,-2.698726348669502,0.40284308671766156
4307104,Herval,RS,Sul,44,0.5972431783682793,0.5681818181818182,0.0736738607252155,-0.029061360186461105,-0.3944595803775301,0.40275682163172066
4206702,Herval d'Oeste,SC,Sul,225,0.5973267940547246,0.6266666666666667,0.032652148485383496,0.029339872611942153,0.8985587158246552,0.40267320594527545
3520004,Igaraçu do Tietê,SP,Sudeste,209,0.5974305478410612,0.7751196172248804,0.03390313745081825,0.17768906938381923,5.24108040565817,0.4025694521589388
4200101,Abelardo Luz,SC,Sul,250,0.5974352719654937,0.588,0.03098766788641512,-0.009435271965493763,-0.30448473889931393,0.40256472803450627
1304302,Urucará,AM,Norte,180,0.5974906230139048,0.75,0.035638902020683476,0.15250937698609524,4.2792950494822914,0.40250937698609524
3506300,Bernardino de Campos,SP,Sudeste,92,0.5975175558520669,0.4782608695652174,0.05109944431646701,-0.11925668628684949,-2.333815717217467,0.4024824441479331
3544202,Riolândia,SP,Sudeste,85,0.5975424035587996,0.8470588235294118,0.053141262562589366,0.24951641997061214,4.6953423373547745,0.4024575964412004
4322400,Uruguaiana,RS,Sul,966,0.59758818098453,0.4668737060041408,0.015761043463268783,-0.13071447498038924,-8.293516560944724,0.40241181901546996
3501707,Américo Brasiliense,SP,Sudeste,359,0.5976471322697113,0.7075208913649025,0.025843243512375977,0.10987375909519115,4.25154679375188,0.40235286773028867
3548203,Santo Antônio do Pinhal,SP,Sudeste,72,0.5977543805921067,0.7361111111111112,0.057759617772273626,0.13835673051900443,2.3953886098155563,0.4022456194078933
5214838,Nova Crixás,GO,Centro-Oeste,143,0.5977817559772752,0.7202797202797203,0.04093046495894885,0.12249796430244508,2.9928309982626446,0.40221824402272477
2912004,Ibiassucê,BA,Nordeste,67,0.597783576779321,0.6119402985074627,0.05982169528184563,0.014156721728141641,0.2366486215651907,0.40221642322067896
3509809,Campos Novos Paulista,SP,Sudeste,61,0.5978301898187258,0.8688524590163934,0.06269696733733232,0.2710222691976676,4.3227333108389425,0.4021698101812742
3516705,Garça,SP,Sudeste,303,0.5978708419780226,0.5775577557755776,0.028157343613711423,-0.020313086202445096,-0.7214134430121985,0.40212915802197735
3146107,Ouro Preto,MG,Sudeste,607,0.5979631583856768,0.7462932454695222,0.01983621651541897,0.14833008708384543,7.477740877074333,0.4020368416143232
3506102,Bebedouro,SP,Sudeste,567,0.5979994844886805,0.5537918871252204,0.020577049990482897,-0.04420759736346003,-2.148393350062643,0.40200051551131954
3506904,Bofete,SP,Sudeste,115,0.5981672232759485,0.6869565217391305,0.04570728543044568,0.08878929846318195,1.9425633709596608,0.4018327767240515
3513603,Cunha,SP,Sudeste,135,0.5981963561308916,0.5777777777777777,0.04218513112719695,-0.020418578353113892,-0.48402310974327967,0.4018036438691084
2508307,Lagoa Seca,PB,Nordeste,210,0.5982469078524038,0.4714285714285714,0.03381623825519778,-0.12681833642383233,-3.750220100378537,0.40175309214759625
3122009,Divino,MG,Sudeste,186,0.5984492091309762,0.6827956989247311,0.03583106188837018,0.08434648979375492,2.354004747515774,0.4015507908690238
3106655,Berizal,MG,Sudeste,42,0.5984743308445646,0.8333333333333334,0.07559055399095814,0.2348590024887688,3.1069887715978606,0.4015256691554354
5203559,Bonfinópolis,GO,Centro-Oeste,123,0.5985723915371732,0.8617886178861789,0.044188510652705744,0.26321622634900566,5.956666619016009,0.40142760846282677
3157252,Santa Bárbara do Leste,MG,Sudeste,95,0.5985825464921399,0.6947368421052632,0.050281654098753875,0.09615429561312328,1.912313692470715,0.40141745350786007
5108055,Terra Nova do Norte,MT,Centro-Oeste,165,0.5986049967703758,0.6181818181818182,0.03813808553727556,0.019576821411442347,0.5133142142729811,0.4013950032296242
3147105,Pará de Minas,MG,Sudeste,854,0.5986612531063259,0.765807962529274,0.016685517216548807,0.16714670942294807,10.017472473503599,0.4013387468936741
3510906,Cássia dos Coqueiros,SP,Sudeste,32,0.5986622179741915,0.75,0.08661934213786208,0.1513377820258085,1.7471592174521655,0.4013377820258085
3517604,Guapiara,SP,Sudeste,144,0.5987432543070956,0.6041666666666666,0.04082984239358735,0.005423412359571,0.1328296177901189,0.40125674569290437
2701407,Campo Alegre,AL,Nordeste,456,0.5988225317862937,0.6754385964912281,0.0229221032747638,0.07661606470493432,3.3424535168762257,0.40117746821370626
4119301,Pinhão,PR,Sul,445,0.5988364521307533,0.6112359550561798,0.023224183945995652,0.012399502925426464,0.533904784523738,0.4011635478692467
3519303,Ibaté,SP,Sudeste,394,0.5988688227404868,0.6928934010152284,0.0246866605179105,0.09402457827474164,3.8087200253969375,0.4011311772595132
3520806,Inúbia Paulista,SP,Sudeste,39,0.5989548487753622,0.9487179487179487,0.07837018927265293,0.3497630999425865,4.46296102113199,0.4010451512246378
3540804,Potirendaba,SP,Sudeste,196,0.5989573859265789,0.6224489795918368,0.03499873771664069,0.02349159366525788,0.6712125978785926,0.4010426140734211
3154200,Resende Costa,MG,Sudeste,84,0.5990131473716737,0.8214285714285714,0.05342061185214918,0.22241542405689774,4.163475788567736,0.40098685262832634
1200450,Senador Guiomard,AC,Norte,280,0.5990154531207788,0.4857142857142857,0.02919593988602499,-0.11330116740649304,-3.8807165602065816,0.40098454687922125
3536604,Paulo de Faria,SP,Sudeste,60,0.5991828078281579,0.8,0.06321580325126049,0.20081719217184213,3.176692881266805,0.4008171921718421
3516606,Gália,SP,Sudeste,68,0.5992215487138461,0.6764705882352942,0.05940297034922343,0.07724903952144802,1.3004238519944296,0.40077845128615386
3538709,Piracicaba,SP,Sudeste,3598,0.5992564194046323,0.603390772651473,0.008145725073568732,0.0041343532468407496,0.5075488319948225,0.40074358059536774
3519006,Herculândia,SP,Sudeste,86,0.599287160179669,0.813953488372093,0.05280524546831852,0.21466632819242404,4.065246289238766,0.400712839820331
3542206,Rancharia,SP,Sudeste,346,0.599371262073836,0.5982658959537572,0.02633501274037951,-0.0011053661200787213,-0.041973251768504444,0.40062873792616405
2111201,São José de Ribamar,MA,Nordeste,1923,0.5994551763778586,0.5730629225169007,0.011169356352757688,-0.026392253860957893,-2.362916270859395,0.4005448236221414
4302808,Caçapava do Sul,RS,Sul,275,0.5997329505639207,0.48727272727272725,0.029196011047180257,-0.11246022329119348,-3.851903710731568,0.40026704943607927
3103405,Araçuaí,MG,Sudeste,277,0.5997716654905318,0.6353790613718412,0.029333512691629843,0.035607395881309345,1.2138810736932206,0.40022833450946815
3530805,Mogi Mirim,SP,Sudeste,657,0.599837595983359,0.5814307458143074,0.019110642062716152,-0.018406850169051525,-0.9631727761236402,0.40016240401664105
3134905,Jacutinga,MG,Sudeste,244,0.5999040724661892,0.7950819672131147,0.031317202916839475,0.1951778947469256,6.2322901334836995,0.40009592753381085
3515103,Embu-Guaçu,SP,Sudeste,756,0.5999718808057669,0.5753968253968254,0.017751429591452483,-0.02457505540894156,-1.384398663912383,0.4000281191942331
3547809,Santo André,SP,Sudeste,4506,0.6000360884632229,0.6096316023080337,0.007295662318918418,0.009595513844810832,1.315235468057322,0.39996391153677713
3511706,Charqueada,SP,Sudeste,183,0.6000592766802542,0.6229508196721312,0.036199103670337136,0.022891542991877012,0.6323787240797119,0.39994072331974584
3540705,Porto Ferreira,SP,Sudeste,460,0.6001524578739211,0.5043478260869565,0.022834610088707512,-0.09580463178696463,-4.195588688170474,0.39984754212607887
4207502,Indaial,SC,Sul,884,0.6002034049191018,0.669683257918552,0.016465022711425324,0.06947985299945014,4.2198455609318435,0.39979659508089815
3519501,Ibirarema,SP,Sudeste,65,0.6002178487301812,0.7076923076923077,0.060645332603551615,0.10747445896212648,1.7721802214311275,0.39978215126981875
3144300,Nanuque,MG,Sudeste,310,0.6002507164485319,0.6,0.027643999273903132,-0.000250716448531918,-0.00906947095634613,0.3997492835514681
3138682,Luislândia,MG,Sudeste,65,0.6002611438043324,0.7846153846153846,0.06028859727532127,0.18435424081105223,3.057862500418738,0.3997388561956676
3113503,Carbonita,MG,Sudeste,86,0.6002985051870432,0.7093023255813954,0.05280288808769351,0.10900382039435219,2.0643533780448107,0.3997014948129568
1100056,Cerejeiras,RO,Norte,244,0.6003444403091401,0.6680327868852459,0.031355295908131325,0.06768834657610578,2.1587532381906898,0.39965555969085986
3554953,Tuiuti,SP,Sudeste,65,0.6003656674325099,0.5538461538461539,0.06070875517840381,-0.046519513586355976,-0.7662735539486826,0.39963433256749015
3526209,Juquitiba,SP,Sudeste,349,0.6004111401748996,0.6361031518624641,0.026204505108381303,0.03569201168756453,1.3620563158870236,0.3995888598251004
3107208,Bocaina de Minas,MG,Sudeste,53,0.6004420635159392,0.7358490566037735,0.06720500789652195,0.13540699308783433,2.0148348661207733,0.3995579364840608
3102001,Alterosa,MG,Sudeste,144,0.6005051265824106,0.8541666666666666,0.04075936870869126,0.253661540084256,6.223392268344109,0.3994948734175894
5206503,Cromínia,GO,Centro-Oeste,44,0.6007817906498994,0.7272727272727273,0.07358986668090474,0.12649093662282784,1.7188635110769943,0.39921820935010055
4116307,Munhoz de Melo,PR,Sul,60,0.6008227226066379,0.8,0.06319798202293095,0.1991772773933621,3.151639831175179,0.39917727739336206
4306056,Cristal,RS,Sul,65,0.6008379164625706,0.6307692307692307,0.06064255732006731,0.029931314306660184,0.4935694606130268,0.39916208353742944
3539608,Planalto,SP,Sudeste,50,0.6008752531511145,0.84,0.06922401108675585,0.23912474684888552,3.4543613277364043,0.39912474684888555
4308300,Fontoura Xavier,RS,Sul,59,0.6008852294598734,0.6610169491525424,0.06346285510737706,0.06013171969266895,0.9475104703519572,0.39911477054012656
4101200,Antonina,PR,Sul,198,0.6009078455806757,0.6414141414141414,0.034785952531619216,0.040506295833465766,1.1644440610515685,0.39909215441932433
4311205,Júlio de Castilhos,RS,Sul,132,0.6009858488821349,0.4166666666666667,0.04258362105694958,-0.18431918221546822,-4.328405561588277,0.3990141511178651
3529302,Matão,SP,Sudeste,673,0.6010165995274124,0.7191679049034175,0.018786830080892315,0.11815130537600516,6.289049555846803,0.3989834004725876
3502705,Apiaí,SP,Sudeste,263,0.6012580911236798,0.7452471482889734,0.030108807438319098,0.14398905716529364,4.782290280353004,0.3987419088763202
3518404,Guaratinguetá,SP,Sudeste,904,0.6013016072495808,0.5597345132743363,0.01627974112773835,-0.041567093975244496,-2.5533019013686964,0.3986983927504192
4309209,Gravataí,RS,Sul,2356,0.6014144767949409,0.4066213921901528,0.010082114257171582,-0.19479308460478806,-19.320658309959974,0.39858552320505913
3517901,Guaraci,SP,Sudeste,101,0.6014470124300864,0.7326732673267327,0.048686129922867326,0.1312262548966463,2.6953519432443285,0.39855298756991364
4216602,São José,SC,Sul,1883,0.6014480152312491,0.5783324482209241,0.011268600010518656,-0.023115567010325022,-2.0513255407723974,0.39855198476875087
3507308,Boracéia,SP,Sudeste,66,0.6016235957874668,0.6666666666666666,0.06012256079250569,0.0650430708791998,1.0818413258157071,0.3983764042125332
4127882,Tunas do Paraná,PR,Sul,124,0.6016434536620106,0.7580645161290323,0.04393531383268352,0.1564210624670217,3.560258225597558,0.39835654633798945
3510302,Capela do Alto,SP,Sudeste,284,0.6016605975369529,0.4753521126760563,0.029021678897252372,-0.12630848486089657,-4.352211507407135,0.3983394024630471
4212270,Passos Maia,SC,Sul,51,0.6017055673086728,0.6862745098039216,0.06839903362204253,0.08456894249524882,1.2364055165246564,0.39829443269132725
3546603,Santa Fé do Sul,SP,Sudeste,338,0.6017376046946435,0.5414201183431953,0.026614023783515902,-0.06031748635144829,-2.2663798169748204,0.39826239530535645
2515104,São Sebastião de Lagoa de Roça,PB,Nordeste,74,0.6018228841103895,0.5675675675675675,0.05685637383193886,-0.03425531654282199,-0.6024885907088783,0.39817711588961047
3134202,Ituiutaba,MG,Sudeste,894,0.6018418124084556,0.6387024608501118,0.016355828091306236,0.03686064844165626,2.2536705714857166,0.3981581875915444
2102556,Campestre do Maranhão,MA,Nordeste,178,0.6018799310610597,0.6123595505617978,0.0366642227931852,0.010479619500738058,0.28582685523845086,0.39812006893894025
5212204,Jussara,GO,Centro-Oeste,183,0.6018957508520576,0.7978142076502732,0.03617529257235502,0.19591845679821562,5.415808494329512,0.3981042491479424
3128907,Guimarânia,MG,Sudeste,93,0.6019111849415836,0.8602150537634409,0.05066015258572389,0.2583038688218573,5.098758208135514,0.3980888150584164
3550001,São Luís do Paraitinga,SP,Sudeste,88,0.601921494016555,0.5909090909090909,0.05212879623181187,-0.011012403107464097,-0.2112537388834565,0.39807850598344496
1302900,Maués,AM,Norte,530,0.6021036414164307,0.5509433962264151,0.021014937906518087,-0.05116024519001561,-2.4344704427676427,0.3978963585835693
3521309,Ipuã,SP,Sudeste,143,0.6021274986916362,0.6433566433566433,0.04087802931292682,0.041229144665007156,1.0085893414624394,0.3978725013083638
3530904,Mombuca,SP,Sudeste,56,0.6022150350745622,0.75,0.0653328540745844,0.1477849649254378,2.262031362608551,0.3977849649254378
4317509,Santo Ângelo,RS,Sul,612,0.6022597785752165,0.43137254901960786,0.019752564543459594,-0.17088722955560864,-8.65139456598775,0.3977402214247835
3513702,Descalvado,SP,Sudeste,233,0.6023286422008846,0.8068669527896996,0.032050635146243504,0.204538310588815,6.381724095498554,0.39767135779911544
4215505,Santa Cecília,SC,Sul,230,0.6023712786200526,0.5739130434782609,0.03223465936251616,-0.028458235141791688,-0.8828458468180415,0.3976287213799474
2102408,Cajapió,MA,Nordeste,68,0.602425080037931,0.6323529411764706,0.05925114335079945,0.029927861138539513,0.5051018334169531,0.39757491996206895
3140803,Matias Barbosa,MG,Sudeste,114,0.6024760676670129,0.7807017543859649,0.04582079858245587,0.178225686718952,3.8896241932193663,0.3975239323329871
3537800,Piedade,SP,Sudeste,622,0.6025126892276274,0.6334405144694534,0.019615647536677574,0.030927825241826024,1.5766915256810565,0.39748731077237265
1200401,Rio Branco,AC,Norte,4491,0.6026863081086182,0.548207526163438,0.007300679453303354,-0.05447878194518019,-7.462152296048289,0.39731369189138177
3532405,Nazaré Paulista,SP,Sudeste,211,0.6029433486564101,0.6018957345971564,0.033673950581110834,-0.0010476140592536876,-0.0311105184029503,0.3970566513435899
3303906,Petrópolis,RJ,Sudeste,2256,0.6029667958198754,0.6533687943262412,0.010300012433013693,0.05040199850636573,4.893392006481156,0.39703320418012455
2611705,Riacho das Almas,PE,Nordeste,154,0.6029884433069918,0.6818181818181818,0.03941217446467784,0.07882973851119002,2.0001367491620936,0.39701155669300825
3514908,Elias Fausto,SP,Sudeste,207,0.6030935746875905,0.5652173913043478,0.033991408131204194,-0.03787618338324272,-1.1142869761983263,0.3969064253124095
3551603,Serra Negra,SP,Sudeste,267,0.603096862470555,0.6966292134831461,0.02992639788310854,0.09353235101259105,3.12541293402317,0.39690313752944495
3507456,Borebi,SP,Sudeste,52,0.6032160619759291,0.5384615384615384,0.067773367009862,-0.0647545235143907,-0.9554567873980349,0.39678393802407086
3538105,Pindorama,SP,Sudeste,113,0.6032742534823661,0.6283185840707964,0.04601111316245833,0.025044330588430364,0.5443104690817323,0.3967257465176339
2105906,Lago Verde,MA,Nordeste,109,0.6033498566694057,0.7614678899082569,0.04681559130863842,0.1581180332388512,3.3774652593072183,0.39665014333059434
3500550,Águas de Santa Bárbara,SP,Sudeste,104,0.6034726360556543,0.49038461538461536,0.047910615664624526,-0.1130880206710389,-2.360395897699537,0.39652736394434573
3554904,Três Fronteiras,SP,Sudeste,76,0.6035799664972307,0.6973684210526315,0.05607241488456093,0.09378845455540086,1.6726309139438316,0.39642003350276933
3169208,Tombos,MG,Sudeste,67,0.6035990279378436,0.8059701492537313,0.05968853274631469,0.20237112131588775,3.3904522695505963,0.3964009720621564
1300706,Boca do Acre,AM,Norte,348,0.6036820068720187,0.5086206896551724,0.02589668009770851,-0.0950613172168463,-3.6707916558484994,0.3963179931279813
4201257,Apiúna,SC,Sul,93,0.6037020024296723,0.7096774193548387,0.050707913694085054,0.10597541692516643,2.0899186971979127,0.3962979975703277
3526100,Juquiá,SP,Sudeste,194,0.6038024688700968,0.5515463917525774,0.03509787206630734,-0.05225607711751945,-1.4888673882791703,0.3961975311299032
4113759,Lunardelli,PR,Sul,54,0.6039801664950996,0.7037037037037037,0.0664156883472791,0.09972353720860416,1.5015057389326842,0.39601983350490044
1100601,Cacaulândia,RO,Norte,68,0.6040411212546891,0.7941176470588235,0.05927096559096316,0.19007652580413437,3.2069078664227915,0.3959588787453109
4200705,Alfredo Wagner,SC,Sul,114,0.6040731019698472,0.4824561403508772,0.04506489500974223,-0.12161696161897001,-2.6987073107055632,0.3959268980301528
2606804,Igarassu,PE,Nordeste,1170,0.604199009301831,0.67008547008547,0.014283590936636247,0.06588646078363902,4.612737866543463,0.395800990698169
3527108,Lins,SP,Sudeste,631,0.6042355371009375,0.8145800316957211,0.019396606720817004,0.21034449459478366,10.844396528854494,0.39576446289906253
3142601,Monsenhor Paulo,MG,Sudeste,89,0.604246227109183,0.7865168539325843,0.05181482426333267,0.18227062682340134,3.5177312557708924,0.39575377289081703
3130556,Imbé de Minas,MG,Sudeste,49,0.6043344687671788,0.8979591836734694,0.06974161515809146,0.2936247149062906,4.210179449396135,0.3956655312328212
2508000,Juru,PB,Nordeste,82,0.6043521815272526,0.47560975609756095,0.05398497649364921,-0.1287424254296916,-2.3847824671153997,0.39564781847274744
3103751,Araporã,MG,Sudeste,117,0.6043718672210932,0.7350427350427351,0.04513190786780484,0.13067086782164195,2.8953100809384775,0.39562813277890685
3538006,Pindamonhangaba,SP,Sudeste,1412,0.6044193073573786,0.6402266288951841,0.013009256060060497,0.035807321537805525,2.752449592235869,0.3955806926426214
3156809,Sabinópolis,MG,Sudeste,122,0.6044526303379384,0.7459016393442623,0.04371011524488197,0.14144900900632396,3.2360703744171953,0.3955473696620616
3154705,Ribeirão Vermelho,MG,Sudeste,40,0.6045323562471397,0.8,0.077203715002963,0.1954676437528603,2.531842460500229,0.39546764375286025
3523305,Itariri,SP,Sudeste,201,0.6049225518592279,0.6417910447761194,0.03445964970503053,0.03686849291689143,1.0699032994380453,0.39507744814077206
3205010,Sooretama,ES,Sudeste,431,0.6050752500721649,0.7122969837587007,0.023542168776672683,0.10722173368653576,4.554454379444385,0.3949247499278351
3528106,Macaubal,SP,Sudeste,54,0.6052287233961858,0.9629629629629629,0.06648188283783697,0.3577342395667771,5.3809282212924785,0.39477127660381417
2909000,Cordeiros,BA,Nordeste,61,0.6052860458697453,0.5245901639344263,0.06255695561805344,-0.08069588193531907,-1.289958584749781,0.3947139541302547
3528502,Mairiporã,SP,Sudeste,898,0.6053527759959639,0.6347438752783965,0.016307854418865356,0.029391099282432553,1.8022664740269054,0.39464722400403607
3555604,Uchoa,SP,Sudeste,98,0.6055087352028753,0.8775510204081632,0.04930632621400027,0.27204228520528795,5.517391095506989,0.3944912647971247
4103206,Bom Sucesso,PR,Sul,89,0.605568565936892,0.7415730337078652,0.051771958331679586,0.1360044677709732,2.6269909841859547,0.394431434063108
3512209,Conchal,SP,Sudeste,337,0.6056337967928377,0.5548961424332344,0.02660765084694328,-0.05073765435960331,-1.9068821464722474,0.3943662032071623
3508306,Cabrália Paulista,SP,Sudeste,49,0.6056469031789437,0.7755102040816326,0.06980838192074698,0.16986330090268897,2.4332794462351774,0.39435309682105635
4213401,Ponte Serrada,SC,Sul,164,0.6059287258583114,0.5487804878048781,0.03812332721688814,-0.057148238053433276,-1.4990359505693236,0.39407127414168863
3501509,Alvinlândia,SP,Sudeste,48,0.6059748881816801,0.9166666666666666,0.07048305807364061,0.3106917784849865,4.408034880671269,0.3940251118183199
3532207,Narandiba,SP,Sudeste,85,0.6059996966316732,0.611764705882353,0.05298323527288723,0.005765009250679798,0.1088081771712776,0.3940003033683268
4109500,Guaraqueçaba,PR,Sul,63,0.6060360524710744,0.5555555555555556,0.06150934135649674,-0.05048049691551881,-0.8206964308550015,0.3939639475289256
4311502,Lavras do Sul,RS,Sul,40,0.6060550600247127,0.45,0.07716902744977068,-0.15605506002471264,-2.022249925675024,0.39394493997528734
1502152,Canaã dos Carajás,PA,Norte,1402,0.6060820200725161,0.6533523537803139,0.013042250726563084,0.04727033370779776,3.6244000133751855,0.3939179799274839
3556453,Vargem Grande Paulista,SP,Sudeste,545,0.606292539410825,0.6440366972477064,0.020924420621786077,0.03774415783688145,1.8038328763847833,0.39370746058917505
3123700,Engenheiro Caldas,MG,Sudeste,85,0.606359868030006,0.6352941176470588,0.05293889761685895,0.02893424961705282,0.5465593527553623,0.39364013196999403
1508126,Ulianópolis,PA,Norte,377,0.6063721815969672,0.6206896551724138,0.025152388800712192,0.01431747357544666,0.5692291769536124,0.39362781840303285
2501302,Aroeiras,PB,Nordeste,203,0.606405215685218,0.4433497536945813,0.03419716983759639,-0.1630554619906367,-4.768098142770091,0.393594784314782
3117801,Conceição dos Ouros,MG,Sudeste,106,0.6065436858292009,0.7830188679245284,0.04740035416229899,0.17647518209532742,3.7230772894876636,0.39345631417079907
4102802,Bela Vista do Paraíso,PR,Sul,158,0.6066458901448842,0.5506329113924051,0.038856272548642226,-0.056012978752479126,-1.4415427697641165,0.39335410985511576
4125001,São João do Ivaí,PR,Sul,102,0.6066612085602505,0.7352941176470589,0.04833341081815251,0.12863290908680836,2.6613662663032644,0.3933387914397495
3541604,Promissão,SP,Sudeste,273,0.6067630950026252,0.7326007326007326,0.029414832225617804,0.1258376375981074,4.278033497961398,0.39323690499737485
3166907,Serrania,MG,Sudeste,77,0.6068108509127585,0.8181818181818182,0.05548175168382172,0.21137096726905968,3.809738533015617,0.39318914908724145
3170057,Ubaporanga,MG,Sudeste,163,0.6068732591095954,0.6932515337423313,0.0382125273068336,0.08637827463273584,2.260470079331515,0.39312674089040456
4122206,Rio Branco do Sul,PR,Sul,439,0.606909806878632,0.6173120728929385,0.023303313700621584,0.010402266014306494,0.44638570067522315,0.39309019312136795
4103602,Cambará,PR,Sul,179,0.6069330246477133,0.5810055865921788,0.03648051913724891,-0.025927438055534435,-0.710720095785613,0.39306697535228674
2103703,Cururupu,MA,Nordeste,276,0.6069355505747503,0.6702898550724637,0.029394237832817985,0.0633543044977134,2.1553307440065614,0.39306444942524965
4312708,Nonoai,RS,Sul,136,0.6069633263115912,0.4485294117647059,0.04160827702739785,-0.15843391454688532,-3.807749944621864,0.3930366736884088
3135456,Jenipapo de Minas,MG,Sudeste,44,0.6070266319456923,0.5909090909090909,0.07352082547423139,-0.016117541036601346,-0.2192241576810158,0.3929733680543077
3145505,Olímpio Noronha,MG,Sudeste,31,0.6071390490344777,0.9354838709677419,0.08768447844893308,0.3283448219332642,3.7446173797394513,0.3928609509655223
1716109,Paraíso do Tocantins,TO,Norte,611,0.6072961957568597,0.6366612111292962,0.019747565522640703,0.02936501537243652,1.487019518368953,0.39270380424314033
2411502,Santo Antônio,RN,Nordeste,145,0.6073335659004152,0.3586206896551724,0.04037515972812652,-0.2487128762452428,-6.160046868420984,0.3926664340995848
3535408,Panorama,SP,Sudeste,171,0.6073421956378958,0.9239766081871345,0.03732191579459375,0.31663441254923863,8.483873504561751,0.3926578043621042
3110202,Cajuri,MG,Sudeste,46,0.607348991297246,0.6956521739130435,0.07194279450327161,0.0883031826157975,1.2274082932903294,0.39265100870275405
5221080,Teresina de Goiás,GO,Centro-Oeste,61,0.6075254670314668,0.6229508196721312,0.062470112610541466,0.015425352640664358,0.2469237207371613,0.3924745329685332
3532900,Nova Europa,SP,Sudeste,86,0.6075700753641914,0.686046511627907,0.05253336015009118,0.07847643626371559,1.4938400292595673,0.3924299246358086
4321105,Tapes,RS,Sul,132,0.6075773502111453,0.5227272727272727,0.04244883914686299,-0.08485007748387263,-1.998878631057762,0.39242264978885466
3154101,Recreio,MG,Sudeste,76,0.608074819151172,0.6052631578947368,0.055914011977425994,-0.0028116612564351717,-0.05028545005088019,0.391925180848828
3123528,Durandé,MG,Sudeste,71,0.6081849663694726,0.7183098591549296,0.05768765196757485,0.11012489278545701,1.9089855286076844,0.3918150336305274
4210803,Meleiro,SC,Sul,83,0.6082265845584357,0.4819277108433735,0.05342007471923947,-0.1262988737150622,-2.3642586495592286,0.3917734154415643
4305439,Chuí,RS,Sul,33,0.6082651081431626,0.45454545454545453,0.08444453792125045,-0.15371965359770806,-1.8203623038480095,0.3917348918568374
3143906,Muriaé,MG,Sudeste,927,0.6083316387919329,0.7626752966558792,0.016009722422122157,0.15434365786394633,9.640620480132435,0.39166836120806714
3522604,Itapira,SP,Sudeste,520,0.6083898021204636,0.6307692307692307,0.021388557617156183,0.022379428648767186,1.046327155357882,0.39161019787953644
4128559,Vera Cruz do Oeste,PR,Sul,111,0.6084929541625698,0.7657657657657657,0.04630369905801094,0.15727281160319595,3.3965496235227106,0.39150704583743023
3155900,Rio Preto,MG,Sudeste,34,0.6085707646350615,0.6176470588235294,0.0836009652426305,0.009076294188467893,0.10856685879315223,0.39142923536493845
4204558,Correia Pinto,SC,Sul,168,0.6086611996754587,0.5654761904761905,0.037638785519672514,-0.043185009199268265,-1.1473539489391051,0.39133880032454127
3138625,Limeira do Oeste,MG,Sudeste,119,0.6090430392305102,0.5966386554621849,0.044704633697241224,-0.012404383768325311,-0.2774742290101977,0.3909569607694898
3508009,Buri,SP,Sudeste,278,0.6091925664607013,0.6330935251798561,0.029257592470436244,0.023900958719154763,0.8169147459178615,0.3908074335392987
4321352,Tavares,RS,Sul,39,0.6094145362874082,0.3076923076923077,0.0780887340020413,-0.30172222859510045,-3.86383813812647,0.39058546371259184
1501501,Benevides,PA,Norte,1028,0.6094147057456605,0.6517509727626459,0.015208685968560565,0.04233626701698545,2.783689998235422,0.3905852942543395
2111706,São Vicente Ferrer,MA,Nordeste,108,0.6094199972463673,0.7777777777777778,0.046723669274875826,0.16835778053141048,3.603265392984441,0.3905800027536327
3127503,Gonzaga,MG,Sudeste,40,0.6095275437176519,0.825,0.07694770884732333,0.215472456282348,2.800245251094872,0.39047245628234806
3168903,Tiros,MG,Sudeste,62,0.6095751273742084,0.8225806451612904,0.06194038599396292,0.213005517787082,3.4388794058829855,0.3904248726257916
3539905,Poloni,SP,Sudeste,45,0.6096668177474763,0.5777777777777777,0.07263386394486764,-0.03188903996969861,-0.4390381873929194,0.39033318225252367
5212956,Matrinchã,GO,Centro-Oeste,61,0.6097282527285064,0.5245901639344263,0.06236827354556552,-0.08513808879408014,-1.3650865087980872,0.3902717472714936
3505351,Barra do Chapéu,SP,Sudeste,49,0.6099670692494052,0.6530612244897959,0.06957660290420221,0.04309415524039062,0.61937711014327,0.39003293075059475
3501905,Amparo,SP,Sudeste,481,0.6099757196484515,0.6257796257796258,0.022047968409970718,0.015803906131174217,0.7167964792632432,0.39002428035154846
3545100,Salmourão,SP,Sudeste,54,0.6100684372435436,0.6296296296296297,0.06634707329128724,0.019561192386086,0.2948312776391117,0.38993156275645635
4318200,São Francisco de Paula,RS,Sul,247,0.6100700128834519,0.44129554655870445,0.031011610840170577,-0.1687744663247474,-5.4422992470332145,0.38992998711654814
3146552,Pai Pedro,MG,Sudeste,56,0.6102457499766439,0.7678571428571429,0.0648373167411434,0.15761139288049897,2.430874699977899,0.38975425002335606
3554409,Terra Roxa,SP,Sudeste,73,0.6102948479067839,0.7397260273972602,0.05701109453478233,0.12943117949047633,2.270280557611654,0.3897051520932161
3204203,Piúma,ES,Sudeste,320,0.6103133326410063,0.709375,0.027253643807804324,0.09906166735899369,3.6348045075215407,0.3896866673589937
3514304,Dourado,SP,Sudeste,79,0.6104254086353089,0.7215189873417721,0.054709710498258256,0.11109357870646319,2.030600741526497,0.3895745913646911
5100508,Alto Paraguai,MT,Centro-Oeste,73,0.6104850391065879,0.5342465753424658,0.056997929116136284,-0.07623846376412213,-1.337565503630531,0.3895149608934121
3159357,Santa Rita de Minas,MG,Sudeste,42,0.6105126826700792,0.5952380952380952,0.07505969101765479,-0.015274587431983955,-0.20349920476479472,0.3894873173299208
4318002,São Borja,RS,Sul,492,0.6105864048672126,0.4715447154471545,0.021967632927558246,-0.13904168942005812,-6.329388782058137,0.3894135951327874
3302403,Macaé,RJ,Sudeste,2721,0.6107489309152475,0.5938993017273061,0.009343858074955318,-0.016849629187941417,-1.803283938259303,0.3892510690847525
4215653,Santa Rosa do Sul,SC,Sul,116,0.6107988976571687,0.7413793103448276,0.04515974999542038,0.13058041268765896,2.8915220456468655,0.38920110234283134
4312401,Montenegro,RS,Sul,651,0.6110103056902012,0.4362519201228879,0.01910059467800041,-0.17475838556731332,-9.149368829264551,0.3889896943097988
3543808,Rinópolis,SP,Sudeste,85,0.6110760843797922,0.6352941176470588,0.052869199120858607,0.02421803326726657,0.45807452486473876,0.3889239156202078
3534005,Onda Verde,SP,Sudeste,43,0.6111758879405812,0.7441860465116279,0.07427658301228322,0.1330101585710467,1.7907414850929615,0.3888241120594188
5103700,Feliz Natal,MT,Centro-Oeste,153,0.6112308715830692,0.5163398692810458,0.03890754353354848,-0.09489100230202341,-2.438884434330904,0.3887691284169308
3528809,Maracaí,SP,Sudeste,110,0.6112471623534622,0.9090909090909091,0.04645675782082872,0.29784374673744685,6.411203896021984,0.3887528376465378
4307708,Esteio,RS,Sul,635,0.6112970515882479,0.46614173228346456,0.01933142133587145,-0.14515531930478331,-7.508776348246707,0.3887029484117521
5216403,Paraúna,GO,Centro-Oeste,148,0.6113183553545596,0.6824324324324325,0.04003062923134767,0.07111407707787287,1.7764916126320593,0.3886816446454404
4202453,Bombinhas,SC,Sul,230,0.6113270844802449,0.6782608695652174,0.032129646738059105,0.0669337850849725,2.0832406167007815,0.38867291551975514
3519907,Iepê,SP,Sudeste,82,0.6114204956461948,0.5365853658536586,0.053771459445248075,-0.07483512979253626,-1.391725844241515,0.38857950435380517
3168101,Tapira,MG,Sudeste,64,0.6116129990396169,0.796875,0.06091738571310612,0.18526200096038314,3.041200780231854,0.38838700096038314
1100049,Cacoal,RO,Norte,951,0.6116147909180324,0.6635120925341745,0.01578647476833639,0.051897301616142144,3.287453492798455,0.3883852090819676
2510907,Paulista,PB,Nordeste,72,0.611721060563252,0.4027777777777778,0.0573445950426377,-0.20894328278547425,-3.64364388012711,0.38827893943674796
5104526,Ipiranga do Norte,MT,Centro-Oeste,149,0.6117916342384345,0.5973154362416108,0.03989063385131879,-0.014476197996823759,-0.36289716655743676,0.3882083657615655
1100114,Jaru,RO,Norte,595,0.6118082791540018,0.653781512605042,0.019964816229449147,0.041973233451040204,2.1023601203565043,0.3881917208459982
2200608,Angical do Piauí,PI,Nordeste,97,0.6119012102296848,0.9587628865979382,0.049439168574056426,0.3468616763682534,7.015928592097555,0.3880987897703152
3304607,Santa Maria Madalena,RJ,Sudeste,70,0.6119961669015643,0.6714285714285714,0.058220686963966234,0.05943240452700704,1.0208124916799892,0.38800383309843567
2704609,Maravilha,AL,Nordeste,111,0.6120976593069525,0.7477477477477478,0.046195575587482586,0.1356500884407953,2.9364303121174187,0.3879023406930475
3158102,Santa Maria do Salto,MG,Sudeste,63,0.6121232669295924,0.5238095238095238,0.060165561055737136,-0.08831374312006857,-1.467845418049955,0.3878767330704076
3102308,Alvinópolis,MG,Sudeste,108,0.6121413722656862,0.8148148148148148,0.04678420233964995,0.20267344254912856,4.33209144141721,0.3878586277343138
4219309,Videira,SC,Sul,584,0.6121422912992337,0.6438356164383562,0.020127065668791192,0.031693325139122486,1.5746619830562687,0.3878577087007663
3557006,Votorantim,SP,Sudeste,1103,0.6122315462949266,0.5485040797824116,0.014663780808859586,-0.06372746651251504,-4.34590964930491,0.3877684537050734
5205521,Colinas do Sul,GO,Centro-Oeste,56,0.6122864414358352,0.5892857142857143,0.06495420213774078,-0.023000727150120914,-0.35410683825114136,0.3877135585641648
2923035,Novo Horizonte,BA,Nordeste,82,0.6123160081233681,0.7317073170731707,0.05376687572666037,0.11939130894980265,2.2205364796861784,0.38768399187663194
4204194,Chapadão do Lageado,SC,Sul,47,0.6123879330112526,0.6595744680851063,0.07102563836099239,0.04718653507385373,0.6643591830041022,0.3876120669887474
3304151,Quissamã,RJ,Sudeste,262,0.6126057869857132,0.7061068702290076,0.030062285940825908,0.09350108324329442,3.110245289640993,0.3873942130142868
3139508,Manhumirim,MG,Sudeste,207,0.6128245837311836,0.6956521739130435,0.03384395063045907,0.08282759018185981,2.4473381103243947,0.38717541626881635
3139805,Mar de Espanha,MG,Sudeste,156,0.6128340689715116,0.6858974358974359,0.038763720407069165,0.0730633669259243,1.884838868887313,0.3871659310284884
3553203,Taiúva,SP,Sudeste,61,0.6130236539349642,0.5737704918032787,0.062324228399411034,-0.039253162131685504,-0.629821870880257,0.38697634606503584
3545001,Salesópolis,SP,Sudeste,198,0.6130825844141004,0.6515151515151515,0.034602089369696734,0.03843256710105114,1.110700764061635,0.38691741558589965
3202207,Fundão,ES,Sudeste,191,0.6131105528670301,0.6282722513089005,0.0352309791447033,0.01516169844187043,0.430351321761373,0.3868894471329699
2109452,Raposa,MA,Nordeste,431,0.6131320431475861,0.4872389791183295,0.02343371702527158,-0.1258930640292566,-5.372304525717793,0.38686795685241393
4217402,Schroeder,SC,Sul,263,0.6132029678486282,0.7452471482889734,0.029996104188813516,0.13204418044034527,4.402044332463302,0.38679703215137184
3145455,Olhos-d'Água,MG,Sudeste,62,0.613209894117311,0.9032258064516129,0.06161915241205571,0.2900159123343019,4.7065871726849755,0.38679010588268903
3508702,Caconde,SP,Sudeste,164,0.6132516730704359,0.7073170731707317,0.03799680284533301,0.09406540010029574,2.475613553150549,0.38674832692956407
3133402,Itapagipe,MG,Sudeste,115,0.6132719467960855,0.7739130434782608,0.04538426795192255,0.1606410966821753,3.539576684421772,0.38672805320391446
3537909,Pilar do Sul,SP,Sudeste,316,0.6132886257820931,0.6329113924050633,0.02738408775145605,0.019622766622970245,0.7165755091449733,0.3867113742179069
4206009,Governador Celso Ramos,SC,Sul,115,0.6133316189778174,0.6869565217391305,0.04538861200977099,0.07362490276131306,1.622100775971372,0.3866683810221826
3545209,Salto,SP,Sudeste,1303,0.6134198189665067,0.6784343821949348,0.01348498019941268,0.06501456322842813,4.8212575967489935,0.38658018103349334
3516002,Flórida Paulista,SP,Sudeste,84,0.6134535501480771,0.5476190476190477,0.053056761020649434,-0.06583450252902945,-1.2408315408361807,0.3865464498519229
5108303,União do Sul,MT,Centro-Oeste,70,0.6134618388802004,0.7,0.0580554246666517,0.0865381611197995,1.4906128344886418,0.38653816111979955
1100023,Ariquemes,RO,Norte,1066,0.6137217800855556,0.6585365853658537,0.014900273142126169,0.04481480528029813,3.0076499170741617,0.38627821991444444
2708204,São Brás,AL,Nordeste,93,0.6137458636705874,0.7096774193548387,0.05045365331588774,0.09593155568425138,1.901379768946142,0.38625413632941263
3157336,Santa Cruz de Minas,MG,Sudeste,79,0.6137684688143805,0.4430379746835443,0.0547285294706435,-0.17073049413083624,-3.119588554309986,0.3862315311856195
3531308,Monte Alto,SP,Sudeste,304,0.613798185802199,0.5888157894736842,0.02788815791083033,-0.024982396328514844,-0.8958066147069886,0.386201814197801
5000807,Anaurilândia,MS,Centro-Oeste,105,0.6139070357100785,0.8,0.047466016015144705,0.1860929642899215,3.9205515843281624,0.38609296428992146
3503000,Aramina,SP,Sudeste,54,0.6140760317430493,0.7222222222222222,0.06617690009708634,0.10814619047917295,1.634198494044215,0.38592396825695074
3138906,Machacalis,MG,Sudeste,62,0.6140907931134009,0.6612903225806451,0.061647884024309985,0.04719952946724426,0.7656309736216053,0.38590920688659913
4310603,Itaqui,RS,Sul,327,0.6141690540310748,0.4892966360856269,0.02684044504882216,-0.1248724179454479,-4.652397444167107,0.3858309459689252
2609204,Maraial,PE,Nordeste,105,0.614206643553585,0.580952380952381,0.04747765752435514,-0.03325426260120401,-0.7004191936837911,0.385793356446415
2701506,Campo Grande,AL,Nordeste,46,0.6142213678928534,0.3695652173913043,0.07144422558680522,-0.2446561505015491,-3.424435613824244,0.3857786321071466
3535101,Palmares Paulista,SP,Sudeste,98,0.6142444186964746,0.7755102040816326,0.04915391811435359,0.161265785385158,3.2808327712550405,0.3857555813035254
4107256,Douradina,PR,Sul,110,0.6143316213858325,0.6909090909090909,0.04633262189661382,0.07657746952325839,1.6527765187589132,0.3856683786141675
3554300,Teodoro Sampaio,SP,Sudeste,223,0.6143829001806477,0.7219730941704036,0.03255160710333523,0.10759019398975589,3.305219114012107,0.3856170998193523
3121605,Diamantina,MG,Sudeste,484,0.6144333607180382,0.7252066115702479,0.022064941384076706,0.11077325085220968,5.020328353654719,0.3855666392819618
1100205,Porto Velho,RO,Norte,5422,0.6148524197451012,0.5208410180745112,0.0066031244890223,-0.09401140167058997,-14.237411671835659,0.3851475802548988
3554706,Torrinha,SP,Sudeste,89,0.6150221380185708,0.6629213483146067,0.051552103540579826,0.04789921029603594,0.9291417227685294,0.38497786198142925
3167707,Sobrália,MG,Sudeste,40,0.6150855121245034,0.775,0.07683812740924852,0.15991448787549667,2.0811866877464897,0.38491448787549665
3528908,Mariápolis,SP,Sudeste,31,0.6153323082712289,0.4838709677419355,0.087339388843593,-0.13146134052929337,-1.505178159246268,0.38466769172877113
2203206,Curimatá,PI,Nordeste,137,0.6153439093861826,0.8102189781021898,0.0415237799459789,0.19487506871600724,4.693095594127833,0.38465609061381745
5203302,Bela Vista de Goiás,GO,Centro-Oeste,363,0.6153622644630324,0.6225895316804407,0.025527395482512972,0.007227267217408295,0.28311808082258877,0.38463773553696756
3100203,Abaeté,MG,Sudeste,185,0.6154140717184674,0.7891891891891892,0.03474427853661349,0.17377511747072183,5.001546291646199,0.3845859282815326
4112702,Jataizinho,PR,Sul,132,0.6158278777939287,0.6136363636363636,0.04230552264221887,-0.002191514157565022,-0.051802082108731516,0.38417212220607133
2605152,Dormentes,PE,Nordeste,169,0.616127710707323,0.834319526627219,0.037369038520294134,0.218191815919896,5.838839439270074,0.383872289292677
4205902,Gaspar,SC,Sul,624,0.6161280638486529,0.6778846153846154,0.01945373601049468,0.06175655153596249,3.1745342644028254,0.38387193615134707
3148301,Paula Cândido,MG,Sudeste,79,0.616151901779814,0.9113924050632911,0.05469311144360806,0.29524050328347706,5.398129590558915,0.38384809822018595
3512407,Cordeirópolis,SP,Sudeste,324,0.6161751732378102,0.6975308641975309,0.027005894317038783,0.08135569095972062,3.012516082772012,0.38382482676218976
3536505,Paulínia,SP,Sudeste,1040,0.616322660159185,0.6192307692307693,0.015073762790901672,0.0029081090715842306,0.1929252245722964,0.383677339840815
3112406,Capetinga,MG,Sudeste,67,0.6163863022538585,0.7910447761194029,0.059355979148967924,0.17465847386554445,2.942559054197346,0.3836136977461415
4217709,Sombrio,SC,Sul,332,0.6164609881988449,0.5210843373493976,0.02665563732221986,-0.09537665084944724,-3.5781043122890277,0.3835390118011551
4215109,Rodeio,SC,Sul,120,0.6166729508949406,0.6833333333333333,0.04424886880063133,0.06666038243839278,1.50648783223678,0.38332704910505944
3507407,Borborema,SP,Sudeste,118,0.6168060976470845,0.8559322033898306,0.04471410846979493,0.23912610574274606,5.347889378232364,0.3831939023529155
3300233,Armação dos Búzios,RJ,Sudeste,634,0.616816132485004,0.6861198738170347,0.019285887183928947,0.06930374133203066,3.593495112311033,0.383183867514996
4211108,Monte Castelo,SC,Sul,108,0.6168170036067662,0.5462962962962963,0.04672673661244181,-0.07052070731046989,-1.5092153320138457,0.38318299639323383
2509503,Montadas,PB,Nordeste,69,0.6168327325425647,0.8260869565217391,0.05851044664469711,0.20925422397917448,3.576356633369496,0.38316726745743535
3508207,Buritizal,SP,Sudeste,49,0.616852017262991,0.5714285714285714,0.06942682935128094,-0.045423445834419596,-0.6542635787757103,0.383147982737009
3504008,Assis,SP,Sudeste,869,0.6168846743523423,0.5512082853855006,0.0164807823671222,-0.06567638896684169,-3.9850285929301914,0.3831153256476577
3549102,São João da Boa Vista,SP,Sudeste,627,0.6172090760159261,0.6172248803827751,0.019399796294366264,1.580436684900377e-05,0.0008146666392364845,0.3827909239840739
5221197,Terezópolis de Goiás,GO,Centro-Oeste,107,0.6172511892621793,0.719626168224299,0.04693586343928888,0.10237497896211978,2.1811674796297487,0.38274881073782074
3302452,Macuco,RJ,Sudeste,105,0.6172797384880884,0.780952380952381,0.0473474824285393,0.16367264246429258,3.456839393970329,0.38272026151191163
3502200,Angatuba,SP,Sudeste,232,0.6173242413462456,0.6077586206896551,0.03189384820025099,-0.009565620656590501,-0.29992055510301274,0.38267575865375436
5207907,Flores de Goiás,GO,Centro-Oeste,138,0.6173253642955941,0.6666666666666666,0.04135493097147401,0.04934130237107248,1.1931177543279505,0.38267463570440585
2601508,Belém de Maria,PE,Nordeste,123,0.6173468902996917,0.7967479674796748,0.04380407941446499,0.1794010771799831,4.0955335571038445,0.3826531097003083
4207403,Imbuia,SC,Sul,84,0.6173509296129323,0.7976190476190477,0.052983489074657386,0.18026811800611542,3.4023451674181975,0.38264907038706775
3140506,Martinho Campos,MG,Sudeste,160,0.6175845518448866,0.78125,0.038298365804773596,0.1636654481551134,4.273431639078286,0.3824154481551134
4204350,Cordilheira Alta,SC,Sul,94,0.6175966733267652,0.648936170212766,0.05007416553493931,0.031339496886000795,0.6258615905268281,0.38240332667323484
3507159,Bom Sucesso de Itararé,SP,Sudeste,54,0.6176609521165778,0.5555555555555556,0.06602566321815055,-0.06210539656102221,-0.9406251074801676,0.3823390478834222
4207205,Imaruí,SC,Sul,111,0.6176719478764464,0.45045045045045046,0.04603019380885119,-0.16722149742599596,-3.6328653778955147,0.3823280521235536
3522901,Itapuí,SP,Sudeste,147,0.617685443967977,0.5306122448979592,0.04005548875125155,-0.08707319907001776,-2.173814420559208,0.382314556032023
3541653,Quadra,SP,Sudeste,59,0.6177212033024501,0.6610169491525424,0.06322050297781492,0.043295745850092326,0.6848370988963104,0.38227879669754994
3541703,Quatá,SP,Sudeste,110,0.6177238172409987,0.6818181818181818,0.046286595049705934,0.0640943645771831,1.3847284404556843,0.3822761827590013
3502507,Aparecida,SP,Sudeste,321,0.6177342632238,0.5389408099688473,0.027115753455662556,-0.07879345325495268,-2.905818323794293,0.3822657367762
4119152,Pinhais,PR,Sul,1315,0.6178263953941115,0.5733840304182509,0.013395748166310662,-0.044442364975860627,-3.317647093995837,0.38217360460588845
2603009,Cabrobó,PE,Nordeste,311,0.6178486525168805,0.6430868167202572,0.027527266695202317,0.025238164203376767,0.9168423615329555,0.3821513474831195
3510203,Capão Bonito,SP,Sudeste,504,0.6179233290758576,0.746031746031746,0.021635326420091666,0.12810841695588848,5.921261111037386,0.38207667092414244
3556305,Valparaíso,SP,Sudeste,269,0.6179628554709166,0.7063197026022305,0.029616954593233033,0.08835684713131398,2.9833198026208274,0.38203714452908344
4127106,Telêmaco Borba,PR,Sul,921,0.6180028879576616,0.6243213897937026,0.016002491039127854,0.006318501836040991,0.3948448913729467,0.38199711204233844
2931053,Tanque Novo,BA,Nordeste,178,0.6180332841475296,0.6179775280898876,0.03629099968831258,-5.5756057641964674e-05,-0.0015363604783783559,0.38196671585247044
4318309,São Gabriel,RS,Sul,533,0.618165963578396,0.399624765478424,0.020999692901001732,-0.21854119809997202,-10.406875906720861,0.38183403642160396
4300646,Ametista do Sul,RS,Sul,67,0.6183187019698123,0.7313432835820896,0.059299423440538575,0.11302458161227724,1.9059979853870013,0.3816812980301877
3538501,Piquete,SP,Sudeste,87,0.618377329949137,0.7011494252873564,0.052025878922576735,0.08277209533821939,1.590979279012243,0.38162267005086303
3159704,Santa Rosa da Serra,MG,Sudeste,48,0.6185039080854418,0.8333333333333334,0.07005549714920903,0.21482942524789161,3.0665605696913847,0.38149609191455824
1303403,Parintins,AM,Norte,1355,0.6185496796365091,0.6214022140221402,0.012847607984518027,0.002852534385631156,0.22202844210911435,0.3814503203634909
3521150,Ipiguá,SP,Sudeste,68,0.6187787536223517,0.4264705882352941,0.05887154532978469,-0.19230816538705758,-3.26657240454267,0.3812212463776483
3521408,Iracemápolis,SP,Sudeste,237,0.618910896999665,0.6286919831223629,0.03153438171200035,0.009781086122697902,0.3101721229871372,0.38108910300033505
3122405,Divisa Nova,MG,Sudeste,76,0.6189403773162799,0.6710526315789473,0.055690244763130024,0.05211225426266741,0.9357519343705338,0.38105962268372007
3500204,Adolfo,SP,Sudeste,44,0.6191598622513093,0.8636363636363636,0.07312607452652885,0.2444765013850544,3.343219268475332,0.38084013774869074
3522406,Itapeva,SP,Sudeste,980,0.6191921074638106,0.5642857142857143,0.01550715093517987,-0.05490639317809631,-3.540714436043467,0.3808078925361894
3528601,Manduri,SP,Sudeste,112,0.6193132758277154,0.6517857142857143,0.04584427416238436,0.03247243845799885,0.7083204838837384,0.38068672417228455
3305505,Saquarema,RJ,Sudeste,1186,0.619323111371124,0.6256323777403036,0.014091395491138465,0.006309266369179611,0.44773893211266874,0.38067688862887605
2104651,Governador Newton Bello,MA,Nordeste,82,0.6193347618503426,0.7804878048780488,0.05356979961804326,0.16115304302770617,3.0082816097267417,0.38066523814965736
3171303,Viçosa,MG,Sudeste,534,0.6194581461636969,0.7827715355805244,0.020983135459178435,0.1633133894168275,7.783078450527326,0.3805418538363031
5211909,Jataí,GO,Centro-Oeste,1147,0.6195725027630609,0.7018308631211857,0.01432064017715292,0.08225836035812484,5.744042119664415,0.38042749723693914
3544905,Sales Oliveira,SP,Sudeste,95,0.6197170104837667,0.49473684210526314,0.049701639198934604,-0.12498016837850356,-2.514608580177022,0.3802829895162333
3500402,Águas da Prata,SP,Sudeste,53,0.6197774011373471,0.6037735849056604,0.06660201283116841,-0.016003816231686785,-0.24029027879765996,0.38022259886265286
3503208,Araraquara,SP,Sudeste,1853,0.6198306329542428,0.6627091203453859,0.011269304766398529,0.04287848739114308,3.8048919857942836,0.3801693670457572
3554201,Tejupá,SP,Sudeste,64,0.6198639171097737,0.59375,0.06064814781306312,-0.026113917109773732,-0.4305806203722021,0.38013608289022627
4217006,São Ludgero,SC,Sul,189,0.6199366571780569,0.6878306878306878,0.03529670892858216,0.06789403065263089,1.9235229774539249,0.3800633428219431
2210607,São Raimundo Nonato,PI,Nordeste,413,0.619966450166344,0.7360774818401937,0.023873278510096737,0.11611103167384973,4.863639974071548,0.380033549833656
2305506,Iguatu,CE,Nordeste,741,0.6200043784127613,0.6342780026990553,0.017818299477491962,0.014273624286293973,0.8010654610629026,0.37999562158723865
3305307,São Sebastião do Alto,RJ,Sudeste,59,0.6200294050811239,0.4915254237288136,0.0631367261354058,-0.12850398135231034,-2.0353285515108124,0.3799705949188761
2605806,Frei Miguelinho,PE,Nordeste,97,0.6200640966205964,0.711340206185567,0.04922499875204015,0.09127610956497068,1.854263319025228,0.37993590337940364
3523602,Itirapina,SP,Sudeste,160,0.6201493628530218,0.7,0.03834297753547206,0.07985063714697815,2.0825361586252997,0.3798506371469782
2106409,Mata Roma,MA,Nordeste,199,0.6202172401773046,0.7688442211055276,0.03437929366287335,0.14862698092822302,4.323154000360607,0.3797827598226954
3143302,Montes Claros,MG,Sudeste,3495,0.6203705712075159,0.7525035765379113,0.008189003017806975,0.1321330053303954,16.135420275590615,0.37962942879248407
2917409,Jacaraci,BA,Nordeste,102,0.6204793061008431,0.5686274509803921,0.047970366951524665,-0.051851855120450985,-1.0809142897082415,0.3795206938991569
3523503,Itatinga,SP,Sudeste,210,0.6205012038284068,0.5428571428571428,0.03347561854042166,-0.07764406097126397,-2.3194212491550865,0.3794987961715932
3163409,São José do Goiabal,MG,Sudeste,50,0.6206126378980039,0.86,0.06858637389295309,0.23938736210199607,3.490304976256981,0.3793873621019961
4124103,Santo Antônio da Platina,PR,Sul,554,0.6206177945149617,0.555956678700361,0.020612322786660114,-0.06466111581460066,-3.1370125765955907,0.3793822054850383
4314209,Pedro Osório,RS,Sul,51,0.6206656422213188,0.35294117647058826,0.06782270297699736,-0.26772446575073056,-3.94741663188404,0.3793343577786812
3543006,Ribeirão Branco,SP,Sudeste,230,0.6208850317610725,0.6478260869565218,0.03197729205362159,0.026941055195449315,0.8425058366503584,0.37911496823892754
3517307,Guaimbê,SP,Sudeste,49,0.6208883365240871,0.8367346938775511,0.06930280614782394,0.2158463573534639,3.1145399349783953,0.37911166347591285
3546405,Santa Cruz do Rio Pardo,SP,Sudeste,388,0.620949743662709,0.7061855670103093,0.024619009765170743,0.08523582334760027,3.4621954400532373,0.37905025633729095
3548708,São Bernardo do Campo,SP,Sudeste,6727,0.621168437885093,0.5430355284673704,0.005911333878674193,-0.07813290941772266,-13.217475280764633,0.378831562114907
4209003,Joaçaba,SC,Sul,185,0.6213034911617565,0.7405405405405405,0.03559278638007678,0.11923704937878399,3.3500341362857577,0.37869650883824346
4200507,Águas de Chapecó,SC,Sul,87,0.6213055816330714,0.6666666666666666,0.05197050520245078,0.04536108503359526,0.8728236305745237,0.37869441836692863
2101301,Bacuri,MA,Nordeste,177,0.6213062445223516,0.576271186440678,0.036436879563313034,-0.04503505808167363,-1.235974612025169,0.3786937554776484
3303856,Paty do Alferes,RJ,Sudeste,292,0.6213471590692246,0.7534246575342466,0.028370914131762653,0.13207749846502204,4.6553839559633605,0.37865284093077545
3538600,Piracaia,SP,Sudeste,277,0.621348326954201,0.5740072202166066,0.029136212165887066,-0.047341106737594396,-1.6248202226170558,0.37865167304579905
3111606,Campos Gerais,MG,Sudeste,204,0.6213569880049841,0.75,0.033945785146833295,0.12864301199501593,3.7896608205869313,0.37864301199501593
3135407,Jeceaba,MG,Sudeste,70,0.621369413357302,0.8857142857142857,0.05792837093760966,0.2643448723569837,4.5633058219726195,0.378630586642698
2913002,Ibitiara,BA,Nordeste,91,0.6214597925355201,0.37362637362637363,0.050813302765891195,-0.24783341890914645,-4.877333403242319,0.3785402074644799
3148103,Patrocínio,MG,Sudeste,990,0.6216180412392994,0.7212121212121212,0.015407676138501152,0.09959407997282177,6.463926102649132,0.3783819587607006
2103752,Davinópolis,MA,Nordeste,153,0.621633367774668,0.6993464052287581,0.03911764406327685,0.07771303745409008,1.986649229907128,0.37836663222533196
4310538,Itaara,RS,Sul,53,0.6216804502783573,0.37735849056603776,0.06659436396859753,-0.24432195971231951,-3.668808366839109,0.3783195497216427
3549805,São José do Rio Preto,SP,Sudeste,3296,0.6218061069137646,0.5700849514563107,0.008442252910035671,-0.05172115545745393,-6.126463635787404,0.3781938930862354
3545803,Santa Bárbara d'Oeste,SP,Sudeste,1579,0.6218091644459268,0.6694110196326789,0.0121609478791678,0.047601855186752084,3.914321125271494,0.3781908355540732
4118857,Perobal,PR,Sul,90,0.6219391806294856,0.7,0.05110017199197007,0.07806081937051434,1.5276038480414684,0.3780608193705144
3526803,Lençóis Paulista,SP,Sudeste,607,0.621941363689347,0.6359143327841845,0.01967532740457155,0.013972969094837473,0.7101772086186918,0.37805863631065295
5212501,Luziânia,GO,Centro-Oeste,2885,0.6220336104419653,0.6641247833622184,0.009024930333748791,0.042091172920253106,4.6638778764699005,0.37796638955803474
3203502,Montanha,ES,Sudeste,220,0.6221008740289464,0.8045454545454546,0.0326762424129046,0.18244458051650814,5.583401488185085,0.3778991259710536
4306601,Dom Pedrito,RS,Sul,312,0.6221299531025917,0.4807692307692308,0.027375073319831442,-0.1413607223333609,-5.163848172452358,0.37787004689740833
2210953,Tamboril do Piauí,PI,Nordeste,43,0.6221652061936273,0.6511627906976745,0.0739140688502221,0.028997584504047214,0.3923148184793791,0.37783479380637275
4202404,Blumenau,SC,Sul,2788,0.6222065033472455,0.6477761836441894,0.009167810656216238,0.025569680296943953,2.7890715958020382,0.3777934966527545
3151107,Pirapetinga,MG,Sudeste,95,0.6225164458767741,0.6631578947368421,0.04969275495120452,0.04064144886006793,0.8178546128097656,0.3774835541232259
3159605,Santa Rita do Sapucaí,MG,Sudeste,372,0.6225508274787069,0.7876344086021505,0.02482386356618273,0.16508358112344357,6.650196923751026,0.37744917252129306
3110608,Cambuí,MG,Sudeste,252,0.6227433478267578,0.8214285714285714,0.030524344671491725,0.19868522360181362,6.509074174731623,0.3772566521732422
3556701,Vinhedo,SP,Sudeste,660,0.6227667672651026,0.5590909090909091,0.018860805170764744,-0.06367585817419352,-3.3760943712463827,0.3772332327348974
3157708,Santa Juliana,MG,Sudeste,210,0.6228866819050077,0.580952380952381,0.03343644090347437,-0.041934300952626735,-1.2541496588612502,0.37711331809499227
2600906,Amaraji,PE,Nordeste,151,0.623238538980643,0.5496688741721855,0.039363683262857406,-0.0735696648084575,-1.8689730916993739,0.37676146101935704
3539509,Pitangueiras,SP,Sudeste,339,0.6232656268618288,0.672566371681416,0.0263138567405869,0.04930074481958713,1.8735659050520288,0.37673437313817115
3511508,Cerquilho,SP,Sudeste,396,0.6233499791895205,0.6919191919191919,0.02432990122674601,0.06856921272967142,2.8183103618313448,0.3766500208104795
5101308,Arenápolis,MT,Centro-Oeste,126,0.6234299796953653,0.5873015873015873,0.04315650722848332,-0.036128392393777964,-0.8371482011392526,0.3765700203046347
4314506,Pinheiro Machado,RS,Sul,81,0.6235069079060328,0.4567901234567901,0.05369897784992403,-0.1667167844492427,-3.1046547089811796,0.3764930920939672
4212502,Penha,SC,Sul,320,0.6235629474238972,0.5125,0.027080907195027388,-0.11106294742389722,-4.101153134348862,0.3764370525761028
5107180,Ribeirão Cascalheira,MT,Centro-Oeste,108,0.6236194136930552,0.7129629629629629,0.04657959567948851,0.08934354926990773,1.9180834003943594,0.3763805863069448
1101484,São Felipe D'Oeste,RO,Norte,53,0.6236645749965062,0.7735849056603774,0.06646026324019126,0.14992033066387123,2.2557889986389372,0.3763354250034938
3527306,Louveira,SP,Sudeste,624,0.6237826865892669,0.5801282051282052,0.019382305685845622,-0.04365448146106177,-2.2522852630965087,0.37621731341073306
3169109,Toledo,MG,Sudeste,109,0.6238262330125531,0.8899082568807339,0.046356670643346094,0.2660820238681808,5.739886410638368,0.37617376698744687
5101605,Barão de Melgaço,MT,Centro-Oeste,76,0.6238605103928326,0.5263157894736842,0.05547929599649718,-0.09754472091914845,-1.7582184338695857,0.37613948960716737
3504602,Bady Bassitt,SP,Sudeste,255,0.6240255371812292,0.615686274509804,0.03032523955134058,-0.008339262671425263,-0.2749941235355092,0.3759744628187708
3515509,Fernandópolis,SP,Sudeste,509,0.624037588376674,0.6149312377210217,0.02145513454378306,-0.009106350655652351,-0.4244368935123294,0.375962411623326
3162708,São João do Paraíso,MG,Sudeste,213,0.6240384044455782,0.8732394366197183,0.03317004470990735,0.24920103217414002,7.512833773772628,0.37596159555442177
3501400,Álvaro de Carvalho,SP,Sudeste,30,0.6242528954154488,0.6,0.08839384747238806,-0.02425289541544884,-0.27437311655683744,0.3757471045845512
3161650,São Geraldo do Baixio,MG,Sudeste,38,0.6242609415725767,0.7631578947368421,0.07850166217916854,0.13889695316426542,1.7693504737167665,0.3757390584274233
4118303,Paranapoema,PR,Sul,39,0.6244662091307319,0.6153846153846154,0.07752398338592695,-0.0090815937461165,-0.11714560255381687,0.3755337908692681
4213005,Pinheiro Preto,SC,Sul,52,0.6244711866683432,0.7884615384615384,0.06707475047162045,0.1639903517931952,2.444889479873355,0.3755288133316568
3520608,Indiana,SP,Sudeste,34,0.6245710211858558,0.7058823529411765,0.08299251442444834,0.08131133175532068,0.9797429601839801,0.37542897881414417
3148400,Paulistas,MG,Sudeste,43,0.6246696331484866,0.9069767441860465,0.07380953497651524,0.2823071110375599,3.8248054418359976,0.37533036685151344
5201702,Aragarças,GO,Centro-Oeste,223,0.6247307181182189,0.7219730941704036,0.03241579049041698,0.09724237605218466,2.9998458955036824,0.3752692818817811
3172004,Visconde do Rio Branco,MG,Sudeste,362,0.6249089508707181,0.7541436464088398,0.025407533262037527,0.12923469553812172,5.086471567517999,0.37509104912928193
4202206,Benedito Novo,SC,Sul,121,0.6249989979451809,0.7024793388429752,0.043961490551575964,0.07748034089779432,1.7624593689991876,0.3750010020548191
4321501,Torres,RS,Sul,438,0.6250086808122107,0.4863013698630137,0.02308349266717585,-0.13870731094919703,-6.008939502748445,0.3749913191877893
2513984,São Francisco,PB,Nordeste,39,0.625135913405705,0.9743589743589743,0.07749689134866349,0.3492230609532694,4.506284766728157,0.37486408659429504
4304689,Capela de Santana,RS,Sul,85,0.6254254579390465,0.5294117647058824,0.05248464160802117,-0.09601369323316411,-1.829367416667097,0.37457454206095353
4212304,Paulo Lopes,SC,Sul,118,0.625579684746314,0.3983050847457627,0.04454364832099898,-0.22727460000055127,-5.1022897442688455,0.374420315253686
3123205,Dores do Indaiá,MG,Sudeste,117,0.6256375607404498,0.8547008547008547,0.04471217477336075,0.2290632939604048,5.123063128141093,0.37436243925955015
1303007,Nhamundá,AM,Norte,136,0.6256797942544781,0.5955882352941176,0.04141054727865283,-0.03009155896036042,-0.7266641215310053,0.37432020574552194
3142502,Monjolos,MG,Sudeste,30,0.6256957920933994,0.9333333333333333,0.08818833580371714,0.3076375412399339,3.4884153152027957,0.3743042079066006
3553708,Taquaritinga,SP,Sudeste,406,0.6258647141774057,0.7364532019704434,0.02401229011362299,0.11058848779303765,4.6054952388859,0.37413528582259425
3122207,Divinolândia de Minas,MG,Sudeste,93,0.6258818414096541,0.8709677419354839,0.050073039559732455,0.2450859005258298,4.894568068580403,0.3741181585903459
2503100,Cabaceiras,PB,Nordeste,39,0.6259198916988709,0.8974358974358975,0.07737320971059672,0.2715160057370266,3.5091733527999276,0.37408010830112914
3556404,Vargem Grande do Sul,SP,Sudeste,370,0.626142872414483,0.6189189189189189,0.025147447783290443,-0.007223953495564039,-0.2872638829123682,0.37385712758551704
3164704,São Sebastião do Paraíso,MG,Sudeste,668,0.6263642081187534,0.812874251497006,0.018710173339430775,0.1865100433782526,9.968376027024389,0.3736357918812466
4302709,Butiá,RS,Sul,186,0.626389702573309,0.5,0.03470671057447588,-0.12638970257330895,-3.6416502884101862,0.37361029742669105
4203501,Campo Erê,SC,Sul,122,0.6263974231566092,0.4918032786885246,0.04376720859765349,-0.1345941444680846,-3.075227979590653,0.3736025768433908
3128204,Guaraciaba,MG,Sudeste,76,0.6264281711878539,0.8421052631578947,0.05546330683445083,0.2156770919700408,3.8886446604022855,0.3735718288121461
3137502,Lagoa Formosa,MG,Sudeste,199,0.6265037381740237,0.8241206030150754,0.034265208754058224,0.19761686484105168,5.767274504570085,0.3734962618259763
3305703,Sumidouro,RJ,Sudeste,134,0.6265981343886595,0.753731343283582,0.04174419382619156,0.12713320889492252,3.0455303418784756,0.3734018656113405
2914109,Ipupiara,BA,Nordeste,71,0.6267747226380875,0.5915492957746479,0.05724793574388628,-0.03522542686343966,-0.6153134852063468,0.37322527736191247
3162906,São João Nepomuceno,MG,Sudeste,205,0.6267995258976016,0.697560975609756,0.033748244796630904,0.07076144971215448,2.0967445903799597,0.3732004741023984
2512804,Riacho dos Cavalos,PB,Nordeste,56,0.6268290046164777,0.44642857142857145,0.06460736584831438,-0.18040043318790627,-2.7922579851259015,0.3731709953835223
3203205,Linhares,ES,Sudeste,2058,0.6271317158626666,0.6783284742468416,0.010658749838083868,0.051196758384175034,4.803261091769719,0.3728682841373334
4113601,Lobato,PR,Sul,52,0.6271549717617021,0.5576923076923077,0.06701144761711895,-0.06946266406939439,-1.0365790702848394,0.3728450282382979
3523701,Itirapuã,SP,Sudeste,48,0.6272213137436841,0.8125,0.06963390412720545,0.18527868625631594,2.660753961430247,0.37277868625631594
3154457,Riachinho,MG,Sudeste,89,0.6272304897618292,0.7303370786516854,0.05118004966273746,0.10310658888985624,2.0145855576401446,0.37276951023817084
3537503,Pereiras,SP,Sudeste,98,0.6273312820121605,0.673469387755102,0.048723029254157085,0.046138105742941526,0.9469465763770217,0.3726687179878395
3141900,Minduri,MG,Sudeste,35,0.6274275086339078,0.7714285714285715,0.08163286375025607,0.14400106279466363,1.7640084664334947,0.37257249136609216
3530706,Mogi Guaçu,SP,Sudeste,1351,0.6274911688758068,0.6365655070318282,0.013150526238711584,0.009074338156021433,0.6900361241293175,0.3725088311241932
3120904,Curvelo,MG,Sudeste,726,0.6274974670993023,0.7327823691460055,0.017898895335181818,0.10528490204670315,5.8822011121410736,0.3725025329006977
3161809,São Gonçalo do Pará,MG,Sudeste,95,0.6276054129264418,0.7894736842105263,0.04954813363632265,0.16186827128408454,3.2668893741221057,0.3723945870735582
2111789,Serrano do Maranhão,MA,Nordeste,74,0.6276560920348835,0.5405405405405406,0.05604272467324349,-0.08711555149434291,-1.554448895949817,0.3723439079651165
3118205,Conquista,MG,Sudeste,75,0.6276648259985556,0.6533333333333333,0.055790941611985036,0.025668507334777768,0.4600837805050354,0.37233517400144445
3134301,Itumirim,MG,Sudeste,52,0.6276848181354637,0.8269230769230769,0.06657036636439924,0.19923825878761314,2.992897135295962,0.37231518186453627
4219853,Zortéa,SC,Sul,75,0.6277249423588538,0.5733333333333334,0.05579857176571305,-0.05439160902552043,-0.9747849685812717,0.3722750576411462
3556602,Vera Cruz,SP,Sudeste,94,0.6277906833770605,0.5106382978723404,0.04981306939413663,-0.11715238550472007,-2.3518403288457024,0.37220931662293955
3201209,Cachoeiro de Itapemirim,ES,Sudeste,1808,0.627922048795136,0.7206858407079646,0.011366557202970546,0.09276379191282857,8.161116005168708,0.372077951204864
1101492,São Francisco do Guaporé,RO,Norte,264,0.628078921333092,0.6325757575757576,0.0296701263886156,0.004496836242665614,0.1515610747243411,0.37192107866690804
4310330,Imbé,RS,Sul,288,0.6287553637992968,0.3715277777777778,0.028451645304593945,-0.25722758602151896,-9.040868577817736,0.37124463620070325
3303401,Nova Friburgo,RJ,Sudeste,1534,0.6288615985485674,0.6897001303780965,0.012328851437953153,0.06083853182952914,4.9346471677194295,0.3711384014514326
3534609,Osvaldo Cruz,SP,Sudeste,223,0.6289326214070129,0.5919282511210763,0.03231995401100548,-0.037004370285936616,-1.144938828605264,0.3710673785929871
3541406,Presidente Prudente,SP,Sudeste,1708,0.6291623808999962,0.6118266978922716,0.011679407599355027,-0.01733568300772459,-1.4842947178829446,0.3708376191000038
3202801,Itapemirim,ES,Sudeste,516,0.6292055259786402,0.751937984496124,0.02125953763363264,0.12273245851748382,5.773053987934374,0.3707944740213598
3164407,São Sebastião da Bela Vista,MG,Sudeste,75,0.62922120929924,0.9066666666666666,0.05568403320771628,0.27744545736742665,4.982495724267694,0.37077879070076003
4307302,Erval Seco,RS,Sul,32,0.6292831809961599,0.5,0.08526027309943046,-0.12928318099615987,-1.5163355252849111,0.3707168190038401
5217609,Planaltina,GO,Centro-Oeste,1543,0.6293393055636117,0.7524303305249513,0.012293809674458738,0.12309102496133961,10.012439448860995,0.37066069443638827
3168309,Taquaraçu de Minas,MG,Sudeste,53,0.6293472163333497,0.9433962264150944,0.06629917592084947,0.3140490100817447,4.736846359246887,0.37065278366665033
3518602,Guariba,SP,Sudeste,380,0.6294735176971735,0.7868421052631579,0.024745598619148036,0.15736858756598437,6.359457695406618,0.3705264823028265
5201454,Aparecida do Rio Doce,GO,Centro-Oeste,39,0.6295642010967921,0.8717948717948718,0.07731261819679407,0.2422306706980797,3.1331324219482233,0.3704357989032079
3533254,Novais,SP,Sudeste,78,0.6295865381029727,0.6410256410256411,0.05459564250436713,0.011439102922668365,0.20952410115428802,0.3704134618970273
5108808,Nova Guarita,MT,Centro-Oeste,74,0.629617331159725,0.6756756756756757,0.056014566057862196,0.0460583445159507,0.8222565621301633,0.37038266884027504
3505906,Batatais,SP,Sudeste,475,0.6296336559065915,0.5894736842105263,0.02208079868916995,-0.04015997169606522,-1.8187735082138416,0.3703663440934085
3510500,Caraguatatuba,SP,Sudeste,1504,0.6297523171490201,0.5824468085106383,0.012446869684070671,-0.04730550863838179,-3.8005948354165477,0.37024768285097986
3539202,Pirapozinho,SP,Sudeste,230,0.6297776702019896,0.6956521739130435,0.031835063872132335,0.06587450371105386,2.069243648313168,0.3702223297980104
3102803,Andrelândia,MG,Sudeste,89,0.6299936866351891,0.6741573033707865,0.05114583533641293,0.04416361673559743,0.8634841223163178,0.37000631336481093
3147907,Passos,MG,Sudeste,1081,0.6300198117553787,0.8288621646623496,0.014674445311926994,0.19884235290697094,13.55024661445685,0.3699801882446213
3123007,Dores de Campos,MG,Sudeste,101,0.6301180038094388,0.7623762376237624,0.04794606978967977,0.13225823381432356,2.758479149479562,0.36988199619056117
3126000,Florestal,MG,Sudeste,78,0.6301356993822784,0.8589743589743589,0.054650010383216985,0.2288386595920805,4.187348876741601,0.3698643006177216
4311007,Jaguarão,RS,Sul,205,0.6301361382365858,0.47317073170731705,0.03342875935233401,-0.15696540652926871,-4.695519952591639,0.36986386176341424
3550902,São Simão,SP,Sudeste,83,0.6301842496678207,0.6746987951807228,0.052907931020998375,0.044514545512902126,0.8413586517914481,0.3698157503321793
1101435,Nova União,RO,Norte,85,0.6302446752597651,0.7058823529411765,0.052333822994085746,0.07563767768141139,1.4452924199701447,0.36975532474023487
3100104,Abadia dos Dourados,MG,Sudeste,52,0.6303441875037069,0.9615384615384616,0.06681846315015338,0.33119427403475465,4.956628129720675,0.3696558124962931
5105259,Lucas do Rio Verde,MT,Centro-Oeste,1212,0.6303552249976972,0.7376237623762376,0.01386036635720892,0.10726853737854036,7.7392281426059775,0.36964477500230275
4302501,Bossoroca,RS,Sul,44,0.6303584173015948,0.4772727272727273,0.07215499921976543,-0.15308569002886752,-2.1216227799075735,0.3696415826984052
2611101,Petrolina,PE,Nordeste,4624,0.6304850539298498,0.7030709342560554,0.007098018760821256,0.07258588032620561,10.226217029300619,0.36951494607015023
5001102,Aquidauana,MS,Centro-Oeste,644,0.6306873774940084,0.5807453416149069,0.019000919999761584,-0.04994203587910151,-2.6284009342562444,0.3693126225059916
3131158,Ipaba,MG,Sudeste,190,0.630736818761377,0.7947368421052632,0.03497358193225566,0.1640000233438862,4.689254410988175,0.369263181238623
4303509,Camaquã,RS,Sul,560,0.6308341361399806,0.5946428571428571,0.020314913111372405,-0.03619127899712349,-1.7815128619409848,0.36916586386001937
3111309,Campo do Meio,MG,Sudeste,89,0.6308577130437396,0.7640449438202247,0.05111796425627988,0.1331872307764851,2.605487771554262,0.3691422869562604
3535507,Paraguaçu Paulista,SP,Sudeste,404,0.6308841325287651,0.5742574257425742,0.023994002805068828,-0.05662670678619086,-2.360035849217632,0.3691158674712349
3553906,Tarabai,SP,Sudeste,78,0.6311781764638775,0.6794871794871795,0.05457947563762661,0.04830900302330199,0.8851129927308827,0.3688218235361225
3521606,Irapuru,SP,Sudeste,47,0.6312453634336351,0.9574468085106383,0.0703351314294048,0.3262014450770032,4.637816670669206,0.36875463656636487
3164100,São Pedro do Suaçuí,MG,Sudeste,43,0.6312897159863914,0.8837209302325582,0.07254396728708505,0.25243121424616677,3.479699604064898,0.3687102840136086
5105606,Matupá,MT,Centro-Oeste,295,0.6313840592430421,0.5254237288135594,0.02804535068988188,-0.10596033042948272,-3.778178123039509,0.3686159407569579
3121308,Descoberto,MG,Sudeste,38,0.6314882898366075,0.7105263157894737,0.0780834950628132,0.07903802595286613,1.0122244898142057,0.36851171016339246
3109105,Bueno Brandão,MG,Sudeste,93,0.6315919180233036,0.8279569892473119,0.05001016797211649,0.19636507122400826,3.926502933033397,0.3684080819766964
2305100,Guaramiranga,CE,Nordeste,73,0.6316891094085992,0.958904109589041,0.05643095136351847,0.3272150001804418,5.798502280647,0.36831089059140076
3131802,Itabirinha,MG,Sudeste,102,0.6321364848960164,0.8333333333333334,0.047733132111874584,0.201196848437317,4.2150355431477164,0.36786351510398363
1100403,Alto Paraíso,RO,Norte,171,0.6321482006150713,0.6023391812865497,0.036822872834022836,-0.029809019328521535,-0.8095245436955483,0.36785179938492873
3146008,Ouro Fino,MG,Sudeste,230,0.6321670033358511,0.8565217391304348,0.031747844789486154,0.22435473579458376,7.0667705881213925,0.3678329966641489
3304524,Rio das Ostras,RJ,Sudeste,1585,0.6321768366672244,0.6889589905362776,0.012106529535148843,0.056782153869053276,4.690209006982377,0.36782316333277565
4209102,Joinville,SC,Sul,5308,0.6322276468066411,0.6929163526752072,0.006609693635704447,0.06068870586856612,9.181772895000154,0.3677723531933589
2504801,Coremas,PB,Nordeste,106,0.6323088018845471,0.49056603773584906,0.04674706111880356,-0.14174276414869802,-3.0321213945080143,0.3676911981154529
3305406,Sapucaia,RJ,Sudeste,198,0.6324528442769781,0.6717171717171717,0.03423082798153836,0.03926432744019359,1.1470457992243113,0.3675471557230219
3154309,Resplendor,MG,Sudeste,129,0.6324902378943935,0.627906976744186,0.04241910943435438,-0.004583261150207463,-0.10804708564898753,0.3675097621056065
4316907,Santa Maria,RS,Sul,1686,0.6326152506022676,0.41043890865954924,0.011733959793876099,-0.2221763419427184,-18.93447274795259,0.36738474939773236
3162401,São João da Ponte,MG,Sudeste,177,0.6326582191724657,0.632768361581921,0.03619339269898467,0.00011014240945528275,0.003043163440667793,0.3673417808275343
4302006,Barros Cassal,RS,Sul,86,0.6326683127829011,0.6046511627906976,0.051793216947179206,-0.028017149992203505,-0.5409424562443479,0.36733168721709886
2924504,Pindaí,BA,Nordeste,120,0.632909790128371,0.38333333333333336,0.043948220801433714,-0.24957645679503765,-5.678875099919762,0.367090209871629
3132909,Itamogi,MG,Sudeste,104,0.6330433218136593,0.7980769230769231,0.04725366052741363,0.16503360126326383,3.4925040604530864,0.3669566781863407
4115507,Marumbi,PR,Sul,42,0.6331105114841599,0.7380952380952381,0.07429848373697921,0.10498472661107827,1.4130130432100079,0.36688948851584013
2207603,Parnaguá,PI,Nordeste,117,0.6331521947359022,0.47863247863247865,0.04432898657854502,-0.15451971610342358,-3.485748897724864,0.36684780526409777
3523008,Itapura,SP,Sudeste,47,0.6332114522940636,0.7872340425531915,0.07024542828524885,0.1540225902591279,2.192635079875679,0.3667885477059364
3170651,Vargem Grande do Rio Pardo,MG,Sudeste,49,0.633303503760118,0.8979591836734694,0.06875422165688859,0.26465567991335137,3.849300792525736,0.366696496239882
3556206,Valinhos,SP,Sudeste,829,0.6333545432015463,0.48492159227985526,0.01672559249929234,-0.148432950921691,-8.874600462014795,0.36664545679845373
3543204,Ribeirão do Sul,SP,Sudeste,46,0.633373926197361,0.5869565217391305,0.07098640044863466,-0.046417404458230505,-0.6538915083011972,0.366626073802639
4211603,Nova Veneza,SC,Sul,152,0.6336262887301437,0.743421052631579,0.03901932163917132,0.10979476390143528,2.8138562970611156,0.3663737112698563
3542008,Quintana,SP,Sudeste,68,0.6337283111495914,0.6470588235294118,0.058406668885953875,0.013330512379820414,0.22823613525794223,0.3662716888504086
2602407,Brejão,PE,Nordeste,78,0.6337933949885995,0.8589743589743589,0.054490249220858794,0.22518096398575937,4.1325001666456025,0.36620660501140045
3304201,Resende,RJ,Sudeste,983,0.6338257258460395,0.7273652085452695,0.015358647148490114,0.09353948269923007,6.090346486567067,0.36617427415396053
5209606,Heitoraí,GO,Centro-Oeste,31,0.6339355287220368,0.8387096774193549,0.08637786852604613,0.20477414869731803,2.370678417881671,0.36606447127796315
3201100,Bom Jesus do Norte,ES,Sudeste,108,0.6340579180553136,0.6666666666666666,0.046315813494869795,0.03260874861135299,0.7040521616869565,0.36594208194468636
4318101,São Francisco de Assis,RS,Sul,113,0.6340728492944724,0.6106194690265486,0.04512515051965984,-0.023453380267923762,-0.5197407653566882,0.3659271507055276
2612802,Santa Terezinha,PE,Nordeste,132,0.6343044002793025,0.7954545454545454,0.041818917466389924,0.16115014517524295,3.853522638522629,0.36569559972069754
3165107,São Tomás de Aquino,MG,Sudeste,84,0.6343855021956808,0.8214285714285714,0.05254015519751796,0.1870430692328906,3.5600022217240554,0.3656144978043192
3521507,Irapuã,SP,Sudeste,76,0.6346967072248934,0.7631578947368421,0.055171870600976676,0.1284611875119488,2.3283819474062697,0.36530329277510665
4219358,Vitor Meireles,SC,Sul,52,0.6349220576618222,0.75,0.06672105876468232,0.11507794233817781,1.7247619337703377,0.3650779423381778
2508802,Malta,PB,Nordeste,59,0.6349264266327693,0.4915254237288136,0.06265888231294041,-0.14340100290395574,-2.2885981621529874,0.3650735733672307
5204904,Campos Belos,GO,Centro-Oeste,222,0.6350253439481788,0.7657657657657657,0.03224719466604397,0.13074042181758694,4.054319241458096,0.3649746560518212
4101655,Arapuã,PR,Sul,49,0.6350303716740132,0.7551020408163265,0.06864366662514011,0.12007166914231326,1.7492024398699313,0.3649696283259868
3542404,Regente Feijó,SP,Sudeste,170,0.6351738214015089,0.6058823529411764,0.03688753743404472,-0.02929146846033248,-0.794074923345206,0.3648261785984911
4305355,Charqueadas,RS,Sul,322,0.6352018914522074,0.5124223602484472,0.026760965260832475,-0.12277953120376017,-4.588008317602097,0.3647981085477926
2500205,Aguiar,PB,Nordeste,45,0.635206101724478,0.6222222222222222,0.0716771713239423,-0.012983879502255768,-0.1811438602058612,0.364793898275522
3168804,Tiradentes,MG,Sudeste,63,0.6352762357090919,0.6825396825396826,0.060619795326170615,0.047263446830590694,0.7796701816013266,0.36472376429090814
1101500,Seringueiras,RO,Norte,186,0.6353125239122804,0.6612903225806451,0.03528522202239791,0.025977798668364693,0.7362231886163231,0.36468747608771956
2100303,Aldeias Altas,MA,Nordeste,212,0.6355926974130097,0.45754716981132076,0.0327154901633812,-0.17804552760168896,-5.442239340218636,0.3644073025869903
3548104,Santo Antônio do Jardim,SP,Sudeste,69,0.6357513332132732,0.7246376811594203,0.05786150558171667,0.08888634794614714,1.5361914117601847,0.36424866678672685
3161007,São Domingos do Prata,MG,Sudeste,121,0.6359375986631794,0.8429752066115702,0.043695288625511045,0.20703760794839077,4.738213534250784,0.36406240133682055
3511201,Catiguá,SP,Sudeste,66,0.6361303201980966,0.8484848484848485,0.059160120897171674,0.21235452828675194,3.5894877337362607,0.36386967980190343
2607703,Itapetim,PE,Nordeste,120,0.6361380415358507,0.8916666666666667,0.04389595228003874,0.255528625130816,5.821234347546326,0.36386195846414926
4203709,Canelinha,SC,Sul,79,0.6361700112589065,0.43037974683544306,0.05411072358248531,-0.20579026442346343,-3.803132739664086,0.3638299887410935
3539400,Piratininga,SP,Sudeste,102,0.6364166093221999,0.4411764705882353,0.047613618014666625,-0.19524013873396462,-4.100510460554037,0.3635833906778001
2512101,Pombal,PB,Nordeste,247,0.6364214914866363,0.659919028340081,0.030594871741577077,0.02349753685344469,0.7680220741541001,0.3635785085133637
3510005,Cândido Mota,SP,Sudeste,268,0.6365219652832085,0.6791044776119403,0.029314887966298078,0.04258251232873178,1.4525899733161818,0.3634780347167915
3120201,Cristais,MG,Sudeste,122,0.6369055838169786,0.860655737704918,0.04351098113057721,0.2237501538879394,5.142383556382268,0.3630944161830214
3502101,Andradina,SP,Sudeste,487,0.6377517146386558,0.6529774127310062,0.021774465061411816,0.015225698092350415,0.6992455635262899,0.36224828536134424
3134103,Itueta,MG,Sudeste,63,0.6377929126300346,0.7777777777777778,0.06012009327781356,0.13998486514774322,2.3284206247132118,0.36220708736996543
5004502,Itaporã,MS,Centro-Oeste,243,0.6378648167021349,0.5473251028806584,0.03075652088278701,-0.09053971382147652,-2.9437566806246727,0.3621351832978651
3124401,Espírito Santo do Dourado,MG,Sudeste,96,0.6378670163308912,0.6666666666666666,0.04901725000608914,0.028799650335775473,0.5875411275050691,0.36213298366910884
3165701,Senador Firmino,MG,Sudeste,85,0.6378771286357641,0.9176470588235294,0.052088957502653854,0.2797699301877653,5.371002676978349,0.36212287136423593
5004601,Itaquiraí,MS,Centro-Oeste,350,0.6380388820609111,0.7942857142857143,0.02564591474862735,0.15624683222480318,6.092464774849414,0.3619611179390889
4313508,Osório,RS,Sul,465,0.63804853358083,0.4236559139784946,0.022268494055898733,-0.2143926196023354,-9.627620936744245,0.36195146641917
3204302,Presidente Kennedy,ES,Sudeste,182,0.6382375959181515,0.6978021978021978,0.035560033617601544,0.05956460188404622,1.6750434638105312,0.36176240408184845
3109709,Cachoeira de Minas,MG,Sudeste,138,0.6382403157426351,0.8115942028985508,0.040863960947625226,0.1733538871559157,4.242219381965957,0.36175968425736493
4321303,Taquari,RS,Sul,226,0.6382521275708855,0.26548672566371684,0.031855437108172915,-0.3727654019071686,-11.701782670297465,0.36174787242911455
4212205,Papanduva,SC,Sul,177,0.6383206482539718,0.6779661016949152,0.03599064662577079,0.03964545344094339,1.1015487955294365,0.36167935174602817
4209508,Laurentino,SC,Sul,84,0.6383360302917703,0.6071428571428571,0.05240703139720129,-0.031193173148913234,-0.5952096945254383,0.36166396970822967
3101508,Além Paraíba,MG,Sudeste,259,0.6383869286172951,0.5598455598455598,0.029844320299797295,-0.07854136877173523,-2.6317023803108257,0.36161307138270493
2403004,Cruzeta,RN,Nordeste,72,0.6384381760528117,0.5972222222222222,0.05655800990182209,-0.04121595383058951,-0.7287376960776283,0.3615618239471883
3537008,Pedregulho,SP,Sudeste,170,0.6384558441344548,0.5176470588235295,0.03683166264381279,-0.12080878531092532,-3.280025299949893,0.3615441558655452
4105805,Colombo,PR,Sul,3101,0.6386104093897516,0.6091583360206385,0.008624564070054219,-0.02945207336911304,-3.4149057424681972,0.36138959061024845
2206902,Novo Oriente do Piauí,PI,Nordeste,56,0.6387746793501364,0.8928571428571429,0.06404341664843365,0.2540824635070065,3.967347103009701,0.36122532064986357
3511904,Clementina,SP,Sudeste,66,0.6389106780338591,0.5454545454545454,0.05906570255732829,-0.09345613257931373,-1.5822402601341548,0.36108932196614085
3525805,Júlio Mesquita,SP,Sudeste,49,0.6391507429779275,0.5510204081632653,0.06851629182664118,-0.08813033481466226,-1.2862683088227864,0.3608492570220725
3102852,Angelândia,MG,Sudeste,87,0.6391527713588773,0.8505747126436781,0.05145911079047244,0.21142194128480085,4.108542453165461,0.36084722864112273
4116208,Morretes,PR,Sul,231,0.6391609164943525,0.6060606060606061,0.03158942604669179,-0.033100310433746394,-1.0478288014736763,0.36083908350564753
4217600,Siderópolis,SC,Sul,123,0.6392121435776892,0.5691056910569106,0.043139901853216,-0.07010645252077863,-1.625095318003194,0.3607878564223108
4210308,Major Vieira,SC,Sul,89,0.6392866325629565,0.7415730337078652,0.050871771092100844,0.10228640114490872,2.0106711236714014,0.3607133674370435
3547502,Santa Rita do Passa Quatro,SP,Sudeste,158,0.6397540933841447,0.6835443037974683,0.038150363159544565,0.04379021041332365,1.1478320725334457,0.3602459066158553
3511102,Catanduva,SP,Sudeste,741,0.6398192906156807,0.7058029689608637,0.017619281913586502,0.06598367834518304,3.744969781901384,0.36018070938431934
3553807,Taquarituba,SP,Sudeste,229,0.6399402991167339,0.5720524017467249,0.03171134293194143,-0.067887897370009,-2.1408080230379816,0.3600597008832661
4302600,Braga,RS,Sul,33,0.6399924013669778,0.42424242424242425,0.0823486832513079,-0.21574997712455352,-2.619956611402489,0.36000759863302223
5209200,Guapó,GO,Centro-Oeste,213,0.6400814820343573,0.704225352112676,0.03286173638942675,0.06414387007831868,1.9519318552794716,0.35991851796564267
4128625,Alto Paraíso,PR,Sul,44,0.6402212553590414,0.7045454545454546,0.07232268782938832,0.06432419918641319,0.8894055394920631,0.3597787446409586
3538303,Piquerobi,SP,Sudeste,36,0.64025867723888,0.4444444444444444,0.07987524768285283,-0.19581423279443555,-2.4515007899809222,0.35974132276112003
3154507,Riacho dos Machados,MG,Sudeste,90,0.6402946583568958,0.7,0.05054489792392827,0.05970534164310415,1.181233795999799,0.3597053416431042
5200134,Acreúna,GO,Centro-Oeste,261,0.6403001706461725,0.8160919540229885,0.029690364828301622,0.175791783376816,5.920836082460218,0.3596998293538275
3501004,Altinópolis,SP,Sudeste,164,0.6403476657438703,0.676829268292683,0.037422469526211075,0.03648160254881272,0.9748582338549474,0.35965233425612975
3531209,Monte Alegre do Sul,SP,Sudeste,60,0.640360957584835,0.5666666666666667,0.061925271014465995,-0.07369429091816837,-1.190051972496868,0.359639042415165
2604007,Carpina,PE,Nordeste,570,0.6405565397069679,0.5929824561403508,0.02009039989827207,-0.047574083566617076,-2.3680008266390367,0.3594434602930321
4306502,Dom Feliciano,RS,Sul,105,0.6407115102653829,0.44761904761904764,0.046389896825298996,-0.19309246264633523,-4.162381808554296,0.35928848973461713
3548401,Santópolis do Aguapeí,SP,Sudeste,62,0.640748442044263,0.7741935483870968,0.06089820063230624,0.1334451063428338,2.1912815971124395,0.35925155795573704
3516903,General Salgado,SP,Sudeste,96,0.6408530078778941,0.6875,0.048909782771038086,0.04664699212210588,0.9537354181365917,0.3591469921221059
3519055,Holambra,SP,Sudeste,143,0.6408832548292835,0.6153846153846154,0.0400603099539214,-0.025498639444668125,-0.6365062944844272,0.35911674517071646
1705557,Combinado,TO,Norte,55,0.6409085385774838,0.5636363636363636,0.06461328162894271,-0.07727217494112015,-1.1959178205012737,0.35909146142251624
3549904,São José dos Campos,SP,Sudeste,6763,0.6411007673747978,0.6461629454384149,0.005830930690182786,0.005062178063617084,0.868159532772357,0.3588992326252022
3149804,Perdizes,MG,Sudeste,229,0.6412523026857957,0.834061135371179,0.03167935084883599,0.1928088326853833,6.086262108254903,0.3587476973142043
4112959,Juranda,PR,Sul,69,0.6412603120724149,0.6376811594202898,0.05764308051497885,-0.0035791526521250505,-0.06209162695937094,0.35873968792758515
3529005,Marília,SP,Sudeste,1666,0.6413154608393467,0.6578631452581032,0.011744385751873494,0.016547684418756536,1.4089867932102629,0.35868453916065335
3503307,Araras,SP,Sudeste,1043,0.6413641236650831,0.6529242569511026,0.014817662406321971,0.011560133286019458,0.7801590405438927,0.3586358763349169
4107652,Fazenda Rio Grande,PR,Sul,1941,0.6413737896733896,0.6481195260175168,0.010877123804217705,0.006745736344127118,0.6201764791452862,0.35862621032661035
3539004,Pirangi,SP,Sudeste,103,0.6414323389657278,0.7572815533980582,0.047200807075636744,0.11584921443233043,2.4543905413881655,0.3585676610342722
2612455,Santa Cruz,PE,Nordeste,154,0.6414644597523889,0.6883116883116883,0.03859928970910549,0.04684722855929946,1.2136811042988778,0.35853554024761114
3509304,Cajobi,SP,Sudeste,96,0.6415081974532105,0.6041666666666666,0.04891069991266847,-0.0373415307865439,-0.7634634313804204,0.3584918025467895
2208551,Porto Alegre do Piauí,PI,Nordeste,42,0.6415275398894946,0.6428571428571429,0.07392303977177832,0.0013296029676482801,0.017986313492426,0.3584724601105054
3553005,Taguaí,SP,Sudeste,134,0.6416487636130311,0.7238805970149254,0.04138701293100164,0.08223183340189422,1.9868994541593767,0.35835123638696886
2512903,Rio Tinto,PB,Nordeste,231,0.6420680045061457,0.47186147186147187,0.031376614502692086,-0.17020653264467378,-5.424630265004218,0.35793199549385435
5213772,Montividiu do Norte,GO,Centro-Oeste,35,0.6421825447171515,0.6571428571428571,0.08075408867101393,0.014960312425705613,0.18525764666421782,0.3578174552828485
3304706,Santo Antônio de Pádua,RJ,Sudeste,331,0.6423014012342215,0.7462235649546828,0.026322655992837795,0.10392216372046126,3.9480120755571826,0.3576985987657785
3546702,Santa Gertrudes,SP,Sudeste,290,0.642414556413023,0.6413793103448275,0.028086933904112505,-0.0010352460681954945,-0.03685863582439353,0.35758544358697697
3127800,Grão Mogol,MG,Sudeste,130,0.6424951780644016,0.8615384615384616,0.041980260947653156,0.21904328347406,5.217768506660636,0.3575048219355984
4120200,Porto Rico,PR,Sul,57,0.6426275786767517,0.7192982456140351,0.06344401601448958,0.07667066693728342,1.208477516930408,0.3573724213232483
4211256,Morro Grande,SC,Sul,38,0.6428025438141257,0.7368421052631579,0.07758342341000785,0.09403956144903214,1.212108944356038,0.3571974561858743
3168002,Taiobeiras,MG,Sudeste,380,0.6428520447625709,0.8578947368421053,0.024543619220490018,0.21504269207953441,8.761653696941647,0.35714795523742915
3530300,Mirassol,SP,Sudeste,489,0.6430102929094658,0.6134969325153374,0.021644967989736825,-0.02951336039412833,-1.363520630204784,0.35698970709053424
2207405,Palmeira do Piauí,PI,Nordeste,36,0.6430573954765123,0.7222222222222222,0.07976662316857866,0.0791648267457099,0.9924555359251335,0.3569426045234877
4128104,Umuarama,PR,Sul,1108,0.6431042348862018,0.6326714801444043,0.014370652471274243,-0.0104327547417975,-0.7259764135728508,0.35689576511379817
3301876,Iguaba Grande,RJ,Sudeste,305,0.6431617807429725,0.6950819672131148,0.027415348219774816,0.05192018647014229,1.8938364763389008,0.3568382192570275
3171709,Virgínia,MG,Sudeste,84,0.6432108025995646,0.7380952380952381,0.05226220872040206,0.09488443549567349,1.8155458374003357,0.35678919740043535
3515202,Estrela d'Oeste,SP,Sudeste,79,0.6432907649221573,0.5949367088607594,0.053828708264308786,-0.048354056061397865,-0.8982949362999874,0.3567092350778427
1100015,Alta Floresta D'Oeste,RO,Norte,275,0.6433088800423642,0.68,0.02885357837943602,0.036691119957635854,1.2716315278172103,0.3566911199576358
2504603,Conde,PB,Nordeste,406,0.6434202812922097,0.7118226600985221,0.023752258907980304,0.06840237880631239,2.879826254475969,0.35657971870779026
3526902,Limeira,SP,Sudeste,2425,0.6434330781079783,0.6321649484536083,0.009715870960531524,-0.011268129654370074,-1.1597652644980816,0.35656692189202166
3506201,Bento de Abreu,SP,Sudeste,32,0.6435595164812861,0.84375,0.08453063049014613,0.20019048351871394,2.3682596753143876,0.35644048351871394
2613305,São Joaquim do Monte,PE,Nordeste,233,0.6438211354166744,0.721030042918455,0.03134128205553713,0.07720890750178055,2.4634891248215514,0.3561788645833256
3527702,Luiziânia,SP,Sudeste,47,0.6439184680664733,0.5531914893617021,0.06978943894291224,-0.0907269787047712,-1.3000101459331956,0.35608153193352665
3500501,Águas de Lindóia,SP,Sudeste,182,0.6440080939460514,0.44505494505494503,0.035372393840683566,-0.19895314889110638,-5.624531655595228,0.3559919060539486
3543303,Ribeirão Pires,SP,Sudeste,1002,0.6441107324704979,0.6706586826347305,0.015106861287042582,0.026547950164232614,1.7573438757264062,0.3558892675295021
4212106,Palmitos,SC,Sul,163,0.6441590661791838,0.6441717791411042,0.03743228867148473,1.2712961920402499e-05,0.00033962555781653323,0.35584093382081616
4108007,Florestópolis,PR,Sul,98,0.6442159030128549,0.6428571428571429,0.04832090294728535,-0.0013587601557120133,-0.02811951087077829,0.3557840969871451
3535903,Paranapuã,SP,Sudeste,58,0.6443298546104161,0.8275862068965517,0.06279634201629461,0.18325635228613557,2.9182647651448166,0.35567014538958386
3546900,Santa Lúcia,SP,Sudeste,93,0.6443913728683279,0.7096774193548387,0.04961537200907899,0.06528604648651082,1.3158431317327277,0.3556086271316721
3150604,Piracema,MG,Sudeste,63,0.6444542801691597,0.7777777777777778,0.06026881765793406,0.13332349760861806,2.212147222885942,0.35554571983084027
3523404,Itatiba,SP,Sudeste,1007,0.6444872387401497,0.7328699106256207,0.015076481673142477,0.088382671885471,5.862287621316685,0.3555127612598503
3164506,São Sebastião do Maranhão,MG,Sudeste,43,0.644504927489044,0.813953488372093,0.07269123870040639,0.16944856088304905,2.331072683757991,0.355495072510956
5219902,São Francisco de Goiás,GO,Centro-Oeste,105,0.6445292802036325,0.7523809523809524,0.046693607100223716,0.10785167217731984,2.309773840042508,0.35547071979636746
4219002,Urussanga,SC,Sul,216,0.6445927702708597,0.7083333333333334,0.032541667932940097,0.06374056306247367,1.958736816865883,0.3554072297291403
3134608,Jaboticatubas,MG,Sudeste,197,0.644677397155666,0.7563451776649747,0.034066277838203284,0.1116677805093087,3.277956606814261,0.35532260284433403
3520426,Ilha Comprida,SP,Sudeste,167,0.6447131657474017,0.6766467065868264,0.03701054613710037,0.03193354083942468,0.8628227403381555,0.3552868342525983
4312377,Monte Alegre dos Campos,RS,Sul,33,0.6448457978857217,0.36363636363636365,0.08327245709003558,-0.28120943424935807,-3.3769801453715926,0.3551542021142783
4213203,Pomerode,SC,Sul,356,0.6450109614631874,0.702247191011236,0.02534989269143166,0.057236229548048634,2.257848987557831,0.35498903853681263
3147303,Paraisópolis,MG,Sudeste,186,0.6451501551356098,0.8118279569892473,0.03506558933753087,0.16667780185363745,4.753315287224943,0.3548498448643902
3120508,Cristina,MG,Sudeste,128,0.645193957078733,0.8203125,0.04228454021439583,0.17511854292126705,4.141431881093216,0.35480604292126705
4203006,Caçador,SC,Sul,754,0.6453093719940749,0.6618037135278515,0.017417313714954263,0.016494341533776602,0.9470083506399032,0.3546906280059251
3102209,Alvarenga,MG,Sudeste,46,0.6453812879814125,0.8478260869565217,0.06999970478472266,0.20244479897510925,2.892080753736158,0.3546187120185875
4102703,Barra do Jacaré,PR,Sul,33,0.6454232489011513,0.7272727272727273,0.08314793465148654,0.08184947837157597,0.9843837819261172,0.3545767510988487
4204509,Corupá,SC,Sul,189,0.6455024196246888,0.8042328042328042,0.034771499241789156,0.1587303846081154,4.564956590003738,0.3544975803753112
4110607,Iporã,PR,Sul,129,0.6455796761782001,0.6821705426356589,0.0420844225531543,0.03659086645745879,0.8694634317779475,0.3544203238217999
5217401,Pires do Rio,GO,Centro-Oeste,255,0.6455957772730613,0.8117647058823529,0.029938213244641108,0.16616892860929167,5.550395651585374,0.3544042227269387
3532306,Natividade da Serra,SP,Sudeste,64,0.6456956723204427,0.578125,0.05974959586258626,-0.06757067232044267,-1.1308975624846658,0.35430432767955733
4117305,Ortigueira,PR,Sul,245,0.6457220531085521,0.5755102040816327,0.030545379427967694,-0.07021184902691946,-2.29860785303039,0.35427794689144787
4315305,Quaraí,RS,Sul,243,0.6457405191782231,0.4732510288065844,0.030667140578991635,-0.1724894903716387,-5.624570374513551,0.35425948082177694
4203303,Campo Alegre,SC,Sul,145,0.6457436253001143,0.6,0.03970966503712383,-0.04574362530011433,-1.151951930527479,0.3542563746998857
5200803,Alvorada do Norte,GO,Centro-Oeste,92,0.6458664582012595,0.6521739130434783,0.049826702617036756,0.006307454842218729,0.1265878436848856,0.35413354179874046
3203809,Muqui,ES,Sudeste,140,0.6459645868771517,0.7571428571428571,0.04039368188928246,0.11117827026570537,2.7523678225332557,0.35403541312284825
3168507,Teixeiras,MG,Sudeste,88,0.6463459771238292,0.7159090909090909,0.05078780667712881,0.0695631137852617,1.3696813927699687,0.35365402287617076
5221403,Trindade,GO,Centro-Oeste,1570,0.646433468565656,0.7719745222929937,0.012062180176222223,0.1255410537273377,10.407824447425568,0.353566531434344
2109007,Porto Franco,MA,Nordeste,278,0.6464719432856839,0.7410071942446043,0.02861431600221194,0.09453525095892035,3.30377461937628,0.3535280567143161
5008305,Três Lagoas,MS,Centro-Oeste,1634,0.6465747034405444,0.8298653610771114,0.011818958118795873,0.18329065763656704,15.508190806182574,0.35342529655945565
4217204,São Miguel do Oeste,SC,Sul,438,0.646655742364325,0.6963470319634704,0.022665858914498422,0.04969128959914537,2.1923409029674974,0.353344257635675
4218707,Tubarão,SC,Sul,864,0.6468854245188671,0.6087962962962963,0.016253467018702804,-0.03808912822257082,-2.3434463661655576,0.3531145754811329
4213609,Porto União,SC,Sul,249,0.646943401290462,0.6746987951807228,0.030203955953011657,0.027755393890260827,0.9189324051935428,0.353056598709538
3550803,São Sebastião da Grama,SP,Sudeste,98,0.6470781790985954,0.6836734693877551,0.048238716014130684,0.03659529028915964,0.7586290289824401,0.35292182090140456
3137809,Lambari,MG,Sudeste,186,0.6471027898321198,0.7096774193548387,0.034999584785177416,0.06257462952271897,1.7878677677690562,0.3528972101678802
2111607,São Raimundo das Mangabeiras,MA,Nordeste,254,0.6471511768858784,0.8464566929133859,0.02992867079870201,0.19930551602750746,6.659350739898253,0.3528488231141216
2303709,Caucaia,CE,Nordeste,3784,0.6471733098096336,0.6847251585623678,0.007764203840933646,0.03755184875273421,4.836535660585978,0.3528266901903664
3133006,Itamonte,MG,Sudeste,118,0.6471974886357174,0.8389830508474576,0.04395718146348663,0.19178556221174026,4.36300863309556,0.35280251136428264
3169901,Ubá,MG,Sudeste,809,0.647277435815871,0.7861557478368356,0.01678864193189458,0.13887831202096457,8.272158795472762,0.35272256418412895
4213807,Praia Grande,SC,Sul,110,0.647396000085883,0.7181818181818181,0.045500513977679784,0.0707858180959351,1.555714692160598,0.35260399991411695
5213053,Mimoso de Goiás,GO,Centro-Oeste,30,0.6474532627038143,0.8,0.08705731364938879,0.15254673729618573,1.7522564262727711,0.3525467372961857
3518206,Guararapes,SP,Sudeste,241,0.6474906274687964,0.7219917012448133,0.030758432176490352,0.07450107377601689,2.422134956311604,0.3525093725312036
4300109,Agudo,RS,Sul,162,0.6475224090984624,0.5740740740740741,0.037240472727502964,-0.0734483350243883,-1.9722718226974862,0.35247759090153763
3544004,Rio das Pedras,SP,Sudeste,292,0.6475583181825146,0.589041095890411,0.027945123653116546,-0.058517222292103654,-2.0940047722987116,0.35244168181748536
3507704,Braúna,SP,Sudeste,54,0.6475912292315417,0.7407407407407407,0.06490276823271851,0.09314951150919903,1.4352163096525812,0.35240877076845833
3137403,Lagoa Dourada,MG,Sudeste,132,0.647683918220375,0.8787878787878788,0.04156241935440235,0.23110396056750382,5.56040683283816,0.35231608177962503
3116001,Chalé,MG,Sudeste,56,0.6477627254595347,0.6607142857142857,0.06379528094519994,0.012951560254750971,0.20301752830082123,0.3522372745404653
3114204,Carmo do Cajuru,MG,Sudeste,205,0.6477853196718452,0.7268292682926829,0.033340431764973075,0.07904394862083775,2.3708135868798212,0.35221468032815484
4214508,Rio do Campo,SC,Sul,57,0.6478373190847191,0.8070175438596491,0.06302429549701191,0.15918022477493,2.5256962179367317,0.3521626809152809
3519204,Iacri,SP,Sudeste,50,0.6479232763206827,0.74,0.06749242987767283,0.0920767236793173,1.364252610940256,0.3520767236793173
4108809,Guaíra,PR,Sul,379,0.6481436121790956,0.6965699208443272,0.02451756734489834,0.04842630866523168,1.9751677637507667,0.35185638782090445
3512100,Colômbia,SP,Sudeste,107,0.6481938740092259,0.7289719626168224,0.04615469515917359,0.0807780886075965,1.750159725441091,0.3518061259907741
1100304,Vilhena,RO,Norte,1319,0.6482905231669096,0.7194844579226687,0.013110182558280989,0.07119393475575908,5.430430464203547,0.3517094768330904
1100122,Ji-Paraná,RO,Norte,1481,0.6483581295221353,0.6630654962862931,0.012341473078638162,0.014707366764157737,1.1917026979230458,0.35164187047786466
5003751,Eldorado,MS,Centro-Oeste,176,0.6483904731100489,0.5738636363636364,0.03595486003541203,-0.07452683674641258,-2.0727889546228497,0.35160952688995106
3150901,Piranguçu,MG,Sudeste,38,0.648415396785224,0.7894736842105263,0.07741227768232273,0.14105828742530235,1.8221694497113774,0.351584603214776
3512506,Coroados,SP,Sudeste,57,0.6484604008188917,0.7368421052631579,0.06311211675304984,0.08838170444426618,1.4003920164822425,0.35153959918110833
4202081,Bandeirante,SC,Sul,45,0.64867332699223,0.5555555555555556,0.07111194250254707,-0.09311777143667443,-1.3094533514302351,0.35132667300777
3165305,São Vicente de Minas,MG,Sudeste,71,0.6487351177298479,0.8169014084507042,0.05655699255870744,0.16816629072085632,2.973395209200629,0.35126488227015207
3542503,Reginópolis,SP,Sudeste,71,0.6488228736660184,0.8450704225352113,0.05663477520674178,0.19624754886919282,3.4651421878660797,0.35117712633398157
3122504,Dom Cavati,MG,Sudeste,46,0.6489452421498632,0.7391304347826086,0.0703489019459189,0.09018519263274549,1.281970153593525,0.35105475785013684
3533403,Nova Odessa,SP,Sudeste,491,0.6491971093212923,0.5824847250509165,0.021524388658809332,-0.06671238427037574,-3.0993857864145293,0.35080289067870774
3544251,Rosana,SP,Sudeste,159,0.6494243160360542,0.8238993710691824,0.037808626349455345,0.1744750550331282,4.6146890770508415,0.3505756839639458
4205506,Fraiburgo,SC,Sul,452,0.6494283253468721,0.7743362831858407,0.022437346236665566,0.12490795783896858,5.566966633284492,0.3505716746531279
3533908,Olímpia,SP,Sudeste,541,0.6497026590742888,0.7486136783733827,0.02050563135590928,0.09891101929909385,4.8236027256283345,0.3502973409257112
3533502,Novo Horizonte,SP,Sudeste,357,0.6497742177024525,0.7535014005602241,0.02522999818181271,0.1037271828577716,4.111263984653965,0.3502257822975475
3144409,Natércia,MG,Sudeste,43,0.6498955509347978,0.8604651162790697,0.07267421981003257,0.21056956534427196,2.897445144849056,0.3501044490652022
3139003,Machado,MG,Sudeste,315,0.6499450147341652,0.8920634920634921,0.026816413556757762,0.2421184773293269,9.028741923929378,0.3500549852658348
4305108,Caxias do Sul,RS,Sul,3664,0.6499959396977294,0.4375,0.007872561086849156,-0.2124959396977294,-26.991970891492553,0.3500040603022706
3127370,Goiabeira,MG,Sudeste,35,0.6500562530878917,0.9142857142857143,0.08057825083744567,0.26422946119782253,3.2791660088386028,0.3499437469121083
4301057,Arroio do Sal,RS,Sul,136,0.6500629924684427,0.47058823529411764,0.040875126390282276,-0.17947475717432504,-4.390806170497706,0.3499370075315573
4115101,Mariluz,PR,Sul,106,0.6501034513745643,0.5377358490566038,0.046254175416651035,-0.1123676023179605,-2.4293504598399847,0.34989654862543573
3541505,Presidente Venceslau,SP,Sudeste,254,0.6502051917283053,0.7637795275590551,0.029903811965291266,0.11357433583074983,3.79798856288199,0.34979480827169473
1100072,Corumbiara,RO,Norte,129,0.650320064294569,0.7209302325581395,0.04183764230580099,0.07061016826357047,1.6877186278200011,0.349679935705431
2103109,Cedral,MA,Nordeste,88,0.6503555428462191,0.6704545454545454,0.05073787404832468,0.02009900260832631,0.3961341105696162,0.3496444571537809
3126109,Formiga,MG,Sudeste,469,0.6505107080365908,0.8571428571428571,0.021979894415871917,0.20663214910626626,9.400961860720084,0.34948929196340917
3162500,São João del Rei,MG,Sudeste,708,0.650569047428459,0.7740112994350282,0.017676234039670696,0.12344225200656922,6.983515364728047,0.349430952571541
3548906,São Carlos,SP,Sudeste,2048,0.6506396086796509,0.62548828125,0.010460116053898716,-0.02515132742965087,-2.4044979329150387,0.34936039132034913
4114708,Maria Helena,PR,Sul,56,0.6507253463367133,0.5,0.06366914514266998,-0.1507253463367133,-2.367321659478348,0.3492746536632867
3139706,Maravilhas,MG,Sudeste,70,0.6507677637991724,0.7857142857142857,0.05695492138975577,0.13494652191511325,2.369356652986014,0.34923223620082755
2100436,Alto Alegre do Maranhão,MA,Nordeste,165,0.6510087586478575,0.5212121212121212,0.03702554124755312,-0.12979663743573622,-3.505597300196496,0.34899124135214254
3514601,Dumont,SP,Sudeste,87,0.6511987289014425,0.6436781609195402,0.051071792177055986,-0.00752056798190226,-0.14725482818049368,0.3488012710985575
4200408,Água Doce,SC,Sul,75,0.6513161157909172,0.7066666666666667,0.05500052612634363,0.05535055087574947,1.0063640254749888,0.3486838842090828
3147006,Paracatu,MG,Sudeste,951,0.6515519198227908,0.6919032597266036,0.015413175140587595,0.04035133990381279,2.6179771225433877,0.3484480801772092
4103479,Cafezal do Sul,PR,Sul,49,0.6515872234793442,0.6326530612244898,0.0680392222170105,-0.018934162254854336,-0.27828304965721085,0.34841277652065583
4106100,Conselheiro Mairinck,PR,Sul,49,0.6515949664917672,0.6938775510204082,0.06802704501769812,0.042282584528640976,0.6215555080724234,0.3484050335082328
3518305,Guararema,SP,Sudeste,385,0.6516754983376212,0.7688311688311689,0.024276439876164305,0.11715567049354769,4.8258999709663515,0.3483245016623788
4207007,Içara,SC,Sul,663,0.6517279854866186,0.6953242835595776,0.01844338723840463,0.04359629807295906,2.3637902034707903,0.3482720145133814
3145901,Ouro Branco,MG,Sudeste,387,0.6518717216239514,0.813953488372093,0.024210015591600343,0.16208176674814168,6.694822898188297,0.34812827837604865
3508108,Buritama,SP,Sudeste,161,0.651884879495979,0.6770186335403726,0.0375182551651776,0.025133754044393664,0.669907327346114,0.34811512050402105
3124500,Estiva,MG,Sudeste,99,0.6519252371242387,0.8080808080808081,0.047829743696254964,0.1561555709565694,3.2648214037742433,0.34807476287576133
3536802,Pedra Bela,SP,Sudeste,41,0.6520088260363384,0.4878048780487805,0.07438174383201611,-0.16420394798755789,-2.207584005537655,0.34799117396366164
5204953,Campos Verdes,GO,Centro-Oeste,47,0.6521389336295528,0.8297872340425532,0.0694357447870433,0.1776483004130004,2.558456036697536,0.3478610663704472
3545704,Santa Albertina,SP,Sudeste,65,0.6521441816299439,0.5846153846153846,0.05903870678600261,-0.06752879701455927,-1.1438054911895457,0.3478558183700561
3548609,São Bento do Sapucaí,SP,Sudeste,75,0.6521593251203623,0.5866666666666667,0.05497498562908324,-0.06549265845369567,-1.1913174274491907,0.34784067487963766
3538808,Piraju,SP,Sudeste,281,0.6522872759994036,0.7153024911032029,0.028399795617370823,0.06301521510379926,2.218861570442282,0.3477127240005964
4318622,São José dos Ausentes,RS,Sul,47,0.6528165296488487,0.3617021276595745,0.06939444363420207,-0.29111440198927424,-4.195067886469721,0.34718347035115127
4205159,Doutor Pedrinho,SC,Sul,38,0.6528447349485113,0.7894736842105263,0.07716239402448374,0.13662894926201508,1.770667576989155,0.34715526505148875
4312252,Minas do Leão,RS,Sul,85,0.6532300203135408,0.5647058823529412,0.05138499025279041,-0.08852413796059966,-1.7227625718152675,0.3467699796864592
3557105,Votuporanga,SP,Sudeste,743,0.6532548678383279,0.6191117092866757,0.01743342180619934,-0.034143158551652175,-1.9584886393049261,0.34674513216167213
1507979,Terra Santa,PA,Norte,313,0.6533250754134429,0.6613418530351438,0.02686672448005494,0.008016777621700943,0.2983905845184947,0.34667492458655713
3535705,Paraíso,SP,Sudeste,46,0.6534092588053648,0.8695652173913043,0.07010303766952375,0.2161559585859395,3.08340359807133,0.3465907411946352
4210704,Matos Costa,SC,Sul,39,0.6536154735731413,0.38461538461538464,0.07616791978156187,-0.2690000889577567,-3.531671729111264,0.3463845264268587
4208302,Itapema,SC,Sul,657,0.6538534774950889,0.7047184170471842,0.018546656648948563,0.050864939552095256,2.742539559278403,0.34614652250491107
4315701,Rio Pardo,RS,Sul,317,0.654117339449493,0.61198738170347,0.026681520677925383,-0.04212995774602302,-1.5789938757455717,0.345882660550507
3148004,Patos de Minas,MG,Sudeste,1280,0.6541508069814966,0.803125,0.013285892461718535,0.14897419301850334,11.212960924360324,0.34584919301850336
2502151,Boa Vista,PB,Nordeste,73,0.6541853441036426,0.4931506849315068,0.0556397087021754,-0.16103465917213577,-2.89423979615191,0.3458146558963574
3204054,Pedro Canário,ES,Sudeste,313,0.6542499097845559,0.8178913738019169,0.02687913488183044,0.16364146401736102,6.088048024491226,0.3457500902154441
3523800,Itobi,SP,Sudeste,69,0.65425852205403,0.6956521739130435,0.05724033769536645,0.04139365185901345,0.7231552699655758,0.34574147794597
3532801,Nova Aliança,SP,Sudeste,61,0.6545213680443985,0.7377049180327869,0.06085685739574689,0.0831835499883884,1.3668722564402718,0.34547863195560147
5106109,Nossa Senhora do Livramento,MT,Centro-Oeste,119,0.6547020761159718,0.8067226890756303,0.04346658947197709,0.15202061295965852,3.4974129511050367,0.34529792388402825
2615102,Terezinha,PE,Nordeste,50,0.6548244469457215,0.76,0.06720702191566802,0.1051755530542785,1.5649488707631436,0.3451755530542785
5206206,Cristalina,GO,Centro-Oeste,848,0.6548947199375117,0.6922169811320755,0.01631894262241374,0.03732226119456383,2.287051438204241,0.3451052800624883
3163706,São Lourenço,MG,Sudeste,367,0.6549088797178308,0.8528610354223434,0.02480708972177468,0.19795215570451252,7.9796605698071055,0.34509112028216915
5107263,Santo Afonso,MT,Centro-Oeste,33,0.6549238235124468,0.8181818181818182,0.0827236106226652,0.1632579946693714,1.9735356501066557,0.3450761764875532
3512704,Corumbataí,SP,Sudeste,44,0.6549584900300228,0.8409090909090909,0.07151698026832645,0.18595060087906812,2.6000902188738273,0.3450415099699772
4207700,Ipumirim,SC,Sul,92,0.6549635316161769,0.6413043478260869,0.04952867446868289,-0.013659183790090013,-0.27578335048572217,0.34503646838382307
3152907,Pratápolis,MG,Sudeste,85,0.6550602395755324,0.7764705882352941,0.051538985954743946,0.12141034865976175,2.355699213142676,0.3449397604244676
3105202,Bandeira,MG,Sudeste,40,0.6551143412998615,0.775,0.07486516772444246,0.11988565870013856,1.6013543059357567,0.34488565870013854
3170438,União de Minas,MG,Sudeste,33,0.655137842657039,0.7272727272727273,0.08269758884065928,0.07213488461568829,0.8722731294460945,0.344862157342961
4112504,Jardim Alegre,PR,Sul,94,0.6551431378057033,0.776595744680851,0.049010213851449,0.1214526068751477,2.4781080785175336,0.3448568621942967
3202504,Ibiraçu,ES,Sudeste,116,0.6551671373557443,0.8103448275862069,0.04411924882489,0.15517769023046257,3.5172332794324146,0.3448328626442557
4306205,Cruzeiro do Sul,RS,Sul,59,0.6552168196919569,0.3728813559322034,0.061812935690076606,-0.2823354637597535,-4.567578947800717,0.3447831803080431
3502804,Araçatuba,SP,Sudeste,1479,0.6552599178234462,0.7417173766058147,0.012344498809327746,0.08645745878236855,7.003723692454779,0.34474008217655383
3515194,Espírito Santo do Turvo,SP,Sudeste,48,0.6553293669024046,0.5625,0.06856398506310174,-0.09282936690240462,-1.353908569009964,0.3446706330975954
3205309,Vitória,ES,Sudeste,2698,0.6555568321068546,0.7338769458858414,0.009135161295758094,0.07832011377898684,8.573479027168872,0.34444316789314544
3202652,Irupi,ES,Sudeste,142,0.6555690688225514,0.8169014084507042,0.03982702546702494,0.16133233962815285,4.050825732936773,0.3444309311774486
2205516,Juazeiro do Piauí,PI,Nordeste,43,0.6556921315070133,0.7209302325581395,0.07243781167175709,0.06523810105112615,0.9006083914674904,0.34430786849298667
3136306,João Pinheiro,MG,Sudeste,545,0.6558360381015499,0.7412844036697248,0.020256755606151183,0.08544836556817492,4.218265117550591,0.3441639618984501
2108207,Pedreiras,MA,Nordeste,267,0.6560056106821166,0.6404494382022472,0.029042583408870466,-0.015556172479869401,-0.5356332203945082,0.3439943893178834
3145604,Oliveira,MG,Sudeste,348,0.6560854296026153,0.8563218390804598,0.024424053801857935,0.2002364094778445,8.198328217841238,0.3439145703973847
3156403,Romaria,MG,Sudeste,37,0.6561806710427879,0.7027027027027027,0.07795054983149421,0.046522031659914864,0.596814669819284,0.3438193289572121
3115359,Catas Altas,MG,Sudeste,59,0.6564226278442266,0.711864406779661,0.06178300316448812,0.05544177893543445,0.8973629654717318,0.34357737215577344
3161601,São Geraldo da Piedade,MG,Sudeste,30,0.6564244864846345,0.7,0.08661273222008513,0.04357551351536548,0.5031074808336378,0.3435755135153655
4320800,Soledade,RS,Sul,248,0.6564327512863797,0.6290322580645161,0.03006118438499592,-0.027400493221863553,-0.911490807246425,0.3435672487136203
3108800,Braúnas,MG,Sudeste,31,0.6565544616834069,0.6129032258064516,0.08526044904954425,-0.0436512358769553,-0.5119752049580442,0.3434455383165931
1508050,Trairão,PA,Norte,227,0.6566629404498747,0.6255506607929515,0.031489439655848474,-0.031112279656923203,-0.9880226513063651,0.3433370595501253
4207684,Ipuaçu,SC,Sul,59,0.6566833864462828,0.7796610169491526,0.06170953835690971,0.1229776305028698,1.99284638610653,0.34331661355371723
2210706,Simões,PI,Nordeste,195,0.6569421209439701,0.8666666666666667,0.03396690926867442,0.2097245457226966,6.1743782474819575,0.3430578790560299
3140209,Maripá de Minas,MG,Sudeste,42,0.6569961359233392,0.6190476190476191,0.07323741444609906,-0.037948516875720095,-0.5181575177486539,0.34300386407666084
2209500,Santo Inácio do Piauí,PI,Nordeste,41,0.6571298956174504,0.8536585365853658,0.0740292276848047,0.19652864096791545,2.6547439047274444,0.3428701043825496
3108107,Bonfim,MG,Sudeste,62,0.6571675457408757,0.8709677419354839,0.06027364464622161,0.21380019619460822,3.547158919118238,0.34283245425912434
3533700,Ocauçu,SP,Sudeste,52,0.6572091309518526,0.9038461538461539,0.06575868175549984,0.24663702289430123,3.750638186625043,0.3427908690481474
4311122,Jaquirana,RS,Sul,42,0.6572991491534592,0.38095238095238093,0.0731753956517796,-0.2763467682010783,-3.776498449234659,0.3427008508465408
3139201,Malacacheta,MG,Sudeste,187,0.657327074207499,0.7593582887700535,0.034684866734112856,0.10203121456255448,2.941663733198258,0.34267292579250097
3544608,Sabino,SP,Sudeste,43,0.6574398124097498,0.46511627906976744,0.07232546165714542,-0.19232353333998237,-2.6591400722982,0.3425601875902502
3137700,Lajinha,MG,Sudeste,209,0.657452991299927,0.6985645933014354,0.03280884224045715,0.04111160200150843,1.2530646982359226,0.34254700870007304
3115102,Cássia,MG,Sudeste,170,0.6575136586710915,0.7764705882352941,0.036376199779668536,0.11895692956420267,3.2701857336590265,0.34248634132890854
2507101,Itapororoca,PB,Nordeste,143,0.6575839796281764,0.8321678321678322,0.039643571100499604,0.1745838525396558,4.403837689018274,0.3424160203718236
5204003,Cabeceiras,GO,Centro-Oeste,95,0.6576148638559772,0.9368421052631579,0.048655193265428075,0.2792272414071807,5.738899029419445,0.3423851361440228
4321436,Terra de Areia,RS,Sul,105,0.6576221406938879,0.5714285714285714,0.04612467160407842,-0.08619356926531652,-1.8687085732594169,0.3423778593061121
4101101,Andirá,PR,Sul,200,0.6577707480315702,0.645,0.0335344011738118,-0.01277074803157019,-0.38082528939098276,0.3422292519684298
4300406,Alegrete,RS,Sul,501,0.6578376058183382,0.45109780439121755,0.02112567096861936,-0.20673980142712062,-9.786188648598072,0.34216239418166183
3127404,Gonçalves,MG,Sudeste,48,0.6579067498974572,0.7708333333333334,0.06844192172591478,0.11292658343587614,1.6499621955109092,0.34209325010254277
4122651,Rosário do Ivaí,PR,Sul,70,0.6579415563653649,0.7714285714285715,0.05661951156321048,0.11348701506320658,2.004379973085934,0.3420584436346351
2101004,Arari,MA,Nordeste,319,0.6579772041371403,0.7241379310344828,0.026497990726580427,0.06616072689734243,2.4968205166958515,0.34202279586285966
3116506,Claro dos Poções,MG,Sudeste,64,0.6580812010039999,0.6875,0.05927281766192075,0.029418798996000084,0.4963286740272499,0.3419187989960001
3546207,Santa Cruz da Conceição,SP,Sudeste,30,0.6582403694589121,0.7333333333333333,0.08653414883601075,0.07509296387442121,0.8677841624897529,0.34175963054108793
4205175,Entre Rios,SC,Sul,32,0.658273763956592,0.65625,0.0837796844370648,-0.002023763956591984,-0.02415578394917724,0.341726236043408
3536257,Parisi,SP,Sudeste,32,0.6583001000441282,0.90625,0.08370472304296413,0.2479498999558718,2.9621972445760747,0.3416998999558718
3556909,Vista Alegre do Alto,SP,Sudeste,87,0.6583690115490365,0.5287356321839081,0.050823735219538785,-0.12963337936512842,-2.550646441178764,0.3416309884509635
4311718,Maçambará,RS,Sul,50,0.6584656186261287,0.5,0.06698042802446089,-0.15846561862612873,-2.3658495966651327,0.34153438137387127
4218954,Urupema,SC,Sul,43,0.6585057637154609,0.3488372093023256,0.07228647799434461,-0.3096685544131353,-4.283907073704192,0.3414942362845391
3152006,Pompéu,MG,Sudeste,292,0.6586121867710507,0.6643835616438356,0.027631661123611113,0.005771374872784896,0.20886818374640842,0.3413878132289493
4116604,Nova América da Colina,PR,Sul,33,0.6586402076244169,0.7878787878787878,0.0825264505281174,0.12923858025437096,1.5660261580054067,0.3413597923755831
2613602,São José do Egito,PE,Nordeste,298,0.6586524236615146,0.7348993288590604,0.027456073378585747,0.07624690519754584,2.7770506053867963,0.34134757633848545
5205109,Catalão,GO,Centro-Oeste,951,0.6589529784944055,0.768664563617245,0.015361400806269245,0.10971158512283952,7.14202998193136,0.3410470215055945
3525904,Jundiaí,SP,Sudeste,3499,0.6591737612664033,0.705058588168048,0.008007000797260785,0.04588482690164475,5.730588526648088,0.34082623873359674
3128303,Guaranésia,MG,Sudeste,210,0.6591848976367509,0.6476190476190476,0.032693485000628714,-0.011565850017703272,-0.353766201965953,0.3408151023632491
4313706,Palmeira das Missões,RS,Sul,281,0.6593254450053717,0.5302491103202847,0.028209436721201884,-0.12907633468508706,-4.575643815960167,0.3406745549946283
4211702,Orleans,SC,Sul,237,0.6593903539768867,0.6413502109704642,0.030728409556069806,-0.018040143006422538,-0.5870835252148302,0.3406096460231133
2615805,Tupanatinga,PE,Nordeste,194,0.6593905311425095,0.6855670103092784,0.03394823836557233,0.026176479166768907,0.7710703243239585,0.34060946885749055
3111200,Campo Belo,MG,Sudeste,388,0.6594164412711739,0.8556701030927835,0.024050550447711302,0.19625366182160953,8.160048654532371,0.34058355872882606
5106752,Pontes e Lacerda,MT,Centro-Oeste,705,0.6597167961864335,0.6695035460992907,0.017818057522407716,0.009786749912857218,0.549260204180481,0.34028320381356647
4322004,Triunfo,RS,Sul,312,0.6598089414413882,0.6602564102564102,0.02680185761491055,0.00044746881502200075,0.01669544034787583,0.34019105855861176
3124203,Espera Feliz,MG,Sudeste,208,0.6602708653258034,0.5961538461538461,0.03278690713555109,-0.06411701917195722,-1.955567779140554,0.33972913467419663
4219507,Xanxerê,SC,Sul,454,0.6604260789129323,0.7070484581497798,0.022183074164357667,0.04662237923684753,2.1017095688097807,0.33957392108706774
4211504,Nova Trento,SC,Sul,108,0.6604674886519712,0.5462962962962963,0.04536814832005849,-0.11417119235567497,-2.5165495305259524,0.33953251134802875
3105103,Bambuí,MG,Sudeste,161,0.660766247560679,0.8074534161490683,0.037310321687792324,0.14668716858838926,3.9315439254543945,0.33923375243932097
4202909,Brusque,SC,Sul,1305,0.6608564915544988,0.6620689655172414,0.013062999401509637,0.0012124739627425996,0.09281742465688844,0.33914350844550123
4105003,Catanduvas,PR,Sul,117,0.6608817254876982,0.5641025641025641,0.04370026438498037,-0.0967791613851341,-2.2146127202469916,0.3391182745123018
3525854,Jumirim,SP,Sudeste,41,0.6609365264210232,0.5121951219512195,0.0739286128780098,-0.14874140446980366,-2.011959898601683,0.3390634735789768
4309654,Hulha Negra,RS,Sul,63,0.6609367306162462,0.36507936507936506,0.05959648651025844,-0.2958573655368812,-4.964342411124434,0.33906326938375375
3522000,Itaju,SP,Sudeste,38,0.6611861328786691,0.4473684210526316,0.07666081900898303,-0.21381771182603754,-2.789139414242139,0.3388138671213309
2513927,São Bentinho,PB,Nordeste,35,0.661202416275756,0.6,0.07985245018689735,-0.061202416275756066,-0.7664438114611355,0.33879758372424396
4109609,Guaratuba,PR,Sul,629,0.6613079258589974,0.6693163751987281,0.018862946289901695,0.008008449339730661,0.42455983368928935,0.33869207414100255
4125506,São José dos Pinhais,PR,Sul,3798,0.6614616412380574,0.6463928383359663,0.007674131907419236,-0.015068802902091116,-1.9635840358077274,0.3385383587619426
4218608,Trombudo Central,SC,Sul,87,0.6616937585188882,0.632183908045977,0.05069381805420766,-0.029509850472911214,-0.5821193116950846,0.33830624148111177
5206701,Damianópolis,GO,Centro-Oeste,56,0.6618199279317561,0.8392857142857143,0.0631528339390874,0.17746578635395815,2.810100121953809,0.33818007206824385
3512902,Cosmorama,SP,Sudeste,68,0.6618250872205755,0.5588235294117647,0.05730073540244502,-0.10300155780881082,-1.797560835570284,0.33817491277942446
4106902,Curitiba,PR,Sul,12923,0.6619571183285599,0.6617658438443086,0.004160120494192671,-0.00019127448425126925,-0.04597811157592172,0.33804288167144014
4211207,Morro da Fumaça,SC,Sul,264,0.662150413508013,0.6931818181818182,0.029085668756181404,0.031031404673805274,1.0668967227102302,0.33784958649198704
3516853,Gavião Peixoto,SP,Sudeste,61,0.6622529871302014,0.7377049180327869,0.06051989982623917,0.0754519309025855,1.2467292761425286,0.3377470128697986
3531407,Monte Aprazível,SP,Sudeste,154,0.662278082482974,0.6818181818181818,0.03809324334556309,0.019540099335207728,0.5129544669628049,0.33772191751702596
3129657,Ibiracatu,MG,Sudeste,49,0.6624079179323227,0.5510204081632653,0.06724363525076674,-0.11138750976905742,-1.6564766219682827,0.3375920820676773
2111953,Sucupira do Riachão,MA,Nordeste,31,0.6624179477261405,0.8064516129032258,0.08473281793663248,0.14403366517708527,1.6998568994223817,0.3375820522738595
5106653,Pontal do Araguaia,MT,Centro-Oeste,74,0.6624423890692391,0.5135135135135135,0.0549588980824736,-0.14892887555572565,-2.709822808532966,0.33755761093076087
3532058,Motuca,SP,Sudeste,41,0.6627228588761194,0.7804878048780488,0.07379632397982545,0.11776494600192944,1.5958104638670645,0.33727714112388063
3157203,Santa Bárbara,MG,Sudeste,311,0.6629379691244001,0.6655948553054662,0.026800771655076515,0.002656886181066187,0.09913468967461346,0.33706203087559994
2608602,Lagoa do Ouro,PE,Nordeste,97,0.6631101708381992,0.8556701030927835,0.047950263990970056,0.19255993225458423,4.015826321432702,0.33688982916180077
4206108,Grão Pará,SC,Sul,78,0.6632395654853155,0.7051282051282052,0.053479763551888715,0.04188863964288969,0.7832614967014067,0.3367604345146845
3543253,Ribeirão Grande,SP,Sudeste,82,0.6634223945383536,0.6097560975609756,0.05213424985359159,-0.053666296977378014,-1.0293865765420787,0.3365776054616464
5208707,Goiânia,GO,Centro-Oeste,8840,0.6636754092941654,0.6970588235294117,0.005024006311498156,0.03338341423524638,6.644779517661764,0.33632459070583465
3547908,Santo Antônio da Alegria,SP,Sudeste,64,0.663686756390905,0.671875,0.0590421705384023,0.00818824360909498,0.1386846644428353,0.336313243609095
3502002,Analândia,SP,Sudeste,64,0.6637777456389439,0.6875,0.058990198569965006,0.023722254361056128,0.40213891351663233,0.3362222543610561
3555000,Tupã,SP,Sudeste,536,0.6637907358802794,0.5522388059701493,0.02029913643066604,-0.11155192991013008,-5.495402737507978,0.33620926411972063
3542305,Redenção da Serra,SP,Sudeste,51,0.663815327398312,0.8431372549019608,0.06612329073750048,0.17932192750364884,2.711932898432565,0.33618467260168805
3149200,Pedrinópolis,MG,Sudeste,35,0.6638296016227716,0.8,0.07982212837125043,0.13617039837722844,1.7059229208209512,0.3361703983772284
4304002,Campo Novo,RS,Sul,56,0.664082214600297,0.4642857142857143,0.06289054289902297,-0.19979650031458274,-3.176892599502216,0.33591778539970296
4311734,Mampituba,RS,Sul,36,0.6642279435238617,0.5555555555555556,0.07865626709164429,-0.10867238796830614,-1.381611306848434,0.3357720564761383
2106607,Matões,MA,Nordeste,269,0.6643048294538101,0.3420074349442379,0.02866281716774227,-0.3222973945095722,-11.244442324821174,0.3356951705461899
4307609,Estância Velha,RS,Sul,545,0.6643263999913511,0.43669724770642204,0.02022072410983903,-0.22762915228492908,-11.257220614279039,0.3356736000086489
5206404,Crixás,GO,Centro-Oeste,119,0.6644152794917497,0.7899159663865546,0.043249187745414815,0.12550068689480487,2.901804483209287,0.3355847205082503
3552601,Tabapuã,SP,Sudeste,85,0.6644505369029279,0.9882352941176471,0.051174137050804445,0.3237847572147192,6.327117092238869,0.3355494630970721
4122909,Salto do Itararé,PR,Sul,59,0.6645281718304591,0.7288135593220338,0.06134944198259416,0.06428538749157475,1.047856107799865,0.3354718281695409
2107001,Montes Altos,MA,Nordeste,114,0.6647281394849549,0.5526315789473685,0.04420083780154775,-0.11209656053758643,-2.5360732084055932,0.3352718605150451
3506508,Birigui,SP,Sudeste,1037,0.6647762991374273,0.7820636451301832,0.014652200757913124,0.11728734599275592,8.004759689728743,0.3352237008625727
4206900,Ibirama,SC,Sul,203,0.6648256862916982,0.7241379310344828,0.03312384737893726,0.059312244742784515,1.7906206384859715,0.33517431370830175
2606101,Glória do Goitá,PE,Nordeste,197,0.6648502157740092,0.6649746192893401,0.033605374678625836,0.00012440351533093974,0.0037018934179616396,0.33514978422599084
3537701,Piacatu,SP,Sudeste,62,0.6648518297278632,0.7580645161290323,0.059912412222368885,0.09321268640116909,1.555815947707197,0.33514817027213684
3537107,Pedreira,SP,Sudeste,411,0.6649509073876927,0.9416058394160584,0.023272150197087827,0.27665493202836566,11.887811383366932,0.3350490926123073
3300902,Cambuci,RJ,Sudeste,109,0.6651089130485179,0.6422018348623854,0.04519385324865011,-0.02290707818613258,-0.506862693475175,0.33489108695148206
3134806,Jacuí,MG,Sudeste,84,0.6651952444873163,0.8452380952380952,0.05142097113008922,0.18004285075077897,3.5013506511825883,0.33480475551268374
3500105,Adamantina,SP,Sudeste,200,0.6652291990570128,0.66,0.03335642181477346,-0.005229199057012801,-0.1567673860838636,0.33477080094298717
5106802,Porto dos Gaúchos,MT,Centro-Oeste,80,0.6654597415998393,0.75,0.05268211570559831,0.08454025840016066,1.6047240561217042,0.33454025840016066
2200400,Altos,PI,Nordeste,577,0.6654772667184892,0.6204506065857885,0.019597283143632887,-0.045026660132700624,-2.2975970598929516,0.33452273328151083
3159803,Santa Vitória,MG,Sudeste,252,0.6656016095590848,0.6309523809523809,0.029692317420804942,-0.03464922860670383,-1.1669425500087662,0.33439839044091524
3202256,Governador Lindenberg,ES,Sudeste,106,0.6656304865211607,0.8207547169811321,0.045755336286128864,0.15512423045997137,3.3902981171400253,0.33436951347883925
3534807,Ouro Verde,SP,Sudeste,88,0.6656708236324141,0.7613636363636364,0.050212788257829266,0.09569281273122221,1.9057458478478662,0.33432917636758586
1100379,Alto Alegre dos Parecis,RO,Norte,186,0.6657043574900156,0.7956989247311828,0.03458241018355355,0.1299945672411672,3.758979393026489,0.33429564250998445
3551207,Sarutaiá,SP,Sudeste,45,0.6657352153590679,0.8,0.07027257865712849,0.13426478464093217,1.9106284016704753,0.3342647846409321
3510708,Cardoso,SP,Sudeste,97,0.6659234359570081,0.5979381443298969,0.04787619822306388,-0.0679852916271112,-1.4200227701948138,0.3340765640429919
3135308,Japaraíba,MG,Sudeste,53,0.666044343616648,0.8113207547169812,0.06470178840006822,0.14527641110033318,2.245322960812935,0.333955656383352
3302106,Itaocara,RJ,Sudeste,188,0.6660681897474111,0.6914893617021277,0.034334921662831405,0.025421171954716604,0.7403882322596296,0.3339318102525889
4317400,Santiago,RS,Sul,392,0.666097263511225,0.5994897959183674,0.023786492792394087,-0.06660746759285763,-2.800222301547367,0.333902736488775
3532108,Murutinga do Sul,SP,Sudeste,32,0.6661484536379205,1.0,0.0833214062314801,0.3338515463620795,4.006792029344618,0.3338515463620795
4212700,Petrolândia,SC,Sul,76,0.6662311943817473,0.6710526315789473,0.05406825375655091,0.004821437197200074,0.08917316284911288,0.33376880561825273
3521903,Itajobi,SP,Sudeste,147,0.6662820436734472,0.8299319727891157,0.03888061346295083,0.16364992911566845,4.209036703384574,0.33371795632655277
5215702,Palmeiras de Goiás,GO,Centro-Oeste,354,0.6664782335177857,0.8107344632768362,0.025012374690518275,0.1442562297590505,5.76739440152939,0.3335217664822143
5209952,Indiara,GO,Centro-Oeste,186,0.6664975020048373,0.8279569892473119,0.0345508254352395,0.1614594872424746,4.6731007207080175,0.33350249799516274
3549409,São Joaquim da Barra,SP,Sudeste,416,0.6665265667937285,0.6826923076923077,0.022939433328241218,0.01616574089857925,0.7047140470849063,0.33347343320627154
4305975,Coxilha,RS,Sul,40,0.6666776730479016,0.525,0.07445961651853492,-0.14167767304790158,-1.9027451345070299,0.3333223269520984
4107702,Fênix,PR,Sul,42,0.6667754027182793,0.6190476190476191,0.0727027727033269,-0.04772778367066022,-0.6564781767735274,0.3332245972817207
3505500,Barretos,SP,Sudeste,1117,0.6669228528373847,0.5881826320501343,0.014095727467001338,-0.0787402207872504,-5.586105504067414,0.3330771471626153
3520442,Ilha Solteira,SP,Sudeste,209,0.6671371183906927,0.8038277511961722,0.0325613741263095,0.13669063280547955,4.197938093006766,0.3328628816093073
3519402,Ibirá,SP,Sudeste,117,0.6671999269912104,0.6239316239316239,0.04349808528777751,-0.04326830305958651,-0.9947174174065182,0.33280007300878955
3167103,Serro,MG,Sudeste,149,0.667323129580577,0.6711409395973155,0.03858325220914259,0.003817810016738421,0.09894992770551785,0.33267687041942295
3544806,Sales,SP,Sudeste,69,0.6673975011927468,0.6811594202898551,0.05655562525343167,0.013761919097108333,0.24333422246575356,0.33260249880725323
5218508,Quirinópolis,GO,Centro-Oeste,544,0.6674198329275901,0.8014705882352942,0.020182545878357216,0.13405075530770405,6.641915054505269,0.3325801670724099
3150505,Pimenta,MG,Sudeste,71,0.6674752144616052,0.9436619718309859,0.05584872094074706,0.2761867573693807,4.945265580252093,0.3325247855383948
3145851,Oratórios,MG,Sudeste,40,0.6675148737440015,0.825,0.07445106622934954,0.15748512625599842,2.115283692121468,0.33248512625599846
2109056,Porto Rico do Maranhão,MA,Nordeste,48,0.6675662272491708,0.3541666666666667,0.06789695819409078,-0.3133995605825041,-4.615811501991263,0.3324337727508292
4206306,Guabiruba,SC,Sul,285,0.6675694954966729,0.7298245614035088,0.027887573284041553,0.06225506590683594,2.232358666448074,0.3324305045033271
3528007,Macatuba,SP,Sudeste,182,0.6676339160505816,0.6263736263736264,0.034904529299186055,-0.041260289676955275,-1.1820898463718126,0.33236608394941836
3553609,Tapiratiba,SP,Sudeste,111,0.6676508188552509,0.8018018018018018,0.0445219815416364,0.13415098294655092,3.0131404376306703,0.3323491811447491
5217104,Piracanjuba,GO,Centro-Oeste,208,0.6678135848240798,0.7211538461538461,0.03262153525909843,0.053340261329766325,1.6351241873231352,0.3321864151759202
3540408,Populina,SP,Sudeste,40,0.668010789559301,0.8,0.07437087132320283,0.131989210440699,1.7747433651422062,0.33198921044069896
3520509,Indaiatuba,SP,Sudeste,2404,0.6683280161159962,0.6285357737104825,0.009597192553084777,-0.03979224240551371,-4.146237786249635,0.33167198388400376
4101051,Anahy,PR,Sul,33,0.6683806979834662,0.696969696969697,0.08185932963017668,0.028588998986230796,0.3492454569978756,0.3316193020165338
2207009,Oeiras,PI,Nordeste,337,0.6684777732729094,0.7270029673590505,0.02563558996767043,0.0585251940861411,2.282966538314446,0.33152222672709064
2607307,Ipubi,PE,Nordeste,363,0.6684813333995268,0.7052341597796143,0.024677913666530906,0.03675282638008759,1.4893003872500423,0.33151866660047324
3167608,Simonésia,MG,Sudeste,205,0.6687488432149291,0.7317073170731707,0.032836400129100135,0.0629584738582416,1.9173378814581692,0.3312511567850709
3155801,Rio Pomba,MG,Sudeste,141,0.6688727901930615,0.7872340425531915,0.0396172976213857,0.11836125236013006,2.9876154979394105,0.33112720980693855
3552908,Taciba,SP,Sudeste,76,0.6692001353822262,0.6710526315789473,0.053945651058804556,0.0018524961967211206,0.034340047072594776,0.3307998646177738
4311627,Lindolfo Collor,RS,Sul,80,0.6692079653839627,0.3875,0.052510772331982994,-0.28170796538396264,-5.364765225751238,0.33079203461603734
3114600,Carrancas,MG,Sudeste,49,0.6693145655846825,0.8979591836734694,0.0670977314126,0.2286446180887869,3.407635597734243,0.3306854344153175
3532603,Nhandeara,SP,Sudeste,70,0.6694276227971786,0.7,0.05616670548048957,0.030572377202821355,0.5443149449711123,0.3305723772028214
4300034,Aceguá,RS,Sul,46,0.6696008413070039,0.5217391304347826,0.06933043877668021,-0.14786171087222133,-2.1327098671407176,0.3303991586929961
2600104,Afogados da Ingazeira,PE,Nordeste,387,0.669676630374549,0.7028423772609819,0.023899192854787057,0.03316574688643281,1.3877350205067551,0.33032336962545095
3133709,Itatiaiuçu,MG,Sudeste,162,0.6696950670926648,0.8024691358024691,0.03687986563830232,0.13277406870980435,3.6001776690831866,0.3303049329073352
3118403,Conselheiro Pena,MG,Sudeste,208,0.6697787301417011,0.5625,0.03258157219853294,-0.10727873014170108,-3.292619812451271,0.3302212698582989
1302405,Lábrea,AM,Norte,467,0.6698127228570975,0.683083511777302,0.02167977090193927,0.013270788920204502,0.6121277286660544,0.3301872771429025
3516200,Franca,SP,Sudeste,3344,0.6698856180343866,0.7111244019138756,0.008082451947446162,0.04123878387948898,5.102261559689115,0.3301143819656134
1101559,Teixeirópolis,RO,Norte,53,0.6699129941969895,0.660377358490566,0.06455955409883492,-0.009535635706423462,-0.1477029362970081,0.33008700580301054
4306908,Encruzilhada do Sul,RS,Sul,241,0.6700838431169808,0.5186721991701245,0.030223456694379338,-0.15141164394685624,-5.009739470833404,0.32991615688301923
2509008,Manaíra,PB,Nordeste,95,0.6700977315903076,0.6105263157894737,0.0477861299648748,-0.059571415800833916,-1.2466256598854497,0.3299022684096924
4208500,Ituporanga,SC,Sul,298,0.6701388660054253,0.7248322147651006,0.02708582455723011,0.05469334875967535,2.019260984435339,0.32986113399457473
3169703,Turmalina,MG,Sudeste,186,0.6701606924292154,0.8225806451612904,0.03386094311624066,0.15241995273207498,4.501349894739644,0.3298393075707846
3519105,Iacanga,SP,Sudeste,88,0.6703771967461346,0.9772727272727273,0.05009231745941447,0.3068955305265927,6.126598769866137,0.3296228032538654
3553401,Tanabi,SP,Sudeste,233,0.6704265334238491,0.7424892703862661,0.03078167861321427,0.07206273696241705,2.3410918510298924,0.32957346657615094
3118908,Cordisburgo,MG,Sudeste,44,0.6705466244939299,0.7954545454545454,0.0707897893865625,0.12490792096061554,1.7644906425491624,0.3294533755060701
4207809,Irani,SC,Sul,123,0.6708327414548206,0.6585365853658537,0.04235306680600194,-0.012296156088966947,-0.2903250464786752,0.32916725854517936
3138708,Luminárias,MG,Sudeste,41,0.6710950692925145,0.975609756097561,0.07330829457555117,0.30451468680504645,4.153891296587388,0.3289049307074855
3504107,Atibaia,SP,Sudeste,1697,0.671154494001671,0.6535061873895109,0.011397830102529611,-0.017648306612160103,-1.5483917950525754,0.32884550599832896
2112209,Timon,MA,Nordeste,1666,0.6712365289824723,0.7605042016806722,0.011503118843382593,0.0892676726981999,7.760301698487014,0.3287634710175277
3151008,Piranguinho,MG,Sudeste,101,0.6713725295055674,0.8514851485148515,0.0466856859264215,0.1801126190092841,3.8579837788642277,0.32862747049443264
4319802,São Vicente do Sul,RS,Sul,82,0.6714843421612575,0.4634146341463415,0.051781818642937266,-0.20806970801491603,-4.0182000838878515,0.3285156578387425
4317707,Santo Antônio das Missões,RS,Sul,97,0.6717233065571423,0.5463917525773195,0.04759538814853092,-0.12533155397982276,-2.633270971311351,0.3282766934428577
4211454,Nova Itaberaba,SC,Sul,45,0.6717535622967113,0.7111111111111111,0.0699917938566689,0.03935754881439979,0.5623166180737881,0.32824643770328865
2607208,Ipojuca,PE,Nordeste,1323,0.6719084184196572,0.6447467876039304,0.01290103523806917,-0.027161630815726756,-2.1053838172286006,0.3280915815803428
4302659,Brochier,RS,Sul,60,0.6719426792884133,0.5666666666666667,0.06051746413896628,-0.10527601262174668,-1.739597224034393,0.32805732071158666
5213756,Montividiu,GO,Centro-Oeste,150,0.6720247212485814,0.7866666666666666,0.038310007103059235,0.11464194541808526,2.9924804010002535,0.32797527875141863
4319901,Sapiranga,RS,Sul,826,0.6720321107054281,0.4467312348668281,0.01632570862703524,-0.22530087583860003,-13.800373446914495,0.3279678892945719
3532702,Nipoã,SP,Sudeste,57,0.6720434928685385,0.8070175438596491,0.06215139588385795,0.1349740509911106,2.1716978206464748,0.3279565071314615
4105607,Cidade Gaúcha,PR,Sul,155,0.6720849704713956,0.632258064516129,0.03763496980726951,-0.03982690595526661,-1.0582420062835738,0.3279150295286044
3515186,Espírito Santo do Pinhal,SP,Sudeste,292,0.6723825198551483,0.7602739726027398,0.0274326389439714,0.08789145274759147,3.2039007594968,0.3276174801448517
3534203,Orindiúva,SP,Sudeste,77,0.6728597967268327,0.4805194805194805,0.05341181079453207,-0.1923403162073522,-3.601082107986548,0.3271402032731673
2920304,Malhada de Pedras,BA,Nordeste,74,0.6729189067828354,0.7027027027027027,0.054483564102807545,0.02978379591986735,0.546656526795254,0.3270810932171646
3151404,Pitangui,MG,Sudeste,269,0.6729210550063246,0.7881040892193308,0.028595787106426965,0.11518303421300624,4.027972154930423,0.3270789449936754
4214201,Quilombo,SC,Sul,118,0.6729509727224985,0.6949152542372882,0.0431562549511165,0.021964281514789685,0.5089478116131447,0.3270490272775015
3130200,Igaratinga,MG,Sudeste,126,0.6729513686932946,0.7936507936507936,0.04173355975769086,0.12069942495749897,2.8921430536549404,0.32704863130670536
3200805,Baixo Guandu,ES,Sudeste,275,0.6730678480319697,0.7454545454545455,0.028269341007103366,0.07238669742257575,2.560607882737232,0.32693215196803027
4304705,Carazinho,RS,Sul,547,0.6731024330264167,0.46617915904936014,0.02003793461361223,-0.20692327397705657,-10.326576963500461,0.3268975669735833
3152204,Porteirinha,MG,Sudeste,334,0.6731213103265171,0.7215568862275449,0.02544368907451723,0.04843557590102776,1.9036380989869008,0.3268786896734829
3205200,Vila Velha,ES,Sudeste,4241,0.6733135075428277,0.6838009903324688,0.00719775873666792,0.010487482789641067,1.457048391496388,0.3266864924571723
4206504,Guaramirim,SC,Sul,488,0.6733668745662734,0.6516393442622951,0.02122651273282875,-0.021727530303978337,-1.0236033858908307,0.3266331254337266
3502408,Anhumas,SP,Sudeste,40,0.6734453464312927,0.575,0.07405480573646858,-0.09844534643129277,-1.3293579728184064,0.3265546535687073
3504404,Avanhandava,SP,Sudeste,118,0.6734952789644392,0.7711864406779662,0.043099440849072274,0.09769116171352699,2.266645687020086,0.32650472103556083
4300802,Antônio Prado,RS,Sul,87,0.6736487574114621,0.5632183908045977,0.04995447364555409,-0.11043036660686445,-2.2106201616778054,0.32635124258853787
3528304,Magda,SP,Sudeste,33,0.6737602466979079,0.9393939393939394,0.08158161174937843,0.26563369269603154,3.256048599677922,0.3262397533020921
4322202,Tupanciretã,RS,Sul,177,0.6737928296842582,0.4350282485875706,0.03521384771170817,-0.23876458109668763,-6.78041726798578,0.32620717031574176
3109501,Cabo Verde,MG,Sudeste,95,0.6739030202192238,0.8631578947368421,0.04807483627659569,0.18925487451761835,3.93667226298498,0.32609697978077623
4307005,Erechim,RS,Sul,929,0.6740630511602373,0.4682454251883746,0.01535943059946443,-0.20581762597186276,-13.400081769895783,0.32593694883976265
4307807,Estrela,RS,Sul,260,0.6743113459515132,0.5115384615384615,0.02902201109426943,-0.1627728844130517,-5.608601136714202,0.3256886540484868
3140159,Mário Campos,MG,Sudeste,149,0.6744053210348259,0.738255033557047,0.03838105748468103,0.06384971252222116,1.6635735622371894,0.32559467896517413
4204103,Caxambu do Sul,SC,Sul,46,0.6745230223354663,0.5869565217391305,0.0690479158473249,-0.08756650059633586,-1.2681990400689034,0.32547697766453365
4101804,Araucária,PR,Sul,1943,0.674536646102271,0.6906845084920227,0.010625363270247191,0.016147862389751633,1.519746852794047,0.32546335389772896
3164308,São Roque de Minas,MG,Sudeste,40,0.6745804045957592,0.775,0.07397032832890904,0.10041959540424084,1.3575659007179897,0.3254195954042408
4311759,Manoel Viana,RS,Sul,48,0.6747814070313097,0.4791666666666667,0.06708057481590922,-0.19561474036464305,-2.916116042557374,0.32521859296869027
4203808,Canoinhas,SC,Sul,571,0.6748395585741115,0.7810858143607706,0.019555885249746212,0.10624625578665914,5.432955574743821,0.3251604414258885
3524808,Jales,SP,Sudeste,385,0.6749028404114019,0.7064935064935065,0.023850599382241294,0.03159066608210459,1.3245229428333112,0.3250971595885981
4219705,Xaxim,SC,Sul,424,0.6749342115193641,0.6037735849056604,0.02273321737965994,-0.0711606266137037,-3.130248808396701,0.32506578848063594
3204906,São Mateus,ES,Sudeste,1514,0.6751036345724143,0.7060766182298547,0.012023271440110188,0.03097298365744039,2.576086201806364,0.3248963654275857
5208806,Goianira,GO,Centro-Oeste,1021,0.675152159604159,0.8070519098922625,0.014650075202655533,0.13189975028810352,9.003349707324016,0.324847840395841
5209705,Hidrolândia,GO,Centro-Oeste,393,0.675296431306745,0.6564885496183206,0.023611602581115505,-0.0188078816884244,-0.7965525264035611,0.324703568693255
4218202,Timbó,SC,Sul,431,0.6753258490675988,0.7540603248259861,0.022260179734776,0.07873447575838721,3.537009884757766,0.32467415093240115
3547106,Santa Mercedes,SP,Sudeste,36,0.6753330384183744,0.8055555555555556,0.07756963496908567,0.13022251713718114,1.6787821315528888,0.32466696158162556
3130408,Ijaci,MG,Sudeste,52,0.6755401423236653,0.8269230769230769,0.06489195609466981,0.15138293459941154,2.3328459135761213,0.3244598576763347
4315503,Restinga Seca,RS,Sul,117,0.6758808266052199,0.4444444444444444,0.04264409462825985,-0.23143638216077544,-5.427161349731287,0.32411917339478014
3552106,Socorro,SP,Sudeste,247,0.6759378986801035,0.611336032388664,0.029768384839919358,-0.06460186629143949,-2.1701501992411925,0.32406210131989654
3155603,Rio Pardo de Minas,MG,Sudeste,268,0.6759667285748987,0.8694029850746269,0.028565430263913488,0.19343625649972818,6.771690631388629,0.3240332714251013
1713601,Monte do Carmo,TO,Norte,64,0.6761132553626902,0.203125,0.05844305349946753,-0.4729882553626902,-8.093147552035411,0.3238867446373098
4320677,Sinimbu,RS,Sul,63,0.6761505982957661,0.36507936507936506,0.058909696332859245,-0.311071233216401,-5.2804759246889645,0.32384940170423393
3145109,Nova Resende,MG,Sudeste,174,0.6761719606241432,0.867816091954023,0.03547061564731669,0.19164413132987979,5.40289836622493,0.3238280393758568
4311155,Jóia,RS,Sul,40,0.6762592984360312,0.55,0.07392913204924875,-0.12625929843603112,-1.7078422935078152,0.32374070156396884
5106240,Nova Ubiratã,MT,Centro-Oeste,213,0.6762622448529165,0.5821596244131455,0.032025435732433126,-0.09410262043977102,-2.938371275444364,0.3237377551470835
3120409,Cristiano Otoni,MG,Sudeste,59,0.6762955318754617,0.8983050847457628,0.06089856009841949,0.2220095528703011,3.6455632532445206,0.32370446812453835
3108206,Bonfinópolis de Minas,MG,Sudeste,54,0.6763152442918107,0.6851851851851852,0.06346673847021458,0.008869940893374562,0.13975731394385882,0.32368475570818933
3203403,Mimoso do Sul,ES,Sudeste,197,0.676720162204689,0.6548223350253807,0.03331969611576482,-0.021897827179308327,-0.6572036882697628,0.323279837795311
3131307,Ipatinga,MG,Sudeste,1931,0.6767518877379894,0.7622993267736924,0.010524657973716064,0.08554743903570294,8.128286852584313,0.32324811226201056
3149903,Perdões,MG,Sudeste,168,0.6769287751569144,0.7916666666666666,0.03606304049790494,0.11473789150975222,3.181592287439487,0.3230712248430856
4104451,Cantagalo,PR,Sul,184,0.6769653189680702,0.717391304347826,0.03442223155505184,0.040425985379755836,1.1744150089485665,0.3230346810319298
3157906,Santa Margarida,MG,Sudeste,170,0.677235656133946,0.6,0.03583392945710633,-0.077235656133946,-2.1553778026604107,0.322764343866054
3141405,Medina,MG,Sudeste,194,0.6774662812511872,0.6443298969072165,0.033528880356776904,-0.033136384343970704,-0.9882937930336565,0.32253371874881276
4218103,Timbé do Sul,SC,Sul,65,0.6774912110143899,0.8,0.057885071816683835,0.12250878898561013,2.1164142177033667,0.3225087889856101
3205101,Viana,ES,Sudeste,1080,0.6777265615870794,0.6907407407407408,0.014217002064364168,0.01301417915366132,0.9153954606423108,0.32227343841292055
3104007,Araxá,MG,Sudeste,1076,0.677763574415794,0.7592936802973977,0.014236021771788081,0.0815301058816037,5.727028743604071,0.32223642558420595
4319208,São Nicolau,RS,Sul,41,0.6778555761086977,0.3902439024390244,0.07282423960086018,-0.28761167366967333,-3.949394806537412,0.32214442389130227
1100189,Pimenta Bueno,RO,Norte,472,0.6780871734948198,0.8177966101694916,0.02147823986165648,0.13970943667467173,6.504696733743286,0.32191282650518016
1100908,Castanheiras,RO,Norte,50,0.6781940951204998,0.64,0.06599494357929891,-0.03819409512049976,-0.5787427498078862,0.3218059048795002
3553955,Tarumã,SP,Sudeste,192,0.6782154755078685,0.9166666666666666,0.03369134545962658,0.2384511911587981,7.077520588916279,0.32178452449213146
4210605,Massaranduba,SC,Sul,218,0.6783487556776869,0.7660550458715596,0.03153105132119493,0.08770629019387266,2.781584708370227,0.32165124432231307
3130903,Inhapim,MG,Sudeste,151,0.6783883248016594,0.847682119205298,0.03798180304356376,0.16929379440363856,4.457234276357672,0.32161167519834055
3518909,Guzolândia,SP,Sudeste,42,0.6784373022308722,0.8095238095238095,0.07195115205836536,0.13108650729293736,1.8218819788542449,0.3215626977691278
2300309,Acopiara,CE,Nordeste,365,0.678497539551128,0.6438356164383562,0.024416017988008867,-0.03466192311277183,-1.4196386622009742,0.321502460448872
5220108,São Luís de Montes Belos,GO,Centro-Oeste,321,0.6785180869380989,0.7632398753894081,0.02605372342939692,0.08472178845130918,3.251811154014015,0.3214819130619011
2608701,Lagoa dos Gatos,PE,Nordeste,103,0.6785616666619033,0.8640776699029126,0.04596860904364515,0.18551600324100925,4.0357106099266575,0.3214383333380967
3522703,Itápolis,SP,Sudeste,325,0.678750550054968,0.76,0.025870388891561437,0.08124944994503203,3.1406350436245076,0.321249449945032
2610509,Passira,PE,Nordeste,201,0.6788711873077007,0.7611940298507462,0.03292202874143731,0.08232284254304556,2.5005397811171313,0.3211288126922993
4216305,São João Batista,SC,Sul,277,0.6789590432531901,0.6967509025270758,0.028035995810577283,0.017791859273885713,0.634607716240751,0.3210409567468099
4311304,Lagoa Vermelha,RS,Sul,266,0.6790132389997013,0.5225563909774437,0.028463743115655922,-0.15645684802225768,-5.49670671866771,0.32098676100029866
4100608,Alto Paraná,PR,Sul,156,0.6790883734023958,0.7051282051282052,0.037350089203245444,0.02603983172580937,0.6971825846013429,0.3209116265976042
3154002,Raul Soares,MG,Sudeste,168,0.6792162243030289,0.8392857142857143,0.03597946614677471,0.16006948998268544,4.448912313754118,0.32078377569697114
2608503,Lagoa de Itaenga,PE,Nordeste,165,0.679572898268732,0.793939393939394,0.03630116422115876,0.11436649567066193,3.150491124028508,0.320427101731268
3102902,Antônio Carlos,MG,Sudeste,91,0.6797608103974219,0.7142857142857143,0.04886083512793321,0.034524903888292435,0.7065966800996187,0.32023918960257813
3104304,Areado,MG,Sudeste,154,0.679787530133605,0.8831168831168831,0.037581815837547945,0.20332935298327803,5.410312100463542,0.32021246986639496
4115705,Matinhos,PR,Sul,485,0.6798050910672769,0.6391752577319587,0.021182787327604265,-0.04062983333531822,-1.918058879927082,0.32019490893272307
3116209,Chiador,MG,Sudeste,46,0.6798129423207124,0.7608695652173914,0.06875078176553796,0.08105662289667892,1.1789920174741837,0.32018705767928757
3152170,Ponto dos Volantes,MG,Sudeste,90,0.679931265302258,0.6777777777777778,0.04915974313158985,-0.002153487524480191,-0.04380591490715843,0.320068734697742
4104006,Campina Grande do Sul,PR,Sul,698,0.6800360165989633,0.670487106017192,0.01765451599107665,-0.00954891058177132,-0.5408763733085489,0.3199639834010367
3128808,Guidoval,MG,Sudeste,81,0.6800789597939497,0.5925925925925926,0.05182246024917032,-0.08748636720135716,-1.688194014346469,0.3199210402060503
3117207,Conceição das Pedras,MG,Sudeste,30,0.6801002002599275,0.7666666666666667,0.08513264424233441,0.08656646640673926,1.0168422134325277,0.31989979974007254
5107875,Sapezal,MT,Centro-Oeste,398,0.6801391833220206,0.8391959798994975,0.02333963385512715,0.15905679657747684,6.814879683407541,0.3198608166779794
3534757,Ouroeste,SP,Sudeste,120,0.6801924233929648,0.9,0.04254064596660803,0.2198075766070352,5.167001384501108,0.3198075766070352
5200555,Alto Horizonte,GO,Centro-Oeste,115,0.6802225954857706,0.7217391304347827,0.04343100687611547,0.041516534949012085,0.9559192368584889,0.3197774045142294
4312609,Muçum,RS,Sul,38,0.6803157817289595,0.47368421052631576,0.07550089792924602,-0.2066315712026437,-2.736809453528405,0.31968421827104054
4205191,Ermo,SC,Sul,49,0.680442635213465,0.6938775510204082,0.06659256967013762,0.013434915806943115,0.20174797088462243,0.31955736478653496
4309050,Glorinha,RS,Sul,68,0.6806402337646076,0.3382352941176471,0.05652308196252526,-0.3424049396469605,-6.057789627854593,0.3193597662353924
4117503,Paiçandu,PR,Sul,760,0.6808796759177623,0.6276315789473684,0.016900672921344107,-0.0532480969703939,-3.150649516632329,0.31912032408223767
2103901,Duque Bacelar,MA,Nordeste,169,0.6811138902587186,0.8165680473372781,0.03580845815297729,0.13545415707855946,3.7827419572182035,0.3188861097412814
2100709,Anajatuba,MA,Nordeste,141,0.6811407712449754,0.41134751773049644,0.03893610218021077,-0.26979325351447897,-6.929128454249873,0.3188592287550246
3141801,Minas Novas,MG,Sudeste,238,0.6811414470687724,0.7941176470588235,0.030162452656624966,0.11297619999005104,3.7455906280630873,0.31885855293122756
3148202,Patrocínio do Muriaé,MG,Sudeste,54,0.6814398206222404,0.8148148148148148,0.06339243320238573,0.13337499419257437,2.1039576406029936,0.3185601793777596
3530409,Mirassolândia,SP,Sudeste,48,0.681514028004821,0.5625,0.06718072557304007,-0.11901402800482097,-1.7715502026757186,0.31848597199517903
4219176,Vargem Bonita,SC,Sul,76,0.6816506821410581,0.7105263157894737,0.05305825317184424,0.02887563364841561,0.5442251096147787,0.31834931785894194
4107520,Esperança Nova,PR,Sul,31,0.6816786383282293,0.7096774193548387,0.08363883576997272,0.027998781026609465,0.33475813919281433,0.3183213616717707
4314159,Paverama,RS,Sul,60,0.6817809451632459,0.4666666666666667,0.059660924354725406,-0.21511427849657927,-3.605614241200426,0.31821905483675406
3110707,Cambuquira,MG,Sudeste,110,0.6820681465010489,0.8181818181818182,0.04437478637195666,0.13611367168076938,3.06736511450089,0.31793185349895114
4204400,Coronel Freitas,SC,Sul,102,0.6821179214488237,0.8627450980392157,0.046086158096864095,0.18062717659039207,3.919336825837143,0.31788207855117634
3516101,Florínia,SP,Sudeste,35,0.6821963353311408,0.8571428571428571,0.07869223397520268,0.17494652181171633,2.2231739140465256,0.31780366466885923
5203906,Buriti Alegre,GO,Centro-Oeste,109,0.6822346941632074,0.6513761467889908,0.04458710637363389,-0.03085854737421656,-0.6920957622956316,0.31776530583679263
3165909,Senador Modestino Gonçalves,MG,Sudeste,32,0.6822511114061127,0.90625,0.08228653924275509,0.22399888859388728,2.7221814242675086,0.3177488885938873
1100064,Colorado do Oeste,RO,Norte,175,0.682271223833682,0.72,0.03514385426357187,0.03772877616631798,1.0735526013555519,0.317728776166318
4108320,Francisco Alves,PR,Sul,100,0.6823007314227725,0.8,0.04646342332443278,0.11769926857722757,2.53315963732133,0.3176992685772275
4316808,Santa Cruz do Sul,RS,Sul,1032,0.6825682063245442,0.4932170542635659,0.014419871720979185,-0.1893511520609783,-13.131264668984196,0.3174317936754558
4204301,Concórdia,SC,Sul,950,0.6826298037044648,0.7178947368421053,0.015052030484549768,0.03526493313764045,2.3428688357918435,0.3173701962955352
3140100,Marilac,MG,Sudeste,53,0.6826346931524123,0.5471698113207547,0.06381333634750949,-0.1354648818316576,-2.1228302669202868,0.3173653068475877
3161304,São Francisco de Sales,MG,Sudeste,67,0.6826421817781057,0.7611940298507462,0.056788484026360976,0.0785518480726406,1.3832355171900197,0.31735781822189435
4126504,Sertanópolis,PR,Sul,133,0.6826785317534309,0.6090225563909775,0.04034446639234102,-0.07365597536245339,-1.8256772724706605,0.31732146824656915
3526506,Lavínia,SP,Sudeste,35,0.6827021802126573,0.6,0.07863844077189673,-0.0827021802126573,-1.051676246386269,0.3172978197873427
3105608,Barbacena,MG,Sudeste,860,0.6828174386951127,0.8383720930232558,0.015609489777536446,0.15555465432814308,9.965390063677876,0.3171825613048873
2516508,Taperoá,PB,Nordeste,123,0.6831052012330555,0.9105691056910569,0.04184930587218276,0.22746390445800135,5.435308895032274,0.3168947987669445
3200359,Alto Rio Novo,ES,Sudeste,92,0.6831199804945197,0.8369565217391305,0.0484902871947872,0.15383654124461077,3.1725227905259445,0.3168800195054803
3524709,Jaguariúna,SP,Sudeste,546,0.6832431311082803,0.7032967032967034,0.019889541542034154,0.020053572188423074,1.0082470803081238,0.3167568688917197
3104908,Baependi,MG,Sudeste,120,0.6832622433487782,0.7833333333333333,0.04244599619330771,0.10007108998455516,2.357609644236197,0.31673775665122184
4314498,Pinheirinho do Vale,RS,Sul,40,0.683287827202312,0.75,0.07353216907885915,0.06671217279768804,0.9072515285948244,0.31671217279768804
4313490,Novo Barreiro,RS,Sul,35,0.6833011209749744,0.37142857142857144,0.07856254093543878,-0.311872549546403,-3.969736032375709,0.3166988790250256
3138104,Lassance,MG,Sudeste,50,0.6834534660132001,0.48,0.06572697658029085,-0.20345346601320013,-3.0954332086866216,0.3165465339867999
3111705,Canaã,MG,Sudeste,56,0.6835600529764829,0.8571428571428571,0.06205346922191126,0.17358280416637417,2.797310228467961,0.3164399470235171
2610301,Paranatama,PE,Nordeste,138,0.6835627340401641,0.6666666666666666,0.039539504241840676,-0.01689606737349747,-0.4273211740378389,0.3164372659598359
5212808,Mara Rosa,GO,Centro-Oeste,131,0.6836107277917884,0.8778625954198473,0.04060868014779347,0.1942518676280589,4.78350606129251,0.31638927220821156
3132503,Itamarandiba,MG,Sudeste,342,0.6836260135926365,0.8333333333333334,0.024993680332745793,0.14970731974069684,5.989806933097238,0.31637398640736347
3108404,Botelhos,MG,Sudeste,144,0.6836724324811647,0.8472222222222222,0.038664391211707394,0.1635497897410575,4.229984867614711,0.3163275675188353
4204004,Catanduvas,SC,Sul,142,0.683673723821696,0.7394366197183099,0.03898962991073161,0.05576289589661387,1.4301981327928825,0.316326276178304
2111409,São Luís Gonzaga do Maranhão,MA,Nordeste,132,0.6838250942487506,0.696969696969697,0.040351436909753895,0.013144602720946419,0.32575302709403786,0.3161749057512494
3541307,Presidente Epitácio,SP,Sudeste,407,0.6838865183547421,0.7223587223587223,0.02301435489286441,0.038472204003980215,1.6716611950704081,0.3161134816452579
1100320,São Miguel do Guaporé,RO,Norte,302,0.6838875741221851,0.6920529801324503,0.026747806872866105,0.008165406010265164,0.3052738510142464,0.31611242587781485
2615300,Timbaúba,PE,Nordeste,346,0.6839167942098522,0.7745664739884393,0.02497512574088208,0.09064967977858707,3.6295985341207526,0.3160832057901478
3303005,Miracema,RJ,Sudeste,231,0.6840181073592707,0.696969696969697,0.030581383351168466,0.012951589610426306,0.4235122218541316,0.3159818926407293
3528858,Marapoama,SP,Sudeste,37,0.6840668460346752,1.0,0.07638297600196287,0.31593315396532484,4.1361723580553615,0.31593315396532484
4217105,São Martinho,SC,Sul,43,0.684070655844847,0.5581395348837209,0.07077601219796877,-0.12593112096112613,-1.7792909921073554,0.31592934415515295
4322509,Vacaria,RS,Sul,716,0.6841671824428256,0.41899441340782123,0.01733474085168872,-0.26517276903500436,-15.297186805603252,0.3158328175571744
3516804,Gastão Vidigal,SP,Sudeste,30,0.6846441314965881,0.5333333333333333,0.08474570016637903,-0.15131079816325477,-1.7854687360679091,0.3153558685034119
2210102,São José do Peixe,PI,Nordeste,40,0.6846566303680751,0.75,0.07319552425422263,0.06534336963192489,0.8927235687932824,0.3153433696319249
4317202,Santa Rosa,RS,Sul,709,0.6847112815910645,0.5148095909732017,0.017418233208785196,-0.16990169061786287,-9.754243646948643,0.31528871840893546
3108305,Borda da Mata,MG,Sudeste,166,0.6849857838622101,0.8012048192771084,0.0360230852281758,0.11621903541489831,3.2262376939329025,0.3150142161377899
2600302,Agrestina,PE,Nordeste,230,0.6851552083164524,0.6391304347826087,0.030612260815174954,-0.04602477353384371,-1.5034751536883726,0.3148447916835476
3140902,Matipó,MG,Sudeste,247,0.6852123809422253,0.8097165991902834,0.02947894436498071,0.12450421824805813,4.223496496569327,0.31478761905777475
3109006,Brumadinho,MG,Sudeste,394,0.6853366640684153,0.8756345177664975,0.02339128740813535,0.19029785369808216,8.13541599390112,0.3146633359315847
3115508,Caxambu,MG,Sudeste,160,0.6856956448220383,0.74375,0.036678254627527856,0.05805435517796176,1.5828003749772395,0.31430435517796174
4200051,Abdon Batista,SC,Sul,39,0.6857552097611536,0.7692307692307693,0.07430861248475006,0.08347555946961571,1.1233631833288091,0.31424479023884644
3531605,Monte Castelo,SP,Sudeste,32,0.6857815430912026,0.9375,0.08194394063231035,0.25171845690879735,3.07183734351122,0.31421845690879735
3133808,Itaúna,MG,Sudeste,666,0.6857998944070622,0.8678678678678678,0.017977078891596446,0.1820679734608056,10.127784083203583,0.31420010559293776
5205802,Corumbá de Goiás,GO,Centro-Oeste,95,0.6858463401693308,0.8105263157894737,0.04761894413105209,0.12467997562014288,2.6182851782057814,0.31415365983066923
3101409,Albertina,MG,Sudeste,41,0.6858787838220517,0.926829268292683,0.07245804792697277,0.24095048447063128,3.32537918649802,0.3141212161779483
3108008,Bom Sucesso,MG,Sudeste,124,0.6859682783601838,0.8387096774193549,0.0416686168970418,0.15274139905917106,3.6656220060429865,0.3140317216398162
3158953,Santana do Paraíso,MG,Sudeste,328,0.6860128758491495,0.7012195121951219,0.025623322448551047,0.015206636345972413,0.5934685627324774,0.3139871241508505
3169356,Três Marias,MG,Sudeste,283,0.6860931157371731,0.833922261484099,0.027492746919342677,0.14782914574692585,5.377023481161128,0.31390688426282687
4319505,São Sebastião do Caí,RS,Sul,209,0.686143287600049,0.44019138755980863,0.03189928218102364,-0.2459519000402403,-7.710264407973201,0.31385671239995105
2921807,Mortugaba,BA,Nordeste,105,0.6861988386631874,0.6,0.045238670820178094,-0.08619883866318745,-1.905423769098442,0.3138011613368126
4318804,São Lourenço do Sul,RS,Sul,352,0.6862126234391318,0.5681818181818182,0.024723682128996168,-0.11803080525731358,-4.773997847144537,0.3137873765608682
2511103,Pedra Lavrada,PB,Nordeste,67,0.686299804835515,0.835820895522388,0.0565918088481294,0.14952109068687303,2.6420977475402845,0.313700195164485
3113206,Carandaí,MG,Sudeste,209,0.6863039451020488,0.8229665071770335,0.032050626197621244,0.13666256207498462,4.263959188576713,0.31369605489795116
4304671,Capivari do Sul,RS,Sul,36,0.6864363483084164,0.4444444444444444,0.07726200331816321,-0.24199190386397196,-3.1320946062899075,0.3135636516915836
2205276,Jatobá do Piauí,PI,Nordeste,41,0.6864479149118198,0.9512195121951219,0.07242443874885132,0.26477159728330213,3.655832228144143,0.3135520850881802
4208906,Jaraguá do Sul,SC,Sul,1670,0.6865233544403453,0.725748502994012,0.01134671381153342,0.039225148553666656,3.4569611259425677,0.3134766455596547
4208005,Itá,SC,Sul,96,0.6866701881220908,0.7083333333333334,0.047109400036984106,0.021663145211242574,0.4598476141541926,0.3133298118779092
3162005,São Gonçalo do Sapucaí,MG,Sudeste,239,0.6866966133952157,0.7615062761506276,0.02999146919747184,0.0748096627554119,2.4943647229432178,0.3133033866047843
2510402,Olho d'Água,PB,Nordeste,64,0.6867384053484702,0.90625,0.05790962159245271,0.2195115946515298,3.7905893462121756,0.3132615946515298
1505908,Porto de Moz,PA,Norte,430,0.6867734269423552,0.8116279069767441,0.022130300036443847,0.12485448003438893,5.641788851880925,0.3132265730576448
4112900,Jundiaí do Sul,PR,Sul,47,0.6868312051650737,0.5531914893617021,0.06746750104664968,-0.13363971580337153,-1.980801329976158,0.3131687948349263
4311809,Marau,RS,Sul,432,0.6869803736127529,0.4652777777777778,0.022274875409427592,-0.2217025958349751,-9.953034158886561,0.3130196263872471
3117108,Conceição da Aparecida,MG,Sudeste,97,0.6870520183408965,0.7835051546391752,0.047032890820128265,0.09645313629827879,2.0507592583911634,0.31294798165910354
4320107,Sarandi,RS,Sul,214,0.6870950673607291,0.5,0.03165579863151599,-0.18709506736072912,-5.910293704435571,0.3129049326392709
3158300,Santana da Vargem,MG,Sudeste,58,0.6871676095849752,0.8793103448275862,0.0607064695423456,0.19214273524261094,3.1651113413634175,0.31283239041502475
3203106,Jerônimo Monteiro,ES,Sudeste,154,0.6872816485320928,0.7727272727272727,0.03733683040986402,0.08544562419517987,2.288507708265616,0.31271835146790716
3135357,Japonvar,MG,Sudeste,71,0.6874283044062668,0.7183098591549296,0.054940084982583695,0.03088155474866283,0.5620951397955145,0.3125716955937332
3143104,Monte Carmelo,MG,Sudeste,422,0.6874545754621337,0.8317535545023697,0.02245116293115256,0.14429897904023592,6.427238512442978,0.31254542453786627
5214606,Niquelândia,GO,Centro-Oeste,327,0.6874608170267495,0.8012232415902141,0.025623588164619123,0.11376242456346453,4.439753864002033,0.31253918297325045
4214102,Presidente Nereu,SC,Sul,36,0.6875588760408271,0.5833333333333334,0.07720975713279765,-0.10422554270749373,-1.34990118578187,0.3124411239591729
3526001,Junqueirópolis,SP,Sudeste,191,0.6876449395439064,0.806282722513089,0.033518824398973635,0.11863778296918259,3.53943746824293,0.3123550604560936
4201703,Ascurra,SC,Sul,87,0.6877904641465503,0.6206896551724138,0.04944776363596337,-0.0671008089741365,-1.3570039176723063,0.3122095358534497
3514502,Duartina,SP,Sudeste,110,0.6878360491439063,0.7727272727272727,0.04417204876569277,0.08489122358336643,1.9218312474856074,0.3121639508560937
2313757,Umirim,CE,Nordeste,208,0.6879257015288758,0.8221153846153846,0.03212199739765719,0.1341896830865088,4.177501212807392,0.3120742984711242
3536406,Paulicéia,SP,Sudeste,112,0.6879744748999864,0.7589285714285714,0.04369163366616534,0.07095409652858498,1.623974444872534,0.3120255251000136
3540101,Pongaí,SP,Sudeste,33,0.6879913467304276,0.9090909090909091,0.08055174207768022,0.22109956236048145,2.7448141611545,0.3120086532695724
3305158,São José do Vale do Rio Preto,RJ,Sudeste,252,0.6881383479255943,0.7658730158730159,0.02916893267010549,0.07773466794742168,2.664981568800767,0.31186165207440575
4309506,Guarani das Missões,RS,Sul,59,0.6882801439774486,0.7457627118644068,0.06016544188534702,0.05748256788695816,0.9554083886975945,0.31171985602255137
4107546,Espigão Alto do Iguaçu,PR,Sul,78,0.6883317527262302,0.8205128205128205,0.05241401529855185,0.13218106778659033,2.521864944589398,0.31166824727376985
3168705,Timóteo,MG,Sudeste,655,0.6884729910679014,0.7923664122137405,0.017766619055593676,0.1038934211458391,5.84767539736994,0.3115270089320986
5208905,Goiás,GO,Centro-Oeste,152,0.6886651514020339,0.875,0.03749558781250851,0.18633484859796612,4.969514000679432,0.3113348485979661
3142809,Monte Alegre de Minas,MG,Sudeste,218,0.6886959725478186,0.5688073394495413,0.03134760713397194,-0.11988863309827724,-3.824490736594433,0.31130402745218144
4128807,Xambrê,PR,Sul,74,0.6888501358979064,0.5540540540540541,0.053784659622977585,-0.1347960818438524,-2.5062179957771,0.31114986410209355
3123304,Dores do Turvo,MG,Sudeste,50,0.6888515012487821,0.96,0.06544901984366631,0.2711484987512178,4.142896248085793,0.31114849875121786
4114500,Manoel Ribas,PR,Sul,122,0.6889893336611627,0.7213114754098361,0.04183582768112392,0.03232214174867343,0.7725947719986663,0.31101066633883734
1300102,Anori,AM,Norte,277,0.6890911776941974,0.7545126353790613,0.027719407953697248,0.06542145768486396,2.3601318539755454,0.31090882230580263
2505006,Cubati,PB,Nordeste,86,0.6893214793352046,0.9767441860465116,0.049886684052113855,0.287422706711307,5.76151155709312,0.3106785206647954
3505302,Barra Bonita,SP,Sudeste,210,0.6893793191122151,0.8095238095238095,0.03191754933351895,0.12014449041159447,3.764214136748336,0.31062068088778494
3158201,Santa Maria do Suaçuí,MG,Sudeste,118,0.689711555642745,0.8389830508474576,0.042351259610502394,0.1492714952047126,3.5246057986831594,0.310288444357255
4211801,Ouro,SC,Sul,59,0.689742290170286,0.8305084745762712,0.060150453961297354,0.1407661844059852,2.340234780215599,0.310257709829714
3304409,Rio Claro,RJ,Sudeste,147,0.6897551743036634,0.6530612244897959,0.038144253255489896,-0.03669394981386753,-0.9619784550005935,0.3102448256963366
4127304,Terra Rica,PR,Sul,174,0.6898598402822486,0.8160919540229885,0.035051815353602196,0.12623211374073995,3.601300316896921,0.31014015971775144
3511300,Cedral,SP,Sudeste,143,0.69034638490496,0.5454545454545454,0.03860403469570774,-0.14489183945041462,-3.7532822823445624,0.30965361509503997
4210001,Luiz Alves,SC,Sul,186,0.6904525037731347,0.6290322580645161,0.033638280144625894,-0.06142024570861859,-1.825903269862362,0.3095474962268653
4314605,Piratini,RS,Sul,136,0.6907916687799845,0.5441176470588235,0.039479470263079144,-0.14667402172116106,-3.7151973099884605,0.30920833122001545
4122602,Rondon,PR,Sul,97,0.6908906283186296,0.422680412371134,0.04680740784323352,-0.26821021594749556,-5.730080521565734,0.3091093716813704
5217302,Pirenópolis,GO,Centro-Oeste,290,0.6909478367294565,0.6448275862068965,0.027132046706923697,-0.04612025052255997,-1.6998441371100383,0.3090521632705435
4204251,Cocal do Sul,SC,Sul,107,0.6909839294509763,0.6355140186915887,0.044598222462348645,-0.055469910759387564,-1.2437695427484172,0.3090160705490237
5214507,Nerópolis,GO,Centro-Oeste,377,0.6910836777478981,0.7108753315649867,0.0237824780300385,0.019791653817088584,0.8321947692789079,0.30891632225210186
3514403,Dracena,SP,Sudeste,327,0.6913202266070038,0.6269113149847095,0.02554001401831653,-0.06440891162229423,-2.521882391141293,0.30867977339299624
2100105,Afonso Cunha,MA,Nordeste,58,0.6913815815603191,0.9310344827586207,0.060350112580142584,0.23965290119830152,3.9710431505832213,0.30861841843968085
3205036,Vargem Alta,ES,Sudeste,224,0.6914040297747291,0.71875,0.03084938595144581,0.027345970225270855,0.8864348310955356,0.30859597022527085
3500808,Alfredo Marcondes,SP,Sudeste,36,0.6914729647672189,0.75,0.07694288241176578,0.05852703523278113,0.7606556109968584,0.30852703523278113
5205208,Caturaí,GO,Centro-Oeste,55,0.6916119161351267,0.8727272727272727,0.062224425267345236,0.18111535659214595,2.9106794609028475,0.30838808386487326
5213707,Montes Claros de Goiás,GO,Centro-Oeste,96,0.6916856882591448,0.75,0.047105991494100836,0.05831431174085522,1.2379383150900882,0.3083143117408552
2602506,Brejinho,PE,Nordeste,105,0.6918185210204333,0.7904761904761904,0.04505328830526884,0.09865766945575716,2.1897995277787405,0.3081814789795667
3203007,Iúna,ES,Sudeste,370,0.691896895106183,0.7,0.02398344620739771,0.008103104893816937,0.33786240825213554,0.308103104893817
5107248,Santa Carmem,MT,Centro-Oeste,95,0.6919315010063595,0.9368421052631579,0.04735150394494411,0.24491060425679845,5.172182166411389,0.3080684989936405
4320859,Tabaí,RS,Sul,59,0.6921332848897821,0.22033898305084745,0.059826233835566796,-0.47179430183893467,-7.886077253929566,0.3078667151102179
3503406,Arealva,SP,Sudeste,86,0.6922082381716924,0.7906976744186046,0.04972054092808956,0.0984894362469122,1.980860111505157,0.3077917618283076
4210100,Mafra,SC,Sul,528,0.6922991940613294,0.7424242424242424,0.019932497178572595,0.05012504836291298,2.5147400204725647,0.30770080593867055
3114303,Carmo do Paranaíba,MG,Sudeste,285,0.6923648934172741,0.8666666666666667,0.02731993331067544,0.17430177324939256,6.380021915400613,0.30763510658272586
3156106,Ritápolis,MG,Sudeste,34,0.692418312783313,0.8235294117647058,0.0791155444662218,0.13111109898139284,1.6572103480545524,0.307581687216687
4127908,Tuneiras do Oeste,PR,Sul,85,0.6925700791604701,0.6823529411764706,0.050041303515552374,-0.01021713798399948,-0.20417409751974364,0.3074299208395299
1101005,Governador Jorge Teixeira,RO,Norte,124,0.6926685764163065,0.7096774193548387,0.041207504916968424,0.01700884293853222,0.41276080589699377,0.3073314235836935
5209101,Goiatuba,GO,Centro-Oeste,397,0.6927554771809227,0.7758186397984886,0.02311237365667615,0.08306316261756597,3.593882820147842,0.3072445228190773
5103106,Cocalinho,MT,Centro-Oeste,86,0.6928103373105483,0.5232558139534884,0.04968544540539879,-0.1695545233570599,-3.4125591905962103,0.3071896626894517
4319125,São Martinho da Serra,RS,Sul,31,0.6932508883732827,0.3548387096774194,0.08264907031349683,-0.3384121786958634,-4.094567275980595,0.30674911162671725
3150406,Piedade dos Gerais,MG,Sudeste,52,0.6933286993142169,0.8461538461538461,0.06388240972225173,0.15282514683962922,2.3922883858652666,0.3066713006857831
3503703,Ariranha,SP,Sudeste,61,0.6933802681437862,0.8688524590163934,0.05896748525092674,0.17547219087260724,2.9757448554218193,0.30661973185621383
4321402,Tenente Portela,RS,Sul,112,0.6934684629549405,0.625,0.04354998499487901,-0.06846846295494047,-1.5721810917498957,0.30653153704505953
4117701,Palmeira,PR,Sul,390,0.6936699207542159,0.6641025641025641,0.023338120909455543,-0.029567356651651777,-1.2669124805019085,0.30633007924578415
3539707,Platina,SP,Sudeste,39,0.6937211618678141,0.8461538461538461,0.07376598788487089,0.15243268428603207,2.0664358826718217,0.3062788381321859
4100806,Alvorada do Sul,PR,Sul,106,0.6937214103007616,0.7264150943396226,0.04472623901321538,0.03269368403886097,0.7309732443454698,0.3062785896992384
2302008,Barro,CE,Nordeste,164,0.6937946311858588,0.6402439024390244,0.035947741777420834,-0.05355072874683442,-1.4896826921258852,0.3062053688141412
4217501,Seara,SC,Sul,239,0.693956275179642,0.6317991631799164,0.029549682154105937,-0.06215711199972562,-2.10347819227182,0.306043724820358
4101002,Ampére,PR,Sul,231,0.693993792622127,0.7056277056277056,0.030297249088601003,0.011633913005578589,0.3839923872809864,0.306006207377873
3202405,Guarapari,ES,Sudeste,1503,0.6939953683271797,0.7651363938789089,0.01188608777208942,0.07114102555172919,5.9852347480371595,0.3060046316728203
2608909,Limoeiro,PE,Nordeste,377,0.6940992927089449,0.6710875331564987,0.023719877997818287,-0.023011759552446165,-0.9701466236277753,0.3059007072910551
3532504,Neves Paulista,SP,Sudeste,78,0.694192560392893,0.7435897435897436,0.05209873987102086,0.0493971831968506,0.9481454507180325,0.305807439607107
3302205,Itaperuna,RJ,Sudeste,679,0.6942345617222907,0.6553755522827688,0.017663762105223725,-0.03885900943952192,-2.1999282603579733,0.3057654382777093
5107305,São José do Rio Claro,MT,Centro-Oeste,228,0.6942799164755191,0.6008771929824561,0.030491721025427437,-0.093402723493063,-3.0632158616161176,0.3057200835244809
3540002,Pompéia,SP,Sudeste,170,0.6944463044841455,0.6058823529411764,0.03532547989717375,-0.08856395154296903,-2.507084172692433,0.30555369551585454
4310207,Ijuí,RS,Sul,767,0.694850013526142,0.5645371577574967,0.016567775566001572,-0.13031285576864526,-7.865440671230354,0.30514998647385805
1301506,Envira,AM,Norte,234,0.6951200283536227,0.45726495726495725,0.029638970311557607,-0.2378550710886655,-8.025078759092882,0.30487997164637726
2509339,Matinhas,PB,Nordeste,36,0.6958218218435277,0.7222222222222222,0.07654992169672781,0.02640040037869451,0.3448782153336026,0.3041781781564723
2609006,Macaparana,PE,Nordeste,214,0.6961461657307891,0.822429906542056,0.03143372590439873,0.12628374081126692,4.017460138048579,0.30385383426921087
4312617,Muitos Capões,RS,Sul,36,0.6962610008768387,0.5555555555555556,0.07644879003614748,-0.14070544532128315,-1.8405189311008459,0.30373899912316127
4212908,Pinhalzinho,SC,Sul,245,0.6967649778920036,0.7510204081632653,0.029261711495920762,0.05425543027126167,1.8541441186317884,0.30323502210799635
5201108,Anápolis,GO,Centro-Oeste,3468,0.696845773796708,0.734717416378316,0.007804292200592651,0.03787164258160802,4.8526684557930935,0.303154226203292
3117603,Conceição do Pará,MG,Sudeste,40,0.6968514399396317,0.925,0.07243518949733677,0.22814856006036832,3.1496923200395117,0.3031485600603683
4207908,Irineópolis,SC,Sul,129,0.6968851095971537,0.7984496124031008,0.04044542846159304,0.10156450280594709,2.5111491377175716,0.30311489040284634
3112307,Capelinha,MG,Sudeste,480,0.697070426703341,0.825,0.020914338847042545,0.127929573296659,6.116835642392266,0.30292957329665904
1101401,Monte Negro,RO,Norte,172,0.697096071959813,0.7093023255813954,0.034835374609031876,0.012206253621582341,0.350398230493482,0.30290392804018695
3505203,Bariri,SP,Sudeste,259,0.6972040900473887,0.7297297297297297,0.02853377545305805,0.03252563968234101,1.1398996160129642,0.3027959099526113
4106001,Congonhinhas,PR,Sul,103,0.6972655120687784,0.4077669902912621,0.04526135467521297,-0.2894985217775163,-6.396152387724663,0.3027344879312216
5218102,Portelândia,GO,Centro-Oeste,67,0.6973578721735613,0.7611940298507462,0.05606518930431857,0.06383615767718498,1.1386059419274597,0.30264212782643873
3107307,Bocaiúva,MG,Sudeste,514,0.6977644379129999,0.7821011673151751,0.02022235136484266,0.08433672940217518,4.170470974448493,0.3022355620870001
4111506,Ivaiporã,PR,Sul,257,0.6980996349951947,0.7237354085603113,0.02862702003128413,0.025635773565116593,0.8955096806129786,0.3019003650048053
3514924,Elisiário,SP,Sudeste,33,0.6981499667310621,0.8484848484848485,0.07984861766313688,0.1503348817537864,1.8827487081619247,0.3018500332689379
3537404,Pereira Barreto,SP,Sudeste,205,0.6981616192451531,0.8390243902439024,0.032055300309885494,0.14086277099874933,4.394367534760198,0.3018383807548469
4120804,Quatro Barras,PR,Sul,324,0.6983515497045634,0.6728395061728395,0.02549396013292642,-0.02551204353172387,-1.0007093209020161,0.30164845029543663
3504206,Auriflama,SP,Sudeste,100,0.6985510010515459,0.78,0.04582702495954176,0.08144899894845414,1.7773136925288326,0.3014489989484541
3119955,Córrego Fundo,MG,Sudeste,52,0.6987180551721548,0.9615384615384616,0.0632925836770119,0.26282040636630677,4.152467652568971,0.3012819448278452
5106273,Novo Horizonte do Norte,MT,Centro-Oeste,49,0.6988143848327909,0.6938775510204082,0.06550485081286485,-0.004936833812382746,-0.07536592712021221,0.3011856151672091
4219408,Witmarsum,SC,Sul,44,0.6990330848239918,0.7727272727272727,0.06909062069367058,0.07369418790328086,1.066630856162391,0.30096691517600815
3529500,Mendonça,SP,Sudeste,65,0.6991249608187963,0.7846153846153846,0.05685319722019116,0.08549042379658833,1.5037047690648926,0.30087503918120373
3514700,Echaporã,SP,Sudeste,83,0.6991587737229309,0.9518072289156626,0.050317819049661455,0.2526484551927317,5.021053375611906,0.3008412262770691
3515400,Fartura,SP,Sudeste,158,0.6992388866876096,0.8291139240506329,0.03646132040879271,0.1298750373630233,3.561994900538591,0.3007611133123904
3166303,Sericita,MG,Sudeste,65,0.6993711116641019,0.8461538461538461,0.05683012986565338,0.14678273448974422,2.582832994341894,0.30062888833589807
3105301,Bandeira do Sul,MG,Sudeste,72,0.699533357486286,0.9444444444444444,0.05401128988865478,0.24491108695815844,4.534442474213205,0.300466642513714
5221601,Uruaçu,GO,Centro-Oeste,355,0.6997094507952755,0.780281690140845,0.02430733739694644,0.08057223934556956,3.3147291301305297,0.30029054920472453
2112605,Urbano Santos,MA,Nordeste,277,0.7001938186640841,0.3898916967509025,0.027417411421740836,-0.3103021219131816,-11.31770308801382,0.29980618133591586
3136207,João Monlevade,MG,Sudeste,652,0.7002255878026518,0.8297546012269938,0.017779970608512788,0.1295290134243421,7.28510841082749,0.29977441219734824
3200607,Aracruz,ES,Sudeste,1243,0.7002565711884885,0.7433628318584071,0.012993865037848147,0.04310626066991863,3.3174317683275905,0.2997434288115115
5106257,Nova Xavantina,MT,Centro-Oeste,245,0.7002742623153408,0.4489795918367347,0.029254029156599175,-0.25129467047860615,-8.590087510113753,0.29972573768465915
3145000,Nova Ponte,MG,Sudeste,171,0.7006838597843815,0.7894736842105263,0.034969931791697696,0.0887898244261448,2.5390333888848087,0.2993161402156185
3202108,Ecoporanga,ES,Sudeste,198,0.7006992577821077,0.9393939393939394,0.032521043932639104,0.23869468161183172,7.339699245394472,0.29930074221789227
2612000,Sairé,PE,Nordeste,79,0.7007490536028107,0.810126582278481,0.05149297163029189,0.1093775286756703,2.124125394451435,0.2992509463971893
3535309,Palmital,SP,Sudeste,170,0.7007562467977573,0.6058823529411764,0.03509958225188114,-0.09487389385658085,-2.7029921090156606,0.2992437532022427
5211503,Itumbiara,GO,Centro-Oeste,1112,0.7008474973720723,0.7446043165467626,0.013727217777157493,0.04375681917469032,3.1875956136940578,0.2991525026279277
4214300,Rancho Queimado,SC,Sul,38,0.7008484446218378,0.8157894736842105,0.07421018519869946,0.11494102906237269,1.5488578657311725,0.2991515553781622
4218400,Treze de Maio,SC,Sul,90,0.700863419934403,0.6222222222222222,0.04818545278083262,-0.07864119771218081,-1.6320526875584946,0.29913658006559696
2203305,Demerval Lobão,PI,Nordeste,101,0.7009064521831756,0.7326732673267327,0.04552334180260417,0.03176681514355706,0.6978137782876879,0.2990935478168244
4202859,Braço do Trombudo,SC,Sul,41,0.7010761604127271,0.6585365853658537,0.07145042404857985,-0.042539575046873446,-0.595371904552314,0.29892383958727287
2605608,Flores,PE,Nordeste,145,0.7010945317507407,0.6827586206896552,0.03799513327197305,-0.018335911061085453,-0.48258578091660126,0.29890546824925934
4119608,Pitanga,PR,Sul,350,0.7011436669209363,0.7342857142857143,0.02445447962442467,0.03314204736477799,1.3552546557431688,0.2988563330790637
4311106,Jaguari,RS,Sul,58,0.70127626351156,0.603448275862069,0.059660447337181705,-0.09782798764949108,-1.6397461302393306,0.29872373648844
3171154,Vermelho Novo,MG,Sudeste,44,0.7013291477648665,0.8181818181818182,0.06898724495454946,0.11685267041695169,1.6938300767618302,0.29867085223513345
3118700,Coqueiral,MG,Sudeste,74,0.7013384988870637,0.8243243243243243,0.053183419189346624,0.12298582543726067,2.312484366591767,0.2986615011129363
4122172,Rio Branco do Ivaí,PR,Sul,44,0.7013636788195607,0.7272727272727273,0.06894530563963747,0.02590904845316655,0.37579133507055096,0.29863632118043926
4108700,Grandes Rios,PR,Sul,87,0.7014236067654621,0.6206896551724138,0.04903745001817657,-0.0807339515930483,-1.646373364910347,0.2985763932345379
4105706,Clevelândia,PR,Sul,199,0.7014277622203555,0.7487437185929648,0.03243480818051611,0.047315956372609325,1.458801794333794,0.2985722377796445
5100300,Alto Araguaia,MT,Centro-Oeste,153,0.7014626763245343,0.7712418300653595,0.03691650370386849,0.06977915374082522,1.8901885807109369,0.2985373236754657
3144003,Mutum,MG,Sudeste,245,0.70152456873182,0.8,0.029156917938323385,0.09847543126818004,3.3774293797612094,0.29847543126818
3155306,Rio Manso,MG,Sudeste,49,0.7016145006469632,0.9795918367346939,0.06531181327192254,0.2779773360877307,4.256157074224622,0.2983854993530368
3157005,Salinas,MG,Sudeste,392,0.7017553986636058,0.7704081632653061,0.023093362648226725,0.06865276460170033,2.9728353400699743,0.2982446013363942
2702009,Coité do Nóia,AL,Nordeste,97,0.7018598897907067,0.7731958762886598,0.046388684542837594,0.07133598649795314,1.53778851892379,0.2981401102092933
4104659,Carambeí,PR,Sul,314,0.701968472879794,0.697452229299363,0.025804688940740374,-0.004516243580431012,-0.17501639298200486,0.298031527120206
3101631,Alfredo Vasconcelos,MG,Sudeste,92,0.7022716724390076,0.782608695652174,0.04765373318680356,0.08033702321316638,1.685849519873788,0.29772832756099243
3122306,Divinópolis,MG,Sudeste,1768,0.7023107536859362,0.7771493212669683,0.010801960967672096,0.07483856758103213,6.928239030395275,0.2976892463140638
3110004,Caeté,MG,Sudeste,345,0.7023587200634148,0.7130434782608696,0.024609587123856504,0.010684758197454736,0.4341705589646786,0.2976412799365852
3521705,Itaberá,SP,Sudeste,152,0.7023598580195247,0.8618421052631579,0.03707591816498354,0.15948224724363314,4.301504996692344,0.2976401419804753
4217253,São Pedro de Alcântara,SC,Sul,62,0.7025727079109422,0.6129032258064516,0.05801324613092208,-0.08966948210449055,-1.545672550405607,0.2974272920890578
4320354,Sentinela do Sul,RS,Sul,30,0.7029428988900784,0.23333333333333334,0.08340172420836607,-0.4696095655567451,-5.630693729826251,0.29705710110992156
2516706,Teixeira,PB,Nordeste,123,0.703081260467843,0.8211382113821138,0.04114328671697906,0.11805695091427082,2.8694098195502438,0.29691873953215697
4119400,Piraí do Sul,PR,Sul,260,0.7031116615474543,0.7461538461538462,0.028330294407773127,0.043042184606391864,1.5192988815034045,0.2968883384525457
4120101,Porto Amazonas,PR,Sul,57,0.703779178921275,0.7719298245614035,0.06042181470717934,0.06815064564012852,1.1279145780444564,0.29622082107872505
3501608,Americana,SP,Sudeste,1516,0.703824051531882,0.649736147757256,0.01172225698116238,-0.05408790377462602,-4.614120289424218,0.296175948468118
4208609,Jaborá,SC,Sul,40,0.7038670308076187,0.775,0.07211365329140643,0.07113296919238132,0.9864008540094034,0.2961329691923813
3119500,Coronel Murta,MG,Sudeste,63,0.7038693230659766,0.6825396825396826,0.057466189626620166,-0.021329640526294047,-0.3711685195221901,0.2961306769340234
2509404,Mogeiro,PB,Nordeste,99,0.7038780261280619,0.6060606060606061,0.04583943982184901,-0.09781742006745586,-2.133913949376667,0.29612197387193806
4201802,Atalanta,SC,Sul,41,0.7040790946365633,0.7317073170731707,0.07124472188232445,0.027628222436607452,0.3877932527021614,0.29592090536343674
4203907,Capinzal,SC,Sul,283,0.7041211938573949,0.6996466431095406,0.027126990885591576,-0.0044745507478543,-0.1649482895735017,0.2958788061426051
4114807,Marialva,PR,Sul,495,0.7042075925055378,0.7313131313131314,0.02049012728616236,0.027105538807593588,1.3228584883364207,0.29579240749446223
3536000,Parapuã,SP,Sudeste,98,0.7044326646483074,0.7346938775510204,0.04607110758942628,0.030261212902712997,0.6568371043386465,0.29556733535169255
1101708,Urupá,RO,Norte,146,0.704481887412063,0.6095890410958904,0.037741784361736565,-0.09489284631617256,-2.5142649697394006,0.29551811258793703
4323101,Vicente Dutra,RS,Sul,37,0.7047771191866328,0.7027027027027027,0.0749283577934262,-0.0020744164839300305,-0.02768533229633959,0.29522288081336723
2701001,Boca da Mata,AL,Nordeste,238,0.7048862337616738,0.8823529411764706,0.029527712833041245,0.17746670741479675,6.010174523785436,0.2951137662383262
3104452,Aricanduva,MG,Sudeste,60,0.7049943038910308,0.8666666666666667,0.05879981840435777,0.1616723627756359,2.7495384707455837,0.2950056961089692
4116901,Nova Esperança,PR,Sul,230,0.7052945406307577,0.7478260869565218,0.0300509043632294,0.04253154632576406,1.4153166843726042,0.2947054593692423
4307500,Espumoso,RS,Sul,137,0.7054643336479318,0.5109489051094891,0.03890305081496519,-0.19451542853844273,-5.000004484574169,0.2945356663520682
4311403,Lajeado,RS,Sul,733,0.7055663445511821,0.4829467939972715,0.016783839673309868,-0.22261955055391058,-13.263922611696918,0.29443365544881794
3118304,Conselheiro Lafaiete,MG,Sudeste,1226,0.7057484044372992,0.835236541598695,0.012954480200423162,0.12948813716139573,9.995625849747794,0.29425159556270075
3526308,Lagoinha,SP,Sudeste,63,0.7058147621583836,0.6507936507936508,0.05737804840858178,-0.055021111364732755,-0.9589226697453079,0.29418523784161643
4110201,Inácio Martins,PR,Sul,147,0.7062279033948965,0.7006802721088435,0.03756036201876694,-0.005547631286052956,-0.14769908988845998,0.2937720966051035
4322707,Vera Cruz,RS,Sul,202,0.7062718226852731,0.45544554455445546,0.031884247953366536,-0.25082627813081765,-7.866777303252462,0.2937281773147269
4310405,Independência,RS,Sul,47,0.706312517796078,0.574468085106383,0.06641749704974004,-0.13184443268969492,-1.9850858365071584,0.29368748220392205
4110078,Imbaú,PR,Sul,183,0.7068676629434689,0.6994535519125683,0.03362810896826325,-0.007414111030900616,-0.22047362335770151,0.2931323370565311
3118809,Coração de Jesus,MG,Sudeste,188,0.7069329534835209,0.7925531914893617,0.03311645483462745,0.08562023800584073,2.5854288580525817,0.2930670465164791
4320909,Tapejara,RS,Sul,329,0.7069498435489896,0.46808510638297873,0.025019137087863904,-0.23886473716601087,-9.547281200272794,0.2930501564510104
2100204,Alcântara,MA,Nordeste,110,0.7071469899274118,0.7090909090909091,0.04319992863736901,0.001943919163497343,0.044998203117766374,0.29285301007258824
3104601,Astolfo Dutra,MG,Sudeste,123,0.7071559961381437,0.8861788617886179,0.04100118253562227,0.1790228656504742,4.366285423473754,0.2928440038618563
3550506,São Pedro do Turvo,SP,Sudeste,84,0.7071632020201825,0.7142857142857143,0.04963348053983057,0.007122512265531844,0.14350217208354088,0.29283679797981754
2104701,Graça Aranha,MA,Nordeste,72,0.7072786724705117,0.75,0.05355507271798873,0.04272132752948832,0.7977083282932143,0.2927213275294883
2614600,Tabira,PE,Nordeste,298,0.7074564208584074,0.6912751677852349,0.02633962679692496,-0.01618125307317253,-0.6143311443980528,0.29254357914159257
2606903,Iguaraci,PE,Nordeste,73,0.7075295337235484,0.8356164383561644,0.05322303152010783,0.12808690463261596,2.4066067071775934,0.29247046627645157
3529609,Meridiano,SP,Sudeste,46,0.7076211634225281,0.6739130434782609,0.067044095669957,-0.033708119944267256,-0.502775369067617,0.2923788365774719
3535200,Palmeira d'Oeste,SP,Sudeste,76,0.7076731339451939,0.8421052631578947,0.05214264683176509,0.13443212921270076,2.5781608219167973,0.29232686605480607
1100288,Rolim de Moura,RO,Norte,673,0.7077571534926298,0.7444279346210996,0.017494301278428607,0.036670781128469776,2.0961558021003546,0.2922428465073702
3105905,Barroso,MG,Sudeste,154,0.7077922218665733,0.8311688311688312,0.036629318121351964,0.12337660930225791,3.368247503093409,0.2922077781334267
3145307,Novo Cruzeiro,MG,Sudeste,289,0.7078024337689826,0.7785467128027682,0.02668152013148728,0.07074427903378566,2.6514336021769327,0.29219756623101745
3117900,Congonhal,MG,Sudeste,117,0.7079039308501569,0.8376068376068376,0.04201652986784646,0.12970290675668072,3.086949521167789,0.2920960691498431
4311700,Machadinho,RS,Sul,54,0.7080208566228305,0.6481481481481481,0.06177252456163528,-0.0598727084746824,-0.9692449661004662,0.29197914337716946
5200159,Adelândia,GO,Centro-Oeste,33,0.7080483506722374,0.8181818181818182,0.07904167662638613,0.11013346750958086,1.3933594555459556,0.29195164932776263
1303205,Novo Airão,AM,Norte,247,0.7081316986262122,0.5870445344129555,0.028859513749252975,-0.12108716421325671,-4.195745128117103,0.29186830137378783
3556008,Urupês,SP,Sudeste,114,0.7081420692478476,0.6578947368421053,0.04242097653797094,-0.050247332405742307,-1.1844925908475024,0.2918579307521524
4104709,Carlópolis,PR,Sul,156,0.7081764515361361,0.6666666666666666,0.03639442541370819,-0.041509784869469435,-1.1405533786455802,0.29182354846386394
4127403,Terra Roxa,PR,Sul,185,0.7082024849118955,0.7621621621621621,0.03338840164960722,0.053959677250266624,1.61612040661735,0.2917975150881045
4219200,Vidal Ramos,SC,Sul,68,0.7082579435951258,0.8382352941176471,0.055097001975267755,0.12997735052252124,2.359063939284141,0.29174205640487416
1501725,Brasil Novo,PA,Norte,207,0.7083168336434972,0.8743961352657005,0.031562731396185435,0.1660793016222033,5.261879890479792,0.2916831663565028
3556107,Valentim Gentil,SP,Sudeste,134,0.7084562330116422,0.8582089552238806,0.03922810066710485,0.14975272221223845,3.817485926302193,0.2915437669883578
4100707,Alto Piquiri,PR,Sul,125,0.7085188353391704,0.648,0.040623218012347966,-0.06051883533917035,-1.4897597556346927,0.29148116466082963
4302105,Bento Gonçalves,RS,Sul,1033,0.7086073723574225,0.49080348499515974,0.01412762276517575,-0.2178038873622628,-15.416881593069157,0.29139262764257745
5221551,Turvelândia,GO,Centro-Oeste,69,0.7086162945095403,0.8695652173913043,0.05461065927918635,0.160948922881764,2.947207102169267,0.29138370549045967
3204351,Rio Bananal,ES,Sudeste,241,0.7086433962074331,0.8298755186721992,0.029263433325648965,0.12123212246476611,4.14278533607702,0.2913566037925669
4216107,São Domingos,SC,Sul,77,0.7087820170071133,0.7922077922077922,0.051390567782774656,0.08342577520067895,1.6233674543802572,0.2912179829928867
4314035,Pareci Novo,RS,Sul,48,0.7089483639827416,0.5416666666666666,0.06554634501033098,-0.167281697316075,-2.5521132763346177,0.29105163601725836
2305266,Ibaretama,CE,Nordeste,132,0.7091031028672586,0.6060606060606061,0.03934806833648277,-0.10304249680665256,-2.6187434647487775,0.29089689713274136
5204706,Campinorte,GO,Centro-Oeste,144,0.7091088927550869,0.8194444444444444,0.03782779743430553,0.11033555168935749,2.916784988102311,0.29089110724491307
4318606,São José do Ouro,RS,Sul,60,0.7091116069552559,0.38333333333333336,0.05826356683045659,-0.3257782736219225,-5.591457772743597,0.2908883930447441
4100905,Amaporã,PR,Sul,77,0.7091914344119111,0.7662337662337663,0.051736940678266105,0.05704233182185514,1.102545513399824,0.2908085655880889
3128600,Guarda-Mor,MG,Sudeste,65,0.7092345358597888,0.5076923076923077,0.0562844669113124,-0.20154222816748113,-3.58077884054675,0.2907654641402112
4216909,São Lourenço do Oeste,SC,Sul,302,0.7092682231535823,0.7152317880794702,0.02612235394606169,0.005963564925887899,0.22829355035161328,0.2907317768464177
5006275,Paraíso das Águas,MS,Centro-Oeste,135,0.7093475825567235,0.7851851851851852,0.03903020770739843,0.07583760262846173,1.9430489121913184,0.2906524174432765
4101606,Arapoti,PR,Sul,342,0.7095405167008457,0.6812865497076024,0.02454255940858888,-0.02825396699324334,-1.1512233309846087,0.2904594832991543
3537305,Penápolis,SP,Sudeste,535,0.7095946997369991,0.6336448598130842,0.019599207566315474,-0.07594983992391491,-3.8751485062308055,0.29040530026300093
4125704,São Miguel do Iguaçu,PR,Sul,334,0.7096961076064192,0.781437125748503,0.024831545464496976,0.07174101814208378,2.889108059933517,0.2903038923935808
2205003,Itainópolis,PI,Nordeste,84,0.709872950497255,0.7380952380952381,0.049346784131599486,0.028222287597983176,0.5719174632073112,0.29012704950274504
4119954,Pontal do Paraná,PR,Sul,388,0.7099349372790267,0.6082474226804123,0.023034282699402577,-0.10168751459861436,-4.414616071428687,0.2900650627209733
4108601,Goioerê,PR,Sul,262,0.7099984993387666,0.6412213740458015,0.028018225267774286,-0.06877712529296509,-2.4547281148485323,0.2900015006612334
4118006,Paraíso do Norte,PR,Sul,151,0.7100398873842803,0.6887417218543046,0.036917435471988724,-0.021298165529975654,-0.5769134626411343,0.28996011261571975
4113502,Loanda,PR,Sul,217,0.7102710043629468,0.7373271889400922,0.030780561837319493,0.027056184577145426,0.8790022976234796,0.28972899563705323
3127602,Gouveia,MG,Sudeste,134,0.7103105232385628,0.9104477611940298,0.039174557593480486,0.200137237955467,5.10885764256274,0.2896894767614372
3111002,Campestre,MG,Sudeste,183,0.7104350035887281,0.819672131147541,0.0335026094980567,0.10923712755881287,3.2605557953671966,0.28956499641127187
3203130,João Neiva,ES,Sudeste,125,0.7104857616886805,0.776,0.04056109135695695,0.06551423831131953,1.6151991013940672,0.2895142383113195
4309605,Horizontina,RS,Sul,187,0.7106174455439193,0.5775401069518716,0.03313950619407017,-0.13307733859204762,-4.015670535726325,0.28938255445608074
3201407,Castelo,ES,Sudeste,303,0.7106758205920939,0.8283828382838284,0.026039486435652504,0.11770701769173453,4.520327925153452,0.2893241794079061
2109403,Primeira Cruz,MA,Nordeste,89,0.7106849357446196,0.6966292134831461,0.04795646051247733,-0.014055722261473447,-0.2930934041267792,0.28931506425538045
4103057,Boa Vista da Aparecida,PR,Sul,90,0.7107606913165152,0.5333333333333333,0.04778122777327952,-0.17742735798318188,-3.713327728309313,0.2892393086834848
4313060,Nova Hartz,RS,Sul,244,0.7110463775055534,0.45491803278688525,0.029005381385740905,-0.2561283447186682,-8.830373278407617,0.28895362249444656
4302303,Bom Jesus,RS,Sul,128,0.71112281818836,0.4140625,0.04001723582664509,-0.29706031818836,-7.4233092829106715,0.28887718181164
5106158,Nova Bandeirantes,MT,Centro-Oeste,191,0.711203357209301,0.7853403141361257,0.0327425356640686,0.07413695692682476,2.2642399381481644,0.28879664279069905
3517109,Glicério,SP,Sudeste,38,0.7114595980082175,0.868421052631579,0.07338464341939849,0.15696145462336153,2.1388869293309174,0.28854040199178255
3105004,Baldim,MG,Sudeste,50,0.7117267787515971,0.9,0.06404420861490774,0.18827322124840296,2.9397384294413484,0.28827322124840293
3119708,Coronel Xavier Chaves,MG,Sudeste,51,0.7119150451147618,0.9215686274509803,0.06337390985242593,0.20965358233621856,3.3082002171622853,0.2880849548852382
3161205,São Francisco de Paula,MG,Sudeste,64,0.7119452133763499,0.90625,0.05655575758070245,0.19430478662365014,3.435632284588995,0.28805478662365014
5200902,Amorinópolis,GO,Centro-Oeste,31,0.7119684588156643,0.8064516129032258,0.08128570397587535,0.09448315408756147,1.1623588093129262,0.2880315411843357
2107308,Nova Iorque,MA,Nordeste,47,0.7121513645603261,0.5106382978723404,0.065955514350102,-0.20151306668798574,-3.055287623386931,0.28784863543967387
3122603,Dom Joaquim,MG,Sudeste,42,0.7122574237900929,0.7619047619047619,0.06982403049712083,0.049647338114668926,0.711035123025677,0.28774257620990706
3113909,Carmo da Cachoeira,MG,Sudeste,132,0.7124533737435799,0.7878787878787878,0.03935031614515788,0.07542541413520798,1.916767678739201,0.28754662625642013
3111150,Campo Azul,MG,Sudeste,37,0.7127573828722367,0.7297297297297297,0.07427518903789099,0.016972346857493048,0.2285062761514443,0.28724261712776333
3520707,Indiaporã,SP,Sudeste,38,0.712831862359707,0.7894736842105263,0.07336678035815684,0.07664182185081936,1.0446392969225942,0.28716813764029303
4301800,Barracão,RS,Sul,43,0.7129484366700889,0.5581395348837209,0.06894518001494258,-0.15480890178636797,-2.2453912188323537,0.2870515633299111
4304408,Canela,RS,Sul,465,0.7129579871388602,0.4752688172043011,0.02095187090392479,-0.23768916993455907,-11.344532000244149,0.28704201286113984
4308409,Formigueiro,RS,Sul,44,0.7130180139924902,0.5681818181818182,0.06816676204765354,-0.14483619581067197,-2.124733395865582,0.2869819860075098
4113304,Laranjeiras do Sul,PR,Sul,408,0.713129257590747,0.6887254901960784,0.022379195426742864,-0.02440376739466854,-1.090466700402747,0.28687074240925303
1100155,Ouro Preto do Oeste,RO,Norte,362,0.7132766706035375,0.6657458563535912,0.023728990783909713,-0.04753081424994632,-2.0030693543939626,0.2867233293964625
2106375,Maranhãozinho,MA,Nordeste,122,0.7132991608671572,0.9754098360655737,0.040881075092480575,0.2621106751984166,6.411540660451654,0.28670083913284283
5208400,Goianápolis,GO,Centro-Oeste,177,0.7133238847670139,0.6836158192090396,0.03397242956885557,-0.02970806555797434,-0.8744757420943889,0.2866761152329861
3527405,Lucélia,SP,Sudeste,152,0.7139353780090198,0.6842105263157895,0.03662171147593863,-0.02972485169323036,-0.8116729255747733,0.28606462199098015
4201208,Antônio Carlos,SC,Sul,170,0.7141181170870878,0.7352941176470589,0.03464015184311657,0.021176000559971042,0.6113137337236868,0.28588188291291217
3103900,Araújos,MG,Sudeste,93,0.7141441571502137,0.9032258064516129,0.0468421481908591,0.18908164930139915,4.036570836396804,0.28585584284978627
4213153,Planalto Alegre,SC,Sul,32,0.7142181272375863,0.90625,0.07983656199770023,0.19203187276241374,2.4053124027052344,0.28578187276241374
4117909,Palotina,PR,Sul,404,0.7143759855499701,0.745049504950495,0.022466087403947507,0.030673519400524984,1.3653253834993695,0.28562401445002994
4124020,Santa Tereza do Oeste,PR,Sul,225,0.714394483851302,0.7777777777777778,0.030104269895513017,0.06338329392647579,2.105458599277405,0.285605516148698
4119202,Pinhalão,PR,Sul,88,0.7143963299284694,0.7727272727272727,0.048127888631736344,0.058330942798803354,1.2119987902469285,0.28560367007153065
4109807,Ibiporã,PR,Sul,641,0.7145115983940905,0.656786271450858,0.01783762535235727,-0.05772532694323251,-3.236155362776695,0.2854884016059095
3200201,Alegre,ES,Sudeste,259,0.714567826848828,0.8648648648648649,0.027995041373028946,0.1502970380160369,5.368702121684894,0.285432173151172
3202702,Itaguaçu,ES,Sudeste,142,0.7145895644309821,0.8732394366197183,0.037869257283620755,0.15864987218873616,4.189410713828695,0.2854104355690179
4200309,Agronômica,SC,Sul,53,0.7147281983105227,0.7169811320754716,0.061962879941327265,0.00225293376494895,0.03635941013526576,0.2852718016894773
4316709,Santa Bárbara do Sul,RS,Sul,84,0.714973460300323,0.42857142857142855,0.04905569319092199,-0.2864020317288945,-5.8383036320419315,0.28502653969967695
2105450,Jatobá,MA,Nordeste,92,0.7150580605260387,0.6847826086956522,0.04690040040909582,-0.03027545183038649,-0.6455265107825156,0.2849419394739613
4302352,Bom Princípio,RS,Sul,171,0.7152890500769754,0.5029239766081871,0.03440606342833513,-0.2123650734687883,-6.172315351075443,0.2847109499230246
4313607,Paim Filho,RS,Sul,30,0.7155998714853863,0.5333333333333333,0.08228199817047839,-0.18226653815205296,-2.2151447729115503,0.2844001285146137
5000203,Água Clara,MS,Centro-Oeste,371,0.7156522259778583,0.7789757412398922,0.02336418242883518,0.06332351526203395,2.710281665318727,0.28434777402214173
3552551,Suzanápolis,SP,Sudeste,32,0.7156858903771295,0.90625,0.07970855140729773,0.19056410962287051,2.39076117001699,0.2843141096228705
4123907,Santa Mariana,PR,Sul,97,0.7159863629836073,0.8350515463917526,0.045767674699672266,0.11906518340814531,2.6015126219422706,0.2840136370163927
4317806,Santo Augusto,RS,Sul,147,0.7160768478230687,0.6462585034013606,0.03712400486966203,-0.06981834442170809,-1.8806792173105245,0.2839231521769313
4317608,Santo Antônio da Patrulha,RS,Sul,297,0.7161818515195194,0.5824915824915825,0.026112313142140384,-0.1336902690279369,-5.1198171644237,0.2838181484804806
5221809,Urutaí,GO,Centro-Oeste,34,0.7162446618802667,0.6764705882352942,0.0772488677309195,-0.03977407364497254,-0.5148822864759303,0.2837553381197333
2612471,Santa Cruz da Baixa Verde,PE,Nordeste,124,0.7162858026913371,0.8709677419354839,0.0404437754806862,0.15468193924414675,3.8246167032060256,0.2837141973086629
5220405,São Simão,GO,Centro-Oeste,216,0.7163618304874612,0.8240740740740741,0.030663871093093674,0.10771224358661291,3.5126759846988986,0.28363816951253884
2516607,Tavares,PB,Nordeste,77,0.716585855645308,0.6753246753246753,0.051328575526563766,-0.04126118032063264,-0.8038637327716018,0.28341414435469203
4209607,Lauro Muller,SC,Sul,162,0.716761395919017,0.6975308641975309,0.03536332813344095,-0.019230531721486144,-0.5437986958953956,0.283238604080983
3111408,Campo Florido,MG,Sudeste,97,0.7167936475810864,0.5257731958762887,0.04572567602308323,-0.19102045170479776,-4.177531494741966,0.28320635241891357
3121704,Diogo de Vasconcelos,MG,Sudeste,35,0.7168586131892963,0.7714285714285715,0.07613945612034097,0.05456995823927513,0.7167106388706728,0.28314138681070367
4103370,Brasilândia do Sul,PR,Sul,36,0.7171217922370166,0.7777777777777778,0.07498728397085286,0.06065598554076124,0.8088836177122761,0.28287820776298345
1100940,Cujubim,RO,Norte,260,0.7172327639413199,0.676923076923077,0.027910051010566633,-0.04030968701824289,-1.4442713488048375,0.28276723605868015
3141504,Mendes Pimentel,MG,Sudeste,55,0.7172732482569383,0.6,0.06069495596515074,-0.1172732482569383,-1.9321745339806022,0.2827267517430617
5204102,Cachoeira Alta,GO,Centro-Oeste,129,0.7174466372971638,0.7829457364341085,0.039629055846502816,0.06549909913694463,1.6528049366264372,0.28255336270283615
5100607,Alto Taquari,MT,Centro-Oeste,162,0.7176958882283362,0.6975308641975309,0.03533760868341876,-0.020165024030805334,-0.5706391796756536,0.2823041117716638
4215802,São Bento do Sul,SC,Sul,793,0.7179268700257099,0.798234552332913,0.01596448423184034,0.08030768230720309,5.0303962934821005,0.2820731299742901
3555802,Urânia,SP,Sudeste,73,0.7179732969629631,0.7671232876712328,0.05264783953850661,0.04914999070826975,0.9335613985132566,0.2820267030370369
3203320,Marataízes,ES,Sudeste,568,0.718041975929056,0.6971830985915493,0.01887611329397007,-0.020858877337506798,-1.1050409060730801,0.28195802407094395
2204006,Francinópolis,PI,Nordeste,38,0.7181141729486444,0.8421052631578947,0.07283434822962627,0.12399109020925025,1.702371109553162,0.28188582705135556
3103702,Araponga,MG,Sudeste,59,0.7182723453144152,0.9322033898305084,0.05805499272146814,0.21393104451609324,3.684972376837173,0.2817276546855848
4211009,Mondaí,SC,Sul,104,0.718298472617411,0.6057692307692307,0.04381770649158364,-0.11252924184818025,-2.5681225892047657,0.281701527382589
4304804,Carlos Barbosa,RS,Sul,259,0.7184289238637596,0.6293436293436293,0.02790799874494214,-0.08908529452013025,-3.192106153304005,0.28157107613624044
3533304,Nova Luzitânia,SP,Sudeste,41,0.7185768762435983,0.7317073170731707,0.07021320022587378,0.013130440829572376,0.1870081521328203,0.28142312375640166
4120903,Quedas do Iguaçu,PR,Sul,454,0.7186025411884358,0.6211453744493393,0.021075154918021703,-0.09745716673909655,-4.624268107076136,0.2813974588115642
2301703,Aurora,CE,Nordeste,211,0.7187403733263402,0.7393364928909952,0.030892094625933064,0.020596119564655013,0.6667116559770323,0.2812596266736598
4104428,Candói,PR,Sul,216,0.7189250986641768,0.6481481481481481,0.030580318585188043,-0.07077695051602861,-2.314460862102016,0.28107490133582325
5007976,Taquarussu,MS,Centro-Oeste,55,0.7189824136250277,0.8545454545454545,0.060556002749139484,0.1355630409204268,2.2386391896111935,0.2810175863749723
4217808,Taió,SC,Sul,176,0.7190605516415685,0.7159090909090909,0.03379672655024061,-0.003151460732477518,-0.09324751400975789,0.28093944835843154
3202306,Guaçuí,ES,Sudeste,344,0.719173659220352,0.7674418604651163,0.02422481744952898,0.048268201244764275,1.9925104222282917,0.28082634077964796
3203056,Jaguaré,ES,Sudeste,432,0.7191860810686168,0.8078703703703703,0.021620235614849933,0.08868428930175354,4.101911324261445,0.2808139189313832
4114401,Mangueirinha,PR,Sul,166,0.7192544708970692,0.6686746987951807,0.03486328800042543,-0.050579772101888465,-1.450803266211473,0.2807455291029308
5217708,Pontalina,GO,Centro-Oeste,163,0.7192973611629127,0.8650306748466258,0.03516584051067342,0.14573331368371312,4.144172627964932,0.28070263883708735
3146404,Paineiras,MG,Sudeste,47,0.7194864930285719,0.8297872340425532,0.06544381806475734,0.11030074101398124,1.685426435615928,0.2805135069714281
2308302,Milagres,CE,Nordeste,256,0.7200608575592155,0.79296875,0.02802874509706761,0.07290789244078455,2.60118289949457,0.27993914244078455
4202156,Belmonte,SC,Sul,35,0.72013951705283,0.8,0.07566757351571456,0.07986048294717008,1.0554122358712181,0.27986048294717003
4107157,Diamante D'Oeste,PR,Sul,74,0.7201670245879275,0.7432432432432432,0.05214800977111294,0.023076218655315728,0.442513889918358,0.2798329754120725
2203404,Dom Expedito Lopes,PI,Nordeste,73,0.7202304202688917,0.7671232876712328,0.05248423681725982,0.04689286740234111,0.8934657384009069,0.2797695797311083
4201901,Aurora,SC,Sul,64,0.7202329464205451,0.765625,0.05601306233418163,0.04539205357945486,0.8103833585930301,0.27976705357945486
4108304,Foz do Iguaçu,PR,Sul,3084,0.7202692098888914,0.7230869001297017,0.00807928287387791,0.0028176902408102444,0.3487549928373537,0.2797307901111086
3202553,Ibitirama,ES,Sudeste,172,0.7203716761430664,0.8197674418604651,0.03419736330736232,0.09939576571739872,2.9065330219771623,0.2796283238569336
5207535,Faina,GO,Centro-Oeste,51,0.7204279008701141,0.7058823529411765,0.06279751461026857,-0.014545547928937586,-0.2316261721376966,0.2795720991298859
2504405,Conceição,PB,Nordeste,152,0.720546107798433,0.9342105263157895,0.03631586833803664,0.2136644185173565,5.883500196897892,0.279453892201567
3137205,Lagoa da Prata,MG,Sudeste,506,0.7207402717492555,0.8241106719367589,0.019920996959649332,0.10337040018750343,5.189017416993926,0.2792597282507445
4305124,Cerrito,RS,Sul,41,0.7207694243222157,0.3902439024390244,0.07003088820614953,-0.3305255218831913,-4.7197105498680125,0.2792305756777843
4100509,Altônia,PR,Sul,229,0.7208240972972989,0.7860262008733624,0.029628842234331966,0.06520210357606349,2.2006294765210757,0.2791759027027011
3139102,Madre de Deus de Minas,MG,Sudeste,59,0.7210499772103096,0.711864406779661,0.05835596871432276,-0.009185570430648604,-0.15740584267593724,0.2789500227896904
3551306,Sebastianópolis do Sul,SP,Sudeste,34,0.721055965699952,0.7647058823529411,0.0768018214062447,0.04364991665298912,0.5683448107578342,0.278944034300048
4202537,Bom Jesus,SC,Sul,40,0.7213158596562065,0.55,0.07087243169202997,-0.17131585965620644,-2.417242580311689,0.2786841403437935
5209804,Hidrolina,GO,Centro-Oeste,40,0.721463431637223,0.725,0.07086663186946138,0.0035365683627769373,0.04990456396024874,0.27853656836277696
3515608,Fernando Prestes,SP,Sudeste,64,0.7215455671450484,0.859375,0.0559413929609828,0.13782943285495164,2.463818392064047,0.27845443285495164
2608057,Jatobá,PE,Nordeste,110,0.7216127722252346,0.6818181818181818,0.042724647925449985,-0.0397945904070528,-0.9314199727635011,0.27838722777476543
3111101,Campina Verde,MG,Sudeste,120,0.7216259850366151,0.7416666666666667,0.04084760118082628,0.02004068163005157,0.4906207721068966,0.2783740149633849
2511905,Pitimbu,PB,Nordeste,182,0.721721942258653,0.5054945054945055,0.033214252649174374,-0.21622743676414757,-6.5100798457833875,0.27827805774134695
4121703,Reserva,PR,Sul,301,0.7218683629541521,0.8106312292358804,0.025817541317025038,0.08876286628172825,3.4380836343697356,0.27813163704584787
4319158,São Miguel das Missões,RS,Sul,75,0.7220005921260951,0.5066666666666667,0.05172023916375373,-0.21533392545942842,-4.163436382760145,0.27799940787390487
3119302,Coromandel,MG,Sudeste,289,0.7229455715346664,0.7958477508650519,0.02619300499674977,0.07290217933038545,2.7832690193214455,0.27705442846533357
4321808,Três de Maio,RS,Sul,211,0.723001338072242,0.5213270142180095,0.030777767671754257,-0.20167432385423245,-6.552597511460047,0.276998661927758
4128203,União da Vitória,PR,Sul,542,0.7230490163436263,0.7361623616236163,0.019216725049536303,0.013113345279989974,0.6823923039012517,0.2769509836563737
4313359,Nova Roma do Sul,RS,Sul,30,0.7231196100282615,0.8333333333333334,0.08168225087652657,0.11021372330507184,1.3492983129428489,0.27688038997173847
4114906,Marilândia do Sul,PR,Sul,108,0.7231599629557457,0.8518518518518519,0.04301935859099742,0.12869188889610617,2.991487858283347,0.2768400370442543
4217907,Tangará,SC,Sul,86,0.7233619523792555,0.7674418604651163,0.04816757446345137,0.04407990808586082,0.9151365535191689,0.2766380476207445
3116407,Claraval,MG,Sudeste,68,0.7234865275084835,0.8529411764705882,0.054210145588522565,0.12945464896210468,2.388015150239939,0.2765134724915165
4205704,Garopaba,SC,Sul,342,0.7235215539963975,0.7543859649122807,0.024167619850042635,0.03086441091588321,1.2770976665221239,0.2764784460036025
3204807,São José do Calçado,ES,Sudeste,101,0.7236074663685463,0.6237623762376238,0.044487220671046476,-0.09984509013092258,-2.2443544151524066,0.27639253363145366
3127388,Goianá,MG,Sudeste,31,0.7236596140494852,0.8064516129032258,0.08030053677862756,0.08279199885374056,1.0310267175670502,0.2763403859505148
4102406,Bandeirantes,PR,Sul,302,0.7237124849236558,0.7284768211920529,0.02570305713967024,0.004764336268397118,0.18536068462625854,0.2762875150763442
4118808,Peabiru,PR,Sul,156,0.7240008476165356,0.7435897435897436,0.035768843481373526,0.01958889597320801,0.5476524837435363,0.2759991523834644
3142304,Moeda,MG,Sudeste,53,0.7240508698595804,0.9056603773584906,0.06135594541513466,0.18160950749891014,2.9599333246377224,0.27594913014041955
5206602,Cumari,GO,Centro-Oeste,33,0.7240658875093957,0.7272727272727273,0.0777490212156759,0.0032068397633315815,0.04124604674360856,0.2759341124906043
5213087,Minaçu,GO,Centro-Oeste,274,0.7240762232298713,0.8175182481751825,0.026996345049091416,0.09344202494531118,3.4612842877579104,0.2759237767701287
3517802,Guaraçaí,SP,Sudeste,36,0.7242563091815816,0.6111111111111112,0.07445749025969836,-0.11314519807047041,-1.5195945723638304,0.27574369081841843
4102307,Balsa Nova,PR,Sul,226,0.7242604370922738,0.7566371681415929,0.029715391743928544,0.03237673104931904,1.089560969894811,0.27573956290772617
4307559,Estação,RS,Sul,68,0.724261799997401,0.45588235294117646,0.05412756486371423,-0.2683794470562246,-4.958276762162996,0.27573820000259897
5000252,Alcinópolis,MS,Centro-Oeste,69,0.724365704751222,0.6376811594202898,0.05368532037984192,-0.08668454533093217,-1.614678737457642,0.275634295248778
4109401,Guarapuava,PR,Sul,2301,0.7243803102051749,0.6705780095610604,0.009313752268138221,-0.05380230064411451,-5.77665146067594,0.2756196897948251
5208103,Formoso,GO,Centro-Oeste,45,0.7244255027602976,0.8666666666666667,0.06650370313569555,0.1422411639063691,2.1388457664701352,0.2755744972397024
4109708,Ibaiti,PR,Sul,336,0.7245547633157773,0.7142857142857143,0.02436386038888627,-0.010269049030062982,-0.4214869427977544,0.2754452366842227
5200829,Amaralina,GO,Centro-Oeste,39,0.7246745496210608,0.8974358974358975,0.0714798350084119,0.17276134781483665,2.4169242667460793,0.2753254503789392
4113700,Londrina,PR,Sul,4774,0.7246958913207614,0.7356514453288647,0.006463986652592738,0.01095555400810333,1.6948602459921542,0.2753041086792386
3504800,Bálsamo,SP,Sudeste,72,0.7247208871115872,0.8333333333333334,0.05255138307037696,0.10861244622174615,2.066785684332838,0.2752791128884128
2910206,Dom Macedo Costa,BA,Nordeste,42,0.7248433820406667,0.5238095238095238,0.0688274070447993,-0.20103385823114284,-2.9208402126828816,0.2751566179593333
4100301,Agudos do Sul,PR,Sul,140,0.7250077561377908,0.8714285714285714,0.03770674988644169,0.14642081529078066,3.8831460078565287,0.2749922438622092
5001243,Aral Moreira,MS,Centro-Oeste,139,0.7250835931348003,0.7338129496402878,0.03783614361477804,0.008729356505487451,0.2307147523903028,0.2749164068651997
3109204,Buenópolis,MG,Sudeste,76,0.7253456782707506,0.7631578947368421,0.05116991684642773,0.037812216466091564,0.738954033862795,0.2746543217292494
2109239,Presidente Médici,MA,Nordeste,68,0.7256708063957633,0.75,0.05409240009783686,0.024329193604236687,0.449771013307461,0.2743291936042367
4122404,Rolândia,PR,Sul,864,0.7258054706537819,0.7199074074074074,0.01517538295713118,-0.00589806324637443,-0.38865992792642023,0.27419452934621813
4121604,Renascença,PR,Sul,82,0.7258577299486159,0.8292682926829268,0.049255237701455186,0.10341056273431093,2.099483579007391,0.27414227005138414
2603405,Calumbi,PE,Nordeste,83,0.7259879047994343,0.8674698795180723,0.04886974480440088,0.141481974718638,2.895083149807999,0.2740120952005657
3546504,Santa Ernestina,SP,Sudeste,47,0.7261303410788453,0.9148936170212766,0.06492016809833565,0.18876327594243125,2.9076214906977507,0.27386965892115467
1301951,Itamarati,AM,Norte,120,0.7261585686444251,0.825,0.039920815947082335,0.09884143135557488,2.4759371523516878,0.2738414313555749
4126652,Sulina,PR,Sul,37,0.7262373100352991,0.7567567567567568,0.0732379140382686,0.030519446721457677,0.4167164933931696,0.2737626899647009
2601805,Betânia,PE,Nordeste,92,0.7262625694952539,0.7717391304347826,0.04638497339664347,0.045476560939528676,0.9804158029940677,0.2737374305047461
4128633,Doutor Ulysses,PR,Sul,64,0.7264852512311839,0.703125,0.05567000849097813,-0.023360251231183904,-0.4196200407436557,0.2735147487688161
2613909,Serra Talhada,PE,Nordeste,815,0.7266552985573341,0.7803680981595092,0.015607681939202258,0.05371279960217512,3.4414335076410776,0.27334470144266587
5222302,Vila Propício,GO,Centro-Oeste,65,0.7267250502790457,0.8,0.055236086362408475,0.07327494972095439,1.3265775065994259,0.27327494972095434
4104055,Campo Bonito,PR,Sul,47,0.7270087218632793,0.7872340425531915,0.06494120231077032,0.060225320689912265,0.9273822865445173,0.27299127813672075
3204708,São Gabriel da Palha,ES,Sudeste,338,0.7271297975953175,0.8106508875739645,0.024224584086971333,0.08352108997864705,3.447782206653738,0.2728702024046825
3136553,José Raydan,MG,Sudeste,33,0.7274664304914374,0.7878787878787878,0.07745236597667782,0.0604123573873504,0.7799936983918807,0.27253356950856256
4109757,Ibema,PR,Sul,88,0.7275573795411248,0.7045454545454546,0.047406564802601234,-0.023011924995670174,-0.4854164205208873,0.27244262045887524
2301505,Arneiroz,CE,Nordeste,50,0.7276042360825348,0.76,0.06288484835181608,0.03239576391746524,0.5151600865159701,0.27239576391746523
2110609,São Bernardo,MA,Nordeste,321,0.727636429594869,0.6822429906542056,0.024790108627631504,-0.04539343894066339,-1.8311109330947843,0.27236357040513104
3200706,Atilio Vivacqua,ES,Sudeste,113,0.7278640263460199,0.7787610619469026,0.041863362775833524,0.05089703560088277,1.2157894690262225,0.2721359736539801
3205150,Vila Pavão,ES,Sudeste,62,0.7279134801412619,0.6129032258064516,0.056495214277992825,-0.11501025433481027,-2.0357521571453074,0.2720865198587381
4310009,Ibirubá,RS,Sul,193,0.7280227438853065,0.6321243523316062,0.03192923232418985,-0.09589839155370028,-3.0034668726139984,0.2719772561146935
4106605,Cruzeiro do Oeste,PR,Sul,241,0.7280386692424857,0.7344398340248963,0.028639922351525824,0.0064011647824105955,0.22350496289210667,0.2719613307575143
5204300,Caçu,GO,Centro-Oeste,118,0.7286576143859642,0.9152542372881356,0.04092290524571378,0.18659662290217138,4.559711041574091,0.2713423856140358
5205901,Corumbaíba,GO,Centro-Oeste,101,0.7286724386915752,0.8217821782178217,0.04423498619249037,0.09310973952624657,2.1048890830682234,0.27132756130842484
1100148,Nova Brasilândia D'Oeste,RO,Norte,240,0.7288621970338434,0.7541666666666667,0.028660049390192066,0.02530446963282329,0.8829178655038498,0.27113780296615664
3144359,Naque,MG,Sudeste,71,0.7290191787283525,0.647887323943662,0.05263399199191104,-0.08113185478469054,-1.5414345694538834,0.27098082127164747
3555109,Tupi Paulista,SP,Sudeste,122,0.7290690027844124,0.9344262295081968,0.04014940593533288,0.20535722672378431,5.1148260339031015,0.27093099721558755
5204557,Caldazinha,GO,Centro-Oeste,46,0.7294234157825883,0.6086956521739131,0.06546715309119623,-0.12072776360867521,-1.8440967402462198,0.2705765842174117
2108108,Paulo Ramos,MA,Nordeste,211,0.7294291386374543,0.9052132701421801,0.03053837991725956,0.17578413150472583,5.756170824418123,0.2705708613625457
3108602,Brasília de Minas,MG,Sudeste,283,0.7294795835578884,0.7667844522968198,0.026356262368991152,0.03730486873893135,1.4154081567658672,0.27052041644211156
2106201,Luís Domingues,MA,Nordeste,113,0.7295071679295696,0.8495575221238938,0.04176713537232126,0.1200503541943242,2.8742779011337363,0.2704928320704304
3152709,Prados,MG,Sudeste,58,0.7295155484221886,0.9310344827586207,0.05831598520979541,0.2015189343364321,3.4556379972224613,0.2704844515778114
4111902,Jaguapitã,PR,Sul,196,0.7296147855695354,0.6173469387755102,0.0316759413461827,-0.11226784679402524,-3.5442623651516123,0.2703852144304646
4126801,Tapejara,PR,Sul,149,0.7298129743505968,0.610738255033557,0.03635678918672415,-0.11907471931703972,-3.2751714873798705,0.2701870256494032
4308102,Feliz,RS,Sul,131,0.7298155400112383,0.4580152671755725,0.03874650121408991,-0.27180027283566577,-7.014833967430004,0.2701844599887617
3166006,Senhora de Oliveira,MG,Sudeste,51,0.729859066115444,0.8627450980392157,0.06215077838227853,0.13288603192377169,2.138123373232963,0.27014093388455596
3112208,Capela Nova,MG,Sudeste,31,0.7302594135936115,0.7741935483870968,0.07964090399114594,0.04393413479348529,0.5516528893038388,0.26974058640638854
2604908,Cumaru,PE,Nordeste,81,0.7303200456002776,0.9506172839506173,0.04928360253016836,0.22029723835033965,4.469990565634632,0.26967995439972237
2202703,Cocal,PI,Nordeste,318,0.7308466281021871,0.839622641509434,0.024855597052982157,0.10877601340724685,4.376318668804457,0.26915337189781285
3133758,Itaú de Minas,MG,Sudeste,124,0.730903609460077,0.8951612903225806,0.03981003711330436,0.16425768086250359,4.126036868416014,0.26909639053992296
4218350,Treviso,SC,Sul,34,0.730948179996264,0.5294117647058824,0.07598795551964602,-0.2015364152903817,-2.652215261118273,0.26905182000373595
3305133,São José de Ubá,RJ,Sudeste,36,0.7309984174864874,0.8055555555555556,0.07389965165075368,0.07455713806906816,1.0088970164760955,0.2690015825135126
4125753,São Pedro do Iguaçu,PR,Sul,68,0.7310141455071224,0.8088235294117647,0.05371438734710405,0.07780938390464232,1.4485762148199819,0.2689858544928776
4309753,Ibarama,RS,Sul,41,0.7311433557725657,0.4878048780487805,0.06916120686622056,-0.24333847772378525,-3.518424399309256,0.26885664422743427
5200308,Alexânia,GO,Centro-Oeste,397,0.7311927134317497,0.7581863979848866,0.022241698532407213,0.026993684553136887,1.2136521189605103,0.26880728656825026
3506409,Bilac,SP,Sudeste,68,0.7312631185856048,0.75,0.053725730563688255,0.018736881414395223,0.34875061200301233,0.2687368814143952
3160009,Santo Antônio do Aventureiro,MG,Sudeste,31,0.7313411765293908,0.45161290322580644,0.07957089602837357,-0.27972827330358435,-3.515459637451339,0.2686588234706092
4312450,Morro Redondo,RS,Sul,61,0.7317832937583618,0.4918032786885246,0.05662537242346885,-0.23998001506983724,-4.238029787692408,0.2682167062416382
2202737,Coivaras,PI,Nordeste,73,0.731805494495183,0.9452054794520548,0.05179654686785761,0.21339998495687185,4.119965477646491,0.26819450550481705
2308401,Missão Velha,CE,Nordeste,396,0.7319401595981523,0.8232323232323232,0.02221515051570499,0.09129216363417092,4.109455102256993,0.2680598404018477
2107456,Olinda Nova do Maranhão,MA,Nordeste,86,0.7320400802398528,0.37209302325581395,0.04762599191034456,-0.35994705698403884,-7.557786043839999,0.2679599197601472
5003157,Coronel Sapucaia,MS,Centro-Oeste,341,0.732053445151269,0.6187683284457478,0.02393365022697173,-0.11328511670552122,-4.733298750136156,0.267946554848731
4106308,Corbélia,PR,Sul,229,0.732087391631977,0.851528384279476,0.02925255774250642,0.11944099264749897,4.08309569709664,0.267912608368023
4207759,Iraceminha,SC,Sul,33,0.7325324108624838,0.696969696969697,0.07697650253270832,-0.03556271389278676,-0.4619944102770283,0.2674675891375162
4127957,Tupãssi,PR,Sul,97,0.7326667578065059,0.7938144329896907,0.04490744469028364,0.06114767518318476,1.3616378220784162,0.2673332421934941
3133105,Itanhandu,MG,Sudeste,107,0.7326992189180561,0.8037383177570093,0.042255191683348854,0.07103909883895321,1.6811922040563594,0.2673007810819439
5107297,São José do Povo,MT,Centro-Oeste,31,0.7328266390974566,0.7419354838709677,0.07927000358760461,0.009108844773511149,0.11490910005377485,0.2671733609025434
4121208,Quitandinha,PR,Sul,244,0.7329363999052082,0.7581967213114754,0.028316538725832792,0.025260321406267217,0.8920695304904116,0.2670636000947918
5200100,Abadiânia,GO,Centro-Oeste,182,0.7329888207336159,0.7967032967032966,0.03276263345946838,0.06371447596968072,1.9447299939580185,0.26701117926638407
3501806,Américo de Campos,SP,Sudeste,37,0.7334746139918282,0.7837837837837838,0.07264144829454677,0.050309169791955544,0.6925683748479485,0.26652538600817177
2308708,Morada Nova,CE,Nordeste,561,0.7335133463575375,0.7611408199643493,0.018655969900576524,0.027627473606811837,1.4808918407376968,0.2664866536424625
3201506,Colatina,ES,Sudeste,1112,0.7336619709686303,0.783273381294964,0.0132503961028314,0.04961141032633376,3.7441454535636547,0.2663380290313697
2614402,Solidão,PE,Nordeste,70,0.7338566112568911,0.9428571428571428,0.05280317051876479,0.20900053160025178,3.9581057263593435,0.26614338874310894
4311908,Marcelino Ramos,RS,Sul,31,0.7338945927125353,0.7741935483870968,0.07925232056827922,0.04029895567456143,0.5084892831603862,0.2661054072874647
5204409,Caiapônia,GO,Centro-Oeste,149,0.7340750233243724,0.8456375838926175,0.036169921775777984,0.1115625605682451,3.084401488613545,0.26592497667562764
5204250,Cachoeira Dourada,GO,Centro-Oeste,97,0.7340932526331438,0.7938144329896907,0.044850672739167326,0.05972118035654683,1.331555954664496,0.26590674736685616
5106190,Nova Santa Helena,MT,Centro-Oeste,84,0.734131650846064,0.75,0.04789948416364463,0.01586834915393598,0.33128434326605843,0.265868349153936
4103040,Boa Ventura de São Roque,PR,Sul,64,0.7341857898617341,0.59375,0.05519118367752225,-0.1404357898617341,-2.5445330305341773,0.2658142101382659
5218789,Rio Quente,GO,Centro-Oeste,51,0.7343740906407783,0.9607843137254902,0.061782959355489726,0.22641022308471193,3.664606316152356,0.2656259093592217
1303304,Novo Aripuanã,AM,Norte,252,0.7349025583850302,0.5238095238095238,0.027752206676860323,-0.21109303457550632,-7.606351344720808,0.26509744161496984
3202603,Iconha,ES,Sudeste,134,0.7349834492472067,0.7611940298507462,0.0381072810562048,0.026210580603539535,0.6878103049357234,0.2650165507527933
4218509,Treze Tílias,SC,Sul,138,0.7351036005484894,0.7246376811594203,0.037544133274890285,-0.010465919389069156,-0.27876311093506634,0.26489639945151056
4112108,Jandaia do Sul,PR,Sul,184,0.7351277382631973,0.6902173913043478,0.03249022078520421,-0.044910346958849545,-1.382272753877418,0.26487226173680267
5221700,Uruana,GO,Centro-Oeste,132,0.7352148581100483,0.9772727272727273,0.038385727703869665,0.24205786916267902,6.305934096913764,0.2647851418899517
3121209,Delfinópolis,MG,Sudeste,88,0.7355828552415438,0.6818181818181818,0.0469640107194867,-0.053764673423362,-1.1448058332261113,0.26441714475845624
4128534,Ventania,PR,Sul,130,0.7356056948238202,0.7692307692307693,0.03865437417084397,0.03362507440694906,0.8698905396407017,0.2643943051761798
4305306,Chapada,RS,Sul,59,0.7357391224897518,0.4745762711864407,0.057388595040629944,-0.2611628513033111,-4.550779664816907,0.2642608775102482
4309803,Ibiaçá,RS,Sul,35,0.7358042092148193,0.6,0.07437356225739987,-0.13580420921481928,-1.8259742453213919,0.26419579078518074
3164605,São Sebastião do Oeste,MG,Sudeste,130,0.7359719779375881,0.7692307692307693,0.03858483238815959,0.03325879129318121,0.8619654209872177,0.26402802206241194
2615904,Tuparetama,PE,Nordeste,98,0.7360003057185859,0.826530612244898,0.04449235729212821,0.09053030652631211,2.0347383693767367,0.2639996942814141
3128402,Guarani,MG,Sudeste,72,0.7360339403642118,0.7777777777777778,0.05179772039462431,0.04174383741356602,0.8059010530876238,0.26396605963578823
4206801,Ibicaré,SC,Sul,35,0.7360532348357488,0.5428571428571428,0.07446172208318759,-0.193196091978606,-2.59456921722506,0.2639467651642512
4107108,Diamante do Norte,PR,Sul,56,0.7365126186026608,0.7857142857142857,0.05886041353502146,0.04920166711162488,0.8359042038049953,0.2634873813973392
2107704,Paraibano,MA,Nordeste,261,0.7365856088473298,0.7471264367816092,0.027148894832284005,0.010540827934279351,0.38825992731552245,0.2634143911526702
1100262,Rio Crespo,RO,Norte,62,0.7369881449374066,0.6290322580645161,0.05583957390124511,-0.10795588687289048,-1.9333221822898488,0.2630118550625934
4312658,Não-Me-Toque,RS,Sul,157,0.7370705274811747,0.6050955414012739,0.03490775351851951,-0.13197498607990088,-3.7806782957225984,0.26292947251882526
4115309,Mariópolis,PR,Sul,80,0.73713497490135,0.675,0.04920332036456745,-0.062134974901350004,-1.262820769837618,0.26286502509864995
3164001,São Pedro dos Ferros,MG,Sudeste,77,0.7371830945637833,0.6753246753246753,0.05011907295630947,-0.061858419239107953,-1.2342291185838987,0.2628169054362167
3201605,Conceição da Barra,ES,Sudeste,396,0.7373750606585288,0.6792929292929293,0.022106814023970123,-0.058082131365599476,-2.6273406607854843,0.26262493934147124
4115457,Marquinho,PR,Sul,73,0.7374257240627904,0.821917808219178,0.05146186265283967,0.08449208415638765,1.641838825896547,0.2625742759372096
2607752,Itapissuma,PE,Nordeste,274,0.7374738408912462,0.8284671532846716,0.02654123783354718,0.09099331239342534,3.4283748544091273,0.26252615910875376
1100031,Cabixi,RO,Norte,75,0.7376222429932794,0.76,0.050762307885460344,0.022377757006720622,0.4408341137131434,0.2623777570067206
2612208,Salgueiro,PE,Nordeste,723,0.7377067552025173,0.7524204702627939,0.01635565384602062,0.014713715060276633,0.8996103242828488,0.2622932447974827
4315800,Roca Sales,RS,Sul,83,0.7379981249324913,0.4578313253012048,0.04824468021546545,-0.2801667996312865,-5.80720606665925,0.2620018750675087
2304400,Fortaleza,CE,Nordeste,17722,0.7380562432176252,0.7499153594402438,0.0033006464788231946,0.011859116222618593,3.592967710630681,0.2619437567823748
3114501,Carmópolis de Minas,MG,Sudeste,169,0.738080570022544,0.8165680473372781,0.033815594114018896,0.07848747731473404,2.321043866628254,0.261919429977456
4216701,São José do Cedro,SC,Sul,159,0.738094265725462,0.8238993710691824,0.034858988538188126,0.08580510534372043,2.461491538967652,0.261905734274538
3163201,São José do Alegre,MG,Sudeste,50,0.7382334128274944,0.86,0.06213359114841221,0.12176658717250555,1.9597545373106482,0.26176658717250556
5204656,Campinaçu,GO,Centro-Oeste,44,0.7383068227525992,0.8181818181818182,0.06625212167253182,0.07987499542921905,1.2056216980343935,0.2616931772474008
3149705,Perdigão,MG,Sudeste,150,0.7385740564518215,0.8133333333333334,0.03583854889085435,0.07475927688151185,2.0860017828620756,0.2614259435481785
4300877,Araricá,RS,Sul,99,0.7386159981531433,0.43434343434343436,0.04414410904152885,-0.3042725638097089,-6.89271049787102,0.26138400184685673
4111001,Itambaracá,PR,Sul,55,0.7386818854785062,0.8,0.05921551276952889,0.06131811452149383,1.0355076170690005,0.2613181145214938
3160454,Santo Antônio do Retiro,MG,Sudeste,59,0.7388829702223396,0.6610169491525424,0.057088647745115295,-0.07786602106979723,-1.3639492989472626,0.2611170297776604
4114609,Marechal Cândido Rondon,PR,Sul,659,0.7389504857230402,0.7647951441578149,0.01710666190476651,0.02584465843477468,1.510794951034454,0.26104951427695977
4106704,Cruzeiro do Sul,PR,Sul,49,0.7390226479317622,0.7142857142857143,0.06272097821111541,-0.0247369336460479,-0.3943964898440315,0.2609773520682378
4109906,Icaraíma,PR,Sul,105,0.7392022213330234,0.5238095238095238,0.042758263867778014,-0.21539269752349954,-5.037451899112682,0.2607977786669766
3167806,Soledade de Minas,MG,Sudeste,63,0.7393704931113338,0.8888888888888888,0.05528639638194649,0.149518395777555,2.704433740709125,0.26062950688866615
4104600,Capitão Leônidas Marques,PR,Sul,203,0.7394338801261857,0.7832512315270936,0.03080212160172239,0.04381735140090792,1.4225432899549928,0.2605661198738143
2106359,Marajá do Sena,MA,Nordeste,41,0.7395435455314053,0.3902439024390244,0.0684444260446505,-0.34929964309238093,-5.103405248288755,0.26045645446859467
3163805,São Miguel do Anta,MG,Sudeste,68,0.7397634387552925,0.7794117647058824,0.05319903958777317,0.03964832595058987,0.7452827392715247,0.2602365612447075
5207501,Estrela do Norte,GO,Centro-Oeste,50,0.739849032956709,0.98,0.062012134204953245,0.24015096704329097,3.8726447673866513,0.260150967043291
3116704,Coimbra,MG,Sudeste,77,0.7400877436522417,0.8311688311688312,0.04997395565129344,0.0910810875165895,1.8225711038792285,0.2599122563477583
2108009,Pastos Bons,MA,Nordeste,229,0.740113041320856,0.6419213973799127,0.028956579836639622,-0.09819164394094326,-3.3909959150872666,0.259886958679144
2300408,Aiuaba,CE,Nordeste,154,0.7401490367786703,0.7597402597402597,0.035292804885110995,0.01959122296158944,0.5551052976765358,0.2598509632213297
4318408,São Jerônimo,RS,Sul,133,0.7401984363602342,0.6240601503759399,0.03793711122801686,-0.11613828598429432,-3.0613370977631336,0.2598015636397658
3501103,Alto Alegre,SP,Sudeste,39,0.740342053170806,0.717948717948718,0.07017041933783486,-0.022393335222088084,-0.3191278523543599,0.25965794682919396
3129103,Gurinhatã,MG,Sudeste,43,0.7403524143730039,0.8604651162790697,0.0668363500778223,0.12011270190606582,1.7971164159354913,0.2596475856269961
5218607,Rialma,GO,Centro-Oeste,134,0.7404309251467802,0.9701492537313433,0.037849032574446766,0.2297183285845631,6.069331577569941,0.2595690748532198
2513505,Santana de Mangueira,PB,Nordeste,40,0.7405158308705174,1.0,0.06920630147270752,0.2594841691294826,3.7494298005769577,0.2594841691294826
2107902,Passagem Franca,MA,Nordeste,201,0.7405537149076332,0.5870646766169154,0.030798664058987797,-0.1534890382907178,-4.9836264974592615,0.2594462850923668
4313805,Palmitinho,RS,Sul,89,0.7405932490259833,0.7191011235955056,0.04633698324996826,-0.021492125430477738,-0.4638222845569572,0.25940675097401666
3151305,Piraúba,MG,Sudeste,121,0.7406688355723459,0.859504132231405,0.03981259749293347,0.11883529665905912,2.9848667040665147,0.25933116442765414
4201505,Armazém,SC,Sul,122,0.7407271995570514,0.7950819672131147,0.03963182217391872,0.054354767656063396,1.371493024406879,0.25927280044294865
3153301,Presidente Kubitschek,MG,Sudeste,44,0.7410553848387983,0.7954545454545454,0.06599416083760909,0.05439916061574712,0.8243026341316223,0.2589446151612017
4120002,Porecatu,PR,Sul,87,0.7411186678777922,0.8735632183908046,0.04690299750012649,0.1324445505130124,2.823797146710191,0.25888133212220776
2104677,Governador Nunes Freire,MA,Nordeste,281,0.7411494742346653,0.608540925266904,0.026097878672999612,-0.1326085489677613,-5.08120030096376,0.25885052576533474
5004007,Glória de Dourados,MS,Centro-Oeste,100,0.7412336873074707,0.74,0.0433668894688622,-0.0012336873074707544,-0.028447677999976287,0.25876631269252925
2605459,Fernando de Noronha,PE,Nordeste,43,0.741474530390127,0.8604651162790697,0.06674976263571562,0.11899058588894273,1.7826368392997813,0.258525469609873
4314704,Planalto,RS,Sul,98,0.7414948344013729,0.5612244897959183,0.04418702859229028,-0.18027034460545455,-4.079711859984809,0.25850516559862713
3167905,Tabuleiro,MG,Sudeste,44,0.7415098891294133,0.75,0.06597534452425248,0.008490110870586709,0.12868611648501133,0.2584901108705867
3136900,Juruaia,MG,Sudeste,122,0.7417161865466034,0.8278688524590164,0.03962351332095818,0.086152665912413,2.174281346900251,0.25828381345339657
4108908,Guairaçá,PR,Sul,84,0.7417456610031747,0.8214285714285714,0.04772717765286001,0.07968291042539666,1.6695500204299578,0.25825433899682526
3502606,Aparecida d'Oeste,SP,Sudeste,38,0.7419724483349798,0.868421052631579,0.07092698903180047,0.1264486042965992,1.7827995523665234,0.2580275516650202
4306007,Crissiumal,RS,Sul,116,0.7422064292366407,0.5689655172413793,0.040586034947657425,-0.17324091199526137,-4.268485754242436,0.2577935707633593
3528205,Macedônia,SP,Sudeste,40,0.7422821078230057,0.725,0.06912459590160276,-0.017282107823005766,-0.2500138712941836,0.25771789217699426
4204152,Celso Ramos,SC,Sul,45,0.7425434903110048,0.7555555555555555,0.06509733670797083,0.013012065244550786,0.19988629186050136,0.25745650968899525
3201159,Brejetuba,ES,Sudeste,218,0.7425693240944976,0.8899082568807339,0.02955989076182353,0.14733893278623633,4.984420746795314,0.2574306759055024
5212303,Leopoldo de Bulhões,GO,Centro-Oeste,87,0.7427084521089274,0.7586206896551724,0.046840602821324205,0.015912237546244934,0.339710349308333,0.25729154789107256
4313953,Pantano Grande,RS,Sul,103,0.7427204388129864,0.3106796116504854,0.043014300034200495,-0.43204082716250103,-10.04412083467561,0.25727956118701356
4128708,Vitorino,PR,Sul,115,0.7427407067292786,0.6956521739130435,0.04070611281490946,-0.04708853281623515,-1.1567926672425473,0.2572592932707214
2304954,Guaiúba,CE,Nordeste,243,0.742806133679109,0.7983539094650206,0.028031756081050286,0.055547775785911635,1.9816017100499252,0.25719386632089103
4104907,Castro,PR,Sul,899,0.7428839303475016,0.746384872080089,0.014565414643187486,0.003500941732587415,0.24035990861577497,0.25711606965249845
3143807,Munhoz,MG,Sudeste,91,0.7428870158681065,0.8241758241758241,0.04568867276143283,0.08128880830771767,1.7791895319913074,0.25711298413189354
4102604,Barracão,PR,Sul,125,0.7430388853939026,0.744,0.03907116716162361,0.0009611146060973796,0.02459907588942988,0.2569611146060974
2611408,Primavera,PE,Nordeste,83,0.7433075869726175,0.5060240963855421,0.047885692558675,-0.23728349058707532,-4.955206407348679,0.25669241302738255
3140530,Martins Soares,MG,Sudeste,93,0.7435034206598352,0.8387096774193549,0.04525695904412794,0.09520625675951966,2.1036821467984295,0.2564965793401648
2100956,Arame,MA,Nordeste,133,0.7436140888986985,0.7443609022556391,0.03762654252441514,0.000746813356940601,0.01984804626829606,0.2563859111013015
5213509,Monte Alegre de Goiás,GO,Centro-Oeste,64,0.7442080255062821,0.8125,0.054528571082606926,0.06829197449371793,1.2524071901730274,0.25579197449371793
4319604,São Sepé,RS,Sul,144,0.7443143979618981,0.5277777777777778,0.036335163690002,-0.21653662018412034,-5.9594232746969205,0.25568560203810187
2516003,Solânea,PB,Nordeste,187,0.7443333658477999,0.45989304812834225,0.031873597401863914,-0.2844403177194576,-8.924010494743339,0.25566663415220015
4119905,Ponta Grossa,PR,Sul,3191,0.7444656651918872,0.7599498589783766,0.0077189812344261545,0.015484193786489464,2.0059893030223943,0.25553433480811283
3305901,Trajano de Moraes,RJ,Sudeste,61,0.7448108716397643,0.7868852459016393,0.05574788963655588,0.04207437426187499,0.7547258656099033,0.25518912836023566
3142403,Moema,MG,Sudeste,90,0.7448395363079763,0.8222222222222222,0.04590473621483197,0.07738268591424591,1.6857233543854524,0.2551604636920237
4124608,São Carlos do Ivaí,PR,Sul,75,0.7451853823371776,0.7333333333333333,0.05030368206984452,-0.01185204900384429,-0.23560996961193068,0.25481461766282243
5209937,Inaciolândia,GO,Centro-Oeste,69,0.7452109015684634,0.8695652173913043,0.05244889611881813,0.12435431582284096,2.3709615459041835,0.25478909843153663
3162203,São João Batista do Glória,MG,Sudeste,88,0.7452729537354056,0.8409090909090909,0.04643236037286378,0.09563613717368535,2.0596871751877917,0.2547270462645944
4305504,Ciríaco,RS,Sul,31,0.7453262018152844,0.8387096774193549,0.07814192437625225,0.09338347560407045,1.195049601727625,0.2546737981847156
2310001,Palhano,CE,Nordeste,122,0.7453655039129857,0.7459016393442623,0.0394313220754446,0.0005361354312766187,0.013596689206890448,0.2546344960870143
3138302,Leandro Ferreira,MG,Sudeste,35,0.745592824524942,0.7428571428571429,0.07355420235166597,-0.002735681667799139,-0.037192731079044555,0.254407175475058
3146503,Pains,MG,Sudeste,70,0.7457049570387064,0.8714285714285714,0.05201990718205847,0.125723614389865,2.4168365766178597,0.25429504296129357
4117222,Nova Santa Rosa,PR,Sul,139,0.7457330216230296,0.7266187050359713,0.03691302339290198,-0.01911431658705831,-0.5178204013148869,0.25426697837697043
5222054,Vicentinópolis,GO,Centro-Oeste,95,0.7457560034422395,0.8421052631578947,0.044642039068943457,0.09634925971565522,2.1582629674880467,0.25424399655776053
2105427,Itinga do Maranhão,MA,Nordeste,252,0.7460241960876589,0.6031746031746031,0.027401983096317833,-0.14284959291305577,-5.2131114894473205,0.2539758039123411
3152600,Pouso Alto,MG,Sudeste,61,0.7462610513957021,0.8032786885245902,0.05567045814147208,0.05701763712888808,1.0241991719197368,0.2537389486042979
3153400,Presidente Olegário,MG,Sudeste,152,0.7463296257670388,0.7763157894736842,0.03527989028486338,0.02998616370664542,0.8499505940785422,0.25367037423296124
2204600,Hugo Napoleão,PI,Nordeste,50,0.7465009735330674,0.82,0.06148652125542732,0.07349902646693252,1.1953681061513115,0.25349902646693256
5221007,Taquaral de Goiás,GO,Centro-Oeste,44,0.7465488334475835,0.75,0.06548696299668372,0.003451166552416507,0.05270005501081605,0.2534511665524165
4104204,Campo Largo,PR,Sul,1576,0.7466048285891919,0.6941624365482234,0.010955169137772138,-0.052442392040968455,-4.786999760702301,0.25339517141080814
4117800,Palmital,PR,Sul,131,0.7466168762832792,0.6946564885496184,0.0379809023503687,-0.05196038773366085,-1.368066173213403,0.2533831237167208
4204459,Coronel Martins,SC,Sul,31,0.7468905723220518,0.9032258064516129,0.07802111322892649,0.15633523412956107,2.0037554920659533,0.2531094276779482
3135902,Jesuânia,MG,Sudeste,60,0.7471173252584926,0.8166666666666667,0.05610528594899891,0.06954934140817404,1.2396219042782546,0.2528826747415074
2205201,Jaicós,PI,Nordeste,164,0.7472801396286963,0.5914634146341463,0.03391037716664653,-0.15581672499455002,-4.594957001770178,0.2527198603713037
4107124,Diamante do Sul,PR,Sul,36,0.747419615661623,0.8333333333333334,0.07239139633288666,0.08591371767171041,1.186794591951816,0.25258038433837704
4305447,Chuvisca,RS,Sul,41,0.7475503930421142,0.6829268292682927,0.06776730467631527,-0.0646235637738215,-0.9536097692314963,0.25244960695788576
2309706,Pacatuba,CE,Nordeste,812,0.7477659448971635,0.7832512315270936,0.015231005509661126,0.03548528662993011,2.3298059085738996,0.2522340551028365
5205000,Carmo do Rio Verde,GO,Centro-Oeste,92,0.7479513987087774,0.8586956521739131,0.045258942982211205,0.11074425346513572,2.4469032232737558,0.25204860129122264
3115805,Centralina,MG,Sudeste,96,0.7479745607112069,0.9166666666666666,0.04429775640295507,0.1686921059554597,3.808141081027895,0.25202543928879306
4322806,Veranópolis,RS,Sul,206,0.7480002753715335,0.5728155339805825,0.030218554238153856,-0.17518474139095097,-5.797257539533882,0.25199972462846654
4216404,São João do Sul,SC,Sul,115,0.7480405898139119,0.782608695652174,0.040472625433404526,0.034568105838262086,0.8541107839703159,0.25195941018608814
4205431,Formosa do Sul,SC,Sul,30,0.7480435945785643,0.7666666666666667,0.07924169782013976,0.018623072088102433,0.23501606604104416,0.2519564054214357
3161502,São Geraldo,MG,Sudeste,106,0.7484956362243681,0.8773584905660378,0.04212291692802921,0.12886285434166966,3.0592101340427926,0.2515043637756319
2201606,Beneditinos,PI,Nordeste,111,0.7485057754079102,0.6846846846846847,0.04114295380093047,-0.0638210907232255,-1.5512034219036106,0.2514942245920898
3548807,São Caetano do Sul,SP,Sudeste,1096,0.7487923904808116,0.6624087591240876,0.013093666440613968,-0.086383631356724,-6.5973600097814495,0.2512076095191884
2203008,Cristalândia do Piauí,PI,Nordeste,88,0.7489261222293923,0.7954545454545454,0.04601181304496098,0.04652842322515316,1.0112277727393044,0.25107387777060775
5201603,Araçu,GO,Centro-Oeste,46,0.7492676145650062,0.9347826086956522,0.06388234889126661,0.18551499413064598,2.9040102211396275,0.25073238543499377
5218300,Posse,GO,Centro-Oeste,395,0.7496145048017621,0.810126582278481,0.02178945147836357,0.06051207747671894,2.777127158836745,0.25038549519823794
3124302,Espinosa,MG,Sudeste,300,0.7496951500043395,0.7233333333333334,0.024934622754887635,-0.026361816671006122,-1.0572374376844635,0.2503048499956605
4310108,Igrejinha,RS,Sul,375,0.7500096938868,0.47733333333333333,0.022311067924567208,-0.2726763605534667,-12.221573681518704,0.24999030611319994
4117008,Nova Fátima,PR,Sul,69,0.7502759059309017,0.7971014492753623,0.052092412745620126,0.04682554334446065,0.8988937328190407,0.24972409406909835
4217956,Tigrinhos,SC,Sul,37,0.7502883310067133,0.918918918918919,0.07109950756337065,0.16863058791220564,2.3717546533202922,0.24971166899328667
4300307,Alecrim,RS,Sul,64,0.7502956222488576,0.421875,0.05387866542261043,-0.3284206222488576,-6.095559711303361,0.2497043777511424
4304200,Candelária,RS,Sul,228,0.7505685480179055,0.5307017543859649,0.028648948744920882,-0.21986679363194062,-7.674515235778778,0.2494314519820945
3200300,Alfredo Chaves,ES,Sudeste,102,0.7507062738330003,0.8725490196078431,0.04280343542721258,0.12184274577484289,2.846564640402217,0.24929372616699974
4314472,Pinhal Grande,RS,Sul,41,0.7509638013761246,0.43902439024390244,0.067429998141273,-0.3119394111322222,-4.626122196810328,0.24903619862387538
5203500,Bom Jesus de Goiás,GO,Centro-Oeste,271,0.751059943637337,0.8154981549815498,0.026262021992558175,0.06443821134421279,2.453665272326424,0.24894005636266303
2311900,Saboeiro,CE,Nordeste,141,0.7510995204708588,0.8156028368794326,0.03637950283798339,0.06450331640857376,1.7730675621335497,0.24890047952914118
3148509,Pavão,MG,Sudeste,79,0.7512508542175713,0.8354430379746836,0.04834117791420771,0.08419218375711224,1.7416245815633662,0.24874914578242868
4311254,Lagoão,RS,Sul,35,0.7513046651320978,0.6571428571428571,0.07266592741161973,-0.09416180798924068,-1.2958178797589202,0.24869533486790218
2307502,Lavras da Mangabeira,CE,Nordeste,245,0.7514975776886743,0.7428571428571429,0.027602044944698697,-0.00864043483153143,-0.313036039497897,0.2485024223113257
3119906,Córrego do Bom Jesus,MG,Sudeste,51,0.7516650800362771,1.0,0.060454071902933074,0.24833491996372292,4.107827845946542,0.24833491996372292
5215504,Ouvidor,GO,Centro-Oeste,68,0.7517670001206482,0.8970588235294118,0.052329893055265225,0.14529182340876357,2.7764593987478996,0.24823299987935177
3159506,Santa Rita do Itueto,MG,Sudeste,44,0.7522688559651098,0.8409090909090909,0.06472435366070971,0.0886402349439811,1.36950359378852,0.24773114403489016
4215679,Santa Terezinha,SC,Sul,99,0.7523716762013043,0.7373737373737373,0.04336899339259814,-0.014997938827566948,-0.34582169550946207,0.2476283237986957
4312302,Miraguaí,RS,Sul,54,0.7524538968922069,0.46296296296296297,0.05870371811053053,-0.2894909339292439,-4.931390093284632,0.24754610310779313
4200200,Agrolândia,SC,Sul,154,0.7528698031173922,0.7662337662337663,0.03473524169005142,0.013363963116374111,0.38473787617840893,0.24713019688260784
4121109,Quinta do Sol,PR,Sul,45,0.7529258414291364,0.7333333333333333,0.06425787746919481,-0.01959250809580315,-0.30490437698001754,0.24707415857086357
4303608,Cambará do Sul,RS,Sul,39,0.7529994858107701,0.5384615384615384,0.06903558283656921,-0.2145379473492317,-3.107643023122094,0.24700051418922986
4216008,São Carlos,SC,Sul,128,0.753269891774952,0.7265625,0.038044392659737275,-0.02670739177495196,-0.7020059963584762,0.24673010822504804
5211701,Jandaia,GO,Centro-Oeste,61,0.7532793705708465,0.8032786885245902,0.05519287142392525,0.04999931795374368,0.9059017344777928,0.24672062942915352
2512408,Puxinanã,PB,Nordeste,210,0.7540244596714202,0.6238095238095238,0.029698104571793924,-0.13021493586189636,-4.384621097521803,0.24597554032857982
4121802,Ribeirão Claro,PR,Sul,143,0.7542568103719758,0.8601398601398601,0.03599068312830514,0.10588304976788432,2.9419572112709305,0.24574318962802422
1100296,Santa Luzia D'Oeste,RO,Norte,78,0.7543117102674597,0.8333333333333334,0.04872003180937586,0.07902162306587368,1.6219534374496543,0.2456882897325403
3133501,Itapecerica,MG,Sudeste,142,0.7543330250018526,0.8591549295774648,0.036041806191932556,0.10482190457561213,2.9083421629151043,0.24566697499814738
5210901,Itapaci,GO,Centro-Oeste,233,0.7544191816523952,0.8540772532188842,0.028182178814390862,0.09965807156648898,3.536208900768165,0.2455808183476048
4309001,Giruá,RS,Sul,137,0.7545060942073275,0.5255474452554745,0.03674044814240417,-0.22895864895185303,-6.231787050185686,0.2454939057926725
4219606,Xavantina,SC,Sul,30,0.7546159822727437,0.8,0.07844508775814928,0.04538401772725631,0.5785450564754017,0.24538401772725627
4107900,Floresta,PR,Sul,167,0.7548572642344732,0.7425149700598802,0.033262784661203235,-0.012342294174592983,-0.3710541465576297,0.2451427357655268
4101705,Araruna,PR,Sul,173,0.7548618371761838,0.7745664739884393,0.032685755897071726,0.019704636812255427,0.6028508832503623,0.24513816282381617
4123857,Santa Maria do Oeste,PR,Sul,134,0.75509288248304,0.7089552238805971,0.03714375239834258,-0.0461376586024429,-1.2421377923169021,0.24490711751696004
5217203,Piranhas,GO,Centro-Oeste,119,0.7551969480774126,0.6974789915966386,0.03940734586219565,-0.057717956480773935,-1.4646496793417407,0.24480305192258744
2612703,Santa Maria do Cambucá,PE,Nordeste,90,0.7553954926665698,0.7222222222222222,0.0452750503522056,-0.03317327044434759,-0.7327053241528098,0.2446045073334302
4118907,Pérola,PR,Sul,135,0.7554003424423942,0.6222222222222222,0.03697529355864382,-0.13317812022017195,-3.6018137356759006,0.24459965755760582
2206720,Nazária,PI,Nordeste,128,0.7555182630568383,0.5234375,0.037887458620569976,-0.23208076305683834,-6.125529964441488,0.24448173694316166
3162559,São João do Manhuaçu,MG,Sudeste,152,0.7556179628161608,0.7171052631578947,0.03481041487026542,-0.03851269965826609,-1.1063556640102876,0.24438203718383922
4321006,Tapera,RS,Sul,101,0.7556924713290856,0.7821782178217822,0.042284284785728855,0.026485746492696638,0.6263732880172943,0.24430752867091443
3116308,Cipotânea,MG,Sudeste,47,0.756184899699449,0.8085106382978723,0.06237399154145345,0.052325738598423266,0.8389031598795123,0.24381510030055098
4322533,Vale do Sol,RS,Sul,46,0.756235279631753,0.5652173913043478,0.0630397983033962,-0.19101788832740518,-3.0301157914255934,0.24376472036824703
3114006,Carmo da Mata,MG,Sudeste,72,0.7565018541431949,0.6805555555555556,0.05056859457001851,-0.07594629858763935,-1.5018471292984472,0.24349814585680507
4308805,General Câmara,RS,Sul,39,0.7566308397468464,0.23076923076923078,0.06870169848792147,-0.5258616089776156,-7.654273774178494,0.24336916025315358
5218706,Rianápolis,GO,Centro-Oeste,56,0.7567251353411238,1.0,0.05732908928834747,0.24327486465887616,4.243480363612255,0.24327486465887616
4126207,Sapopema,PR,Sul,89,0.7568005270988148,0.8314606741573034,0.045468369630993995,0.07466014705848856,1.6420238434851573,0.24319947290118515
3141306,Medeiros,MG,Sudeste,42,0.7569108512434604,0.7857142857142857,0.06615092848074784,0.02880343447082534,0.4354199575476573,0.24308914875653964
4113007,Jussara,PR,Sul,77,0.7569522675439897,0.6623376623376623,0.04885982221181124,-0.09461460520632736,-1.9364500508447509,0.2430477324560103
1101203,Ministro Andreazza,RO,Norte,82,0.7570547618167259,0.6951219512195121,0.04734172514433082,-0.06193281059721378,-1.308207726026018,0.24294523818327407
3155504,Rio Paranaíba,MG,Sudeste,193,0.7571928891976312,0.6113989637305699,0.03084600693692674,-0.14579392546706127,-4.726508872450739,0.24280711080236883
3104106,Arceburgo,MG,Sudeste,56,0.7576117026637536,0.8392857142857143,0.05724900337704563,0.08167401162196075,1.4266451257509312,0.24238829733624645
3126307,Fortaleza de Minas,MG,Sudeste,35,0.7577162717341649,0.6285714285714286,0.07238297031642744,-0.12914484316273633,-1.7841882227016965,0.2422837282658351
2104552,Governador Edison Lobão,MA,Nordeste,306,0.757721233407384,0.6764705882352942,0.02447602293068737,-0.0812506451720898,-3.3196016118378426,0.24227876659261605
4209458,Lajeado Grande,SC,Sul,30,0.7578342769225116,0.6666666666666666,0.07815017718287712,-0.09116761025584497,-1.1665694633360344,0.2421657230774884
4303905,Campo Bom,RS,Sul,607,0.7578796487107915,0.4645799011532125,0.017376191157008836,-0.293299747557579,-16.87940382949079,0.2421203512892085
3121407,Desterro de Entre Rios,MG,Sudeste,58,0.7581031058131092,0.8103448275862069,0.05622212578107275,0.052241721773097605,0.9292021788099099,0.24189689418689075
4315008,Porto Lucena,RS,Sul,32,0.7581396236987155,0.84375,0.07547210142273579,0.08561037630128454,1.1343314242936213,0.24186037630128454
4112306,Japira,PR,Sul,45,0.7581900608355653,0.6444444444444445,0.06379291560412541,-0.1137456163911208,-1.7830446424017186,0.24180993916443472
3160900,São Brás do Suaçuí,MG,Sudeste,43,0.7583756639548352,0.813953488372093,0.06518772020282125,0.05557782441725778,0.8525811954204902,0.24162433604516476
4121307,Rancho Alegre,PR,Sul,49,0.7584856711651823,0.8571428571428571,0.061085593177792476,0.09865718597767481,1.6150647124032742,0.24151432883481772
5207253,Doverlândia,GO,Centro-Oeste,72,0.7584869719866326,0.8333333333333334,0.050413366059452264,0.07484636134670075,1.4846531227142175,0.24151302801336738
4123824,Santa Lúcia,PR,Sul,42,0.7586156337998897,0.8571428571428571,0.06592036645307942,0.09852722334296737,1.4946401035724939,0.24138436620011028
3203353,Marilândia,ES,Sudeste,124,0.7588785088832859,0.782258064516129,0.03840648138226442,0.023379555632843108,0.6087398478434805,0.2411214911167141
3147709,Passa Tempo,MG,Sudeste,89,0.7592410166359496,0.7865168539325843,0.045293536341828804,0.027275837296634742,0.6022015391067042,0.24075898336405044
4322608,Venâncio Aires,RS,Sul,487,0.7594347000518319,0.6119096509240246,0.019341030690657356,-0.14752504912780728,-7.627569155301995,0.2405652999481681
4123501,Santa Helena,PR,Sul,343,0.7596129177142484,0.793002915451895,0.02304292260888683,0.033389997737646615,1.4490348426882833,0.24038708228575156
5220157,São Luíz do Norte,GO,Centro-Oeste,64,0.7596273898355553,0.859375,0.053385693302568996,0.09974761016444467,1.8684333572126648,0.24037261016444467
3143708,Morro do Pilar,MG,Sudeste,34,0.7596460480109206,0.6176470588235294,0.07323981816769518,-0.14199898918739118,-1.9388222518829858,0.24035395198907938
3128501,Guarará,MG,Sudeste,33,0.7597651311060266,0.7272727272727273,0.07435038707759574,-0.03249240383329932,-0.4370172787316984,0.24023486889397339
4305207,Cerro Largo,RS,Sul,113,0.7598684840837628,0.48672566371681414,0.040046425962463196,-0.2731428203669487,-6.820654123366071,0.24013151591623716
3108552,Brasilândia de Minas,MG,Sudeste,206,0.7599582578169469,0.7669902912621359,0.029715918180752178,0.00703203344518899,0.23664197089302233,0.24004174218305308
2208304,Piracuruca,PI,Nordeste,394,0.7600462438504277,0.8248730964467005,0.02149813998123442,0.06482685259627274,3.015463321611063,0.23995375614957226
3103009,Antônio Dias,MG,Sudeste,64,0.7601985927347209,0.84375,0.053357663470094796,0.0835514072652791,1.5658745498124538,0.2398014072652791
4200903,Angelina,SC,Sul,40,0.7605954544363421,0.725,0.06731744122316327,-0.035595454436342155,-0.5287701640105433,0.23940454556365787
3112802,Capitólio,MG,Sudeste,105,0.7607542346319233,0.8476190476190476,0.04161345536616447,0.08686481298712434,2.0874212973372392,0.23924576536807673
1507755,Sapucaia,PA,Norte,84,0.7607994156691069,0.7023809523809523,0.046515623192979715,-0.05841846328815459,-1.2558890815198471,0.23920058433089308
3163904,São Pedro da União,MG,Sudeste,70,0.7608199032526907,0.9714285714285714,0.05097357823434972,0.21060866817588075,4.1317222661437025,0.23918009674730933
2303600,Catarina,CE,Nordeste,64,0.7609314735640865,0.8125,0.05328664770187846,0.051568526435913475,0.967757002174779,0.23906852643591348
2607109,Ingazeira,PE,Nordeste,49,0.761207223720192,0.8979591836734694,0.06084262716011506,0.13675195995327738,2.2476340410711937,0.238792776279808
3155207,Rio Espera,MG,Sudeste,30,0.7612798892486375,0.8333333333333334,0.07779670263129569,0.07205344408469583,0.9261760672066133,0.23872011075136246
2301307,Araripe,CE,Nordeste,285,0.7614146385329882,0.7719298245614035,0.02522491226472243,0.01051518602841528,0.41685718935565885,0.23858536146701181
3537156,Pedrinhas Paulista,SP,Sudeste,31,0.761574494640179,0.6774193548387096,0.07648245990839737,-0.08415513980146938,-1.1003194706637514,0.238425505359821
4110300,Inajá,PR,Sul,33,0.7616970083313035,0.696969696969697,0.07409057351675964,-0.06472731136160648,-0.8736241101840688,0.2383029916686965
1100924,Chupinguaia,RO,Norte,154,0.7619889347314658,0.7337662337662337,0.034275943779166006,-0.02822270096523205,-0.8233967574187321,0.23801106526853422
2512077,Poço de José de Moura,PB,Nordeste,41,0.7620071666623974,0.5853658536585366,0.06639179947650431,-0.17664131300386088,-2.660589325740045,0.23799283333760257
4312476,Morro Reuter,RS,Sul,33,0.7622023121768032,0.6666666666666666,0.0739969555284605,-0.0955356455101366,-1.2910753534095325,0.23779768782319677
5210802,Itajá,GO,Centro-Oeste,35,0.7623836318319126,0.8285714285714286,0.07193179459561708,0.06618779673951602,0.920146607096453,0.2376163681680874
3160405,Santo Antônio do Monte,MG,Sudeste,284,0.7627498449818908,0.8169014084507042,0.025234932170567603,0.054151563468813446,2.1458969298111423,0.2372501550181092
2202604,Castelo do Piauí,PI,Nordeste,167,0.7629832945999703,0.8263473053892215,0.03290087797695241,0.06336401078925125,1.9259063795695284,0.23701670540002973
4316303,Roque Gonzales,RS,Sul,34,0.7631101371324142,0.7058823529411765,0.0728219569261585,-0.05722778419123764,-0.7858589168273332,0.23688986286758584
4319307,São Paulo das Missões,RS,Sul,34,0.7631886067538789,0.6176470588235294,0.07288723543171284,-0.14554154793034946,-1.9968043384867513,0.2368113932461211
2311355,Quixelô,CE,Nordeste,154,0.7632156257551299,0.8831168831168831,0.03416466246566315,0.11990125736175317,3.5095109598187517,0.2367843742448701
3123858,Entre Folhas,MG,Sudeste,62,0.7637184668381016,0.7741935483870968,0.05389352700031085,0.010475081548995124,0.19436622785765542,0.23628153316189837
4309100,Gramado,RS,Sul,442,0.7638205865560749,0.5769230769230769,0.020189385637671368,-0.186897509632998,-9.25721629113201,0.23617941344392512
4112009,Jaguariaíva,PR,Sul,440,0.7638817487130815,0.7931818181818182,0.02021431395828713,0.029300069468736756,1.449471376035732,0.23611825128691855
2919405,Licínio de Almeida,BA,Nordeste,84,0.763925991406122,0.6547619047619048,0.046293357164552455,-0.10916408664421728,-2.358093975690446,0.23607400859387795
4316600,Sananduva,RS,Sul,160,0.7642536528110464,0.5375,0.03335792738879687,-0.22675365281104642,-6.797594172088783,0.2357463471889536
4107306,Doutor Camargo,PR,Sul,60,0.7642768394386779,0.6166666666666667,0.05476340092910281,-0.14761017277201116,-2.695416469169046,0.23572316056132214
4101507,Arapongas,PR,Sul,1193,0.7645897311778977,0.7141659681475272,0.012281822567605797,-0.05042376303037055,-4.105560290649932,0.23541026882210225
5219712,Santo Antônio da Barra,GO,Centro-Oeste,73,0.7645965315896661,0.9178082191780822,0.049609780774080736,0.15321168758841608,3.088336315899696,0.23540346841033388
5210406,Itaberaí,GO,Centro-Oeste,522,0.7646465720206974,0.814176245210728,0.01856179957186945,0.04952967319003054,2.6683659091488705,0.2353534279793026
4202701,Botuverá,SC,Sul,79,0.7647209932927,0.6455696202531646,0.04769453405484242,-0.11915137303953549,-2.4982186198218677,0.23527900670729995
3155702,Rio Piracicaba,MG,Sudeste,135,0.7650401507022416,0.8,0.03637957300158335,0.034959849297758416,0.960974701276369,0.23495984929775837
4126678,Tamarana,PR,Sul,128,0.7650568915955824,0.671875,0.03745755068488137,-0.09318189159558243,-2.48766643552037,0.23494310840441757
5207402,Edéia,GO,Centro-Oeste,156,0.7652727328640109,0.7243589743589743,0.03390055400529624,-0.040913758505036535,-1.2068758079482897,0.23472726713598913
3121001,Datas,MG,Sudeste,72,0.765321937638546,0.9027777777777778,0.04993093350999286,0.13745584013923184,2.752919492517045,0.23467806236145405
4114302,Mandirituba,PR,Sul,328,0.7654613431239771,0.6402439024390244,0.023386589017710447,-0.12521744068495266,-5.3542412957326375,0.23453865687602293
4116406,Nossa Senhora das Graças,PR,Sul,39,0.7656734372383803,0.9487179487179487,0.06776596236195233,0.18304451147956835,2.7011276029976368,0.23432656276161967
1100080,Costa Marques,RO,Norte,197,0.7657566386542923,0.5989847715736041,0.030155169242802416,-0.16677186708068825,-5.530457008477715,0.23424336134570767
4128401,Uraí,PR,Sul,65,0.7657988319579693,0.6615384615384615,0.05248987375440856,-0.10426037041950775,-1.986294935806567,0.23420116804203073
1100502,Novo Horizonte do Oeste,RO,Norte,102,0.7660423904403594,0.7058823529411765,0.04190959437300681,-0.06016003749918286,-1.4354717195242248,0.23395760955964062
5219209,Santa Cruz de Goiás,GO,Centro-Oeste,42,0.7662044356674016,0.8571428571428571,0.06525358068450167,0.0909384214754555,1.3936158065430764,0.2337955643325984
4112405,Japurá,PR,Sul,90,0.7663134153954374,0.8111111111111111,0.0445896881363274,0.04479769571567371,1.0046649256372988,0.2336865846045626
4124004,Santana do Itararé,PR,Sul,55,0.7665535119450789,0.5454545454545454,0.05701220233507785,-0.2210989664905335,-3.8780990285389856,0.23344648805492108
4108502,General Carneiro,PR,Sul,146,0.766555130230032,0.5616438356164384,0.03497212093750732,-0.2049112946135936,-5.859275592113942,0.23344486976996803
5107925,Sorriso,MT,Centro-Oeste,1711,0.7666493835818236,0.8158971361776739,0.01022200713695104,0.04924775259585035,4.817816299288916,0.23335061641817645
4106209,Contenda,PR,Sul,270,0.7669237813031492,0.774074074074074,0.025721326548031102,0.0071502927709248265,0.27799082436796646,0.2330762186968508
4204905,Descanso,SC,Sul,68,0.7670605122830513,0.6617647058823529,0.051244110070309094,-0.10529580640069836,-2.0547884675180823,0.23293948771694872
2611533,Quixaba,PE,Nordeste,123,0.767099613552009,0.8699186991869918,0.038090283689301195,0.10281908563498288,2.6993520571720686,0.23290038644799105
5200605,Alto Paraíso de Goiás,GO,Centro-Oeste,128,0.7672848445995362,0.6015625,0.03734113405735946,-0.16572234459953616,-4.438064048750399,0.23271515540046384
3131208,Ipanema,MG,Sudeste,179,0.7673522224124549,0.770949720670391,0.03157842932158262,0.0035974982579360937,0.11392264704810205,0.23264777758754507
4120408,Presidente Castelo Branco,PR,Sul,43,0.7675248660617647,0.627906976744186,0.06440034719146705,-0.13961788931757868,-2.167967959900655,0.23247513393823527
3544509,Rubinéia,SP,Sudeste,32,0.767559420872307,0.75,0.07464620210347298,-0.017559420872306997,-0.23523528829995263,0.232440579127693
5208301,Divinópolis de Goiás,GO,Centro-Oeste,73,0.7675771758819655,0.8082191780821918,0.049400826199385364,0.04064200220022629,0.8226988357682963,0.2324228241180345
4102109,Astorga,PR,Sul,256,0.7677358037489234,0.75390625,0.026385616784208994,-0.013829553748923362,-0.524132290028556,0.23226419625107664
2200053,Acauã,PI,Nordeste,61,0.767889407626058,0.819672131147541,0.05401078117513037,0.051782723521483054,0.958747909117944,0.23211059237394205
3148608,Peçanha,MG,Sudeste,110,0.7679330195673256,0.7454545454545455,0.03990609095307725,-0.022478474112780145,-0.563284290090227,0.23206698043267437
5005251,Laguna Carapã,MS,Centro-Oeste,137,0.7679397727363565,0.7737226277372263,0.03603265905532535,0.005782855000869835,0.1604892659181969,0.2320602272636435
4321907,Três Passos,RS,Sul,258,0.7681472887349218,0.5697674418604651,0.026249069685978323,-0.19837984687445664,-7.557595345195293,0.23185271126507823
5108956,Nova Monte Verde,MT,Centro-Oeste,134,0.7685629864956955,0.9328358208955224,0.03629308507199276,0.16427283439982687,4.526284664805076,0.23143701350430446
5210604,Itaguaru,GO,Centro-Oeste,50,0.7687917682045148,0.9,0.059581074646895285,0.13120823179548524,2.2021796782465786,0.23120823179548522
4321329,Taquaruçu do Sul,RS,Sul,41,0.7688591370896499,0.8292682926829268,0.06577381380285827,0.060409155593276864,0.9184377809433292,0.23114086291035008
4312443,Morrinhos do Sul,RS,Sul,30,0.7690259967334295,0.6333333333333333,0.07646539244427655,-0.13569266340009623,-1.7745630940033559,0.23097400326657047
4306957,Entre Rios do Sul,RS,Sul,33,0.7690288321973285,0.7272727272727273,0.07326663426511444,-0.041756104924601245,-0.569919791504374,0.23097116780267146
5221502,Turvânia,GO,Centro-Oeste,57,0.7693161027700027,0.8070175438596491,0.05572825959017454,0.03770144108964635,0.676522851546103,0.23068389722999727
2300150,Acarape,CE,Nordeste,168,0.7694148206566771,0.8095238095238095,0.032487426363294714,0.040108988867132433,1.234600377961881,0.2305851793433229
4124707,São Jerônimo da Serra,PR,Sul,88,0.7695682196514725,0.7159090909090909,0.044886368753927416,-0.053659128742381546,-1.1954437445485393,0.23043178034852752
4107553,Farol,PR,Sul,49,0.7696983130427147,0.9591836734693877,0.06012541490414429,0.18948536042667297,3.1515019185940325,0.23030168695728526
4313904,Panambi,RS,Sul,513,0.7697213333103639,0.5497076023391813,0.01854880345547552,-0.2200137309711826,-11.86134359012983,0.23027866668963615
4306734,Doutor Maurício Cardoso,RS,Sul,41,0.7697585456212707,0.6341463414634146,0.06571561019303084,-0.13561220415785602,-2.063622383776294,0.23024145437872934
5216007,Panamá,GO,Centro-Oeste,32,0.7701365494843017,0.84375,0.074319366598063,0.07361345051569834,0.9905015864009926,0.22986345051569834
4106407,Cornélio Procópio,PR,Sul,388,0.7703619288913343,0.7396907216494846,0.021342452024203585,-0.030671207241849685,-1.4370985680120891,0.22963807110866574
3203346,Marechal Floriano,ES,Sudeste,197,0.7705269959237837,0.868020304568528,0.02995510744961404,0.09749330864474426,3.254647268708109,0.2294730040762163
4312807,Nova Araçá,RS,Sul,61,0.7707414076557999,0.5901639344262295,0.053805985090923894,-0.1805774732295704,-3.356085255653661,0.2292585923442001
4125100,São João do Triunfo,PR,Sul,191,0.7709865388314873,0.8010471204188482,0.030398169112698006,0.030060581587360913,0.9888944783455371,0.22901346116851273
2310605,Penaforte,CE,Nordeste,118,0.7713212024750672,0.6440677966101694,0.038553783176859306,-0.12725340586489775,-3.300672343389574,0.2286787975249328
3104205,Arcos,MG,Sudeste,364,0.7713327534558049,0.8873626373626373,0.021999907588968762,0.11602988390683244,5.274107786025992,0.22866724654419512
4215307,Salete,SC,Sul,110,0.7714270957855333,0.6818181818181818,0.039992493662025126,-0.08960891396735149,-2.2406433248357214,0.22857290421446674
3107802,Bom Jesus do Galho,MG,Sudeste,143,0.7714377438436946,0.7762237762237763,0.035104510754636796,0.004786032380081684,0.1363366780278947,0.22856225615630543
3202454,Ibatiba,ES,Sudeste,342,0.7715210017096523,0.8216374269005848,0.022700079830844766,0.05011642519093251,2.2077642706275658,0.22847899829034768
3122702,Dom Silvério,MG,Sudeste,39,0.7715758317241249,0.9230769230769231,0.0671947804978139,0.1515010913527982,2.2546556478107274,0.22842416827587508
4118501,Pato Branco,PR,Sul,921,0.7715937519767732,0.7111834961997828,0.013831365289523483,-0.06041025577699033,-4.367627816376729,0.22840624802322684
3151701,Poço Fundo,MG,Sudeste,140,0.7716611377757584,0.7071428571428572,0.035454579030653036,-0.06451828063290121,-1.8197446534937143,0.2283388622242416
4212403,Pedras Grandes,SC,Sul,30,0.7716662357256566,0.7,0.07660353586870434,-0.07166623572565667,-0.9355473597000793,0.22833376427434338
3161908,São Gonçalo do Rio Abaixo,MG,Sudeste,164,0.7717294047442045,0.9146341463414634,0.03276544075624474,0.14290474159725897,4.361447253537185,0.22827059525579552
3114808,Carvalhos,MG,Sudeste,32,0.7718147360434293,0.71875,0.07416796495673678,-0.05306473604342932,-0.7154670628266898,0.22818526395657068
1302108,Japurá,AM,Norte,95,0.7718240907802046,0.9052631578947369,0.042781093293926424,0.13343906711453224,3.1191130670210434,0.22817590921979536
4115606,Matelândia,PR,Sul,244,0.7719185689586603,0.7090163934426229,0.026839484187993905,-0.06290217551603738,-2.3436432338060875,0.2280814310413397
4106456,Coronel Domingos Soares,PR,Sul,78,0.772063936706846,0.6282051282051282,0.047464377663397214,-0.14385880850171784,-3.030879484440317,0.22793606329315397
3148905,Pedra do Indaiá,MG,Sudeste,31,0.7721949080196132,1.0,0.07515990473318712,0.2278050919803868,3.0309390730214516,0.2278050919803868
4104105,Campo do Tenente,PR,Sul,99,0.7722954247943622,0.8080808080808081,0.042114110007945994,0.03578538328644587,0.8497243151925558,0.2277045752056378
5220009,São João d'Aliança,GO,Centro-Oeste,178,0.7723948524976885,0.898876404494382,0.0313702104555322,0.12648155199669353,4.0319000146965305,0.22760514750231153
3130606,Inconfidentes,MG,Sudeste,49,0.7724685005623997,0.8571428571428571,0.05987824785121872,0.08467435658045741,1.4141087894029618,0.22753149943760032
3200904,Barra de São Francisco,ES,Sudeste,469,0.7725710767943739,0.8699360341151386,0.019348219853139347,0.09736495732076478,5.032243692691285,0.22742892320562613
3201001,Boa Esperança,ES,Sudeste,195,0.7726110362939724,0.8564102564102564,0.0300093373994329,0.08379922011628393,2.792438200180572,0.22738896370602757
3159209,Santa Rita de Caldas,MG,Sudeste,66,0.7726164807773725,0.9242424242424242,0.051572919084831734,0.15162594346505165,2.940030274719253,0.22738351922262745
4211405,Nova Erechim,SC,Sul,70,0.7727130944870005,0.7285714285714285,0.05004410453650728,-0.044141665915572004,-0.8820552655382327,0.22728690551299946
3201704,Conceição do Castelo,ES,Sudeste,152,0.7727851364618775,0.8421052631578947,0.03396982163314546,0.06932012669601717,2.040638524530234,0.22721486353812248
3125408,Felício dos Santos,MG,Sudeste,73,0.7727868792884283,0.7945205479452054,0.048995654238202506,0.021733668656777172,0.44358359929463226,0.22721312071157174
4316105,Ronda Alta,RS,Sul,77,0.7727874652990729,0.5324675324675324,0.04756500210806094,-0.24031993283154052,-5.052452899835213,0.22721253470092706
5107404,São Pedro da Cipa,MT,Centro-Oeste,67,0.772887341285576,0.7611940298507462,0.05116686592619615,-0.011693311434829767,-0.22853288398973612,0.227112658714424
4125357,São Jorge do Patrocínio,PR,Sul,71,0.7729562737295744,0.9014084507042254,0.04969419082037079,0.12845217697465094,2.5848529748470206,0.22704372627042557
4214607,Rio do Oeste,SC,Sul,63,0.7733033985573042,0.6825396825396826,0.05255362935293436,-0.09076371601762168,-1.7270684657776891,0.22669660144269577
4321857,Três Palmeiras,RS,Sul,70,0.7734872052233508,0.6428571428571429,0.04999325688550101,-0.1306300623662079,-2.6129536362351513,0.2265127947766492
3545159,Saltinho,SP,Sudeste,101,0.7739165925435824,0.6435643564356436,0.04160508260212163,-0.13035223610793878,-3.1330844203465547,0.22608340745641764
4127007,Teixeira Soares,PR,Sul,136,0.7740879726948334,0.8823529411764706,0.03584566290707281,0.10826496848163714,3.0203087263947643,0.22591202730516657
5005681,Mundo Novo,MS,Centro-Oeste,239,0.7745013416106366,0.4895397489539749,0.02699259881951864,-0.28496159265666166,-10.557026930308128,0.22549865838936345
4124202,Santo Antônio do Caiuá,PR,Sul,34,0.7745608535196169,0.8823529411764706,0.07160231053110735,0.10779208765685366,1.5054275044661274,0.2254391464803831
2202109,Campinas do Piauí,PI,Nordeste,32,0.7746565322609149,1.0,0.07363600174207553,0.2253434677390851,3.060234972132172,0.2253434677390851
4312906,Nova Bassano,RS,Sul,75,0.7747624947277266,0.6133333333333333,0.048025213090988096,-0.16142916139439334,-3.3613419078131157,0.22523750527227338
4300570,Alto Feliz,RS,Sul,31,0.7747854823290181,0.5806451612903226,0.07493218297212402,-0.1941403210386955,-2.590880357922027,0.22521451767098188
3160108,Santo Antônio do Grama,MG,Sudeste,52,0.7747933865398144,0.9423076923076923,0.05790609786368964,0.16751430576787785,2.8928612347909337,0.22520661346018556
5106703,Ponte Branca,MT,Centro-Oeste,32,0.7748663214299583,0.96875,0.07359295735321646,0.19388367857004174,2.6345412053422237,0.22513367857004174
4200606,Águas Mornas,SC,Sul,85,0.7749161243822862,0.8,0.045245876463090855,0.025083875617713858,0.554390313074738,0.2250838756177138
3108503,Botumirim,MG,Sudeste,58,0.7749232370554574,0.8275862068965517,0.0546582149000194,0.05266296984109431,0.9634959710525712,0.2250767629445426
5220264,São Miguel do Passa Quatro,GO,Centro-Oeste,43,0.7749776800427156,0.6744186046511628,0.06366538203730517,-0.10055907539155284,-1.5794937872614911,0.2250223199572844
4116109,Moreira Sales,PR,Sul,106,0.7753461026824732,0.7830188679245284,0.04051029292581451,0.0076727652420551795,0.18940285759241787,0.22465389731752683
3170578,Vargem Alegre,MG,Sudeste,60,0.7753828295632336,0.8333333333333334,0.05383344800417126,0.057950503770099804,1.0764776531796652,0.22461717043676643
3204401,Rio Novo do Sul,ES,Sudeste,134,0.7754472906383096,0.7686567164179104,0.03604061558494984,-0.0067905742203991926,-0.18841449043492092,0.22455270936169036
4127502,Tibagi,PR,Sul,278,0.7755085367044425,0.7805755395683454,0.02501571795411898,0.005067002863902825,0.20255276595283622,0.22449146329555747
2101103,Axixá,MA,Nordeste,143,0.7755784870423527,0.7132867132867133,0.03478246828856905,-0.062291773755639324,-1.7908957247899215,0.22442151295764734
5213004,Maurilândia,GO,Centro-Oeste,118,0.7755976753176573,0.8389830508474576,0.03837333166318073,0.06338537552980028,1.6518079818078097,0.22440232468234267
5204805,Campo Alegre de Goiás,GO,Centro-Oeste,101,0.7757892633033107,0.7722772277227723,0.04144702611561714,-0.003512035580538364,-0.08473552651863332,0.22421073669668934
4210035,Luzerna,SC,Sul,59,0.7759535622722286,0.7966101694915254,0.054260359534366365,0.020656607219296852,0.38069425629614145,0.22404643772777144
4217550,Serra Alta,SC,Sul,40,0.7760926640174474,0.975,0.06589448413198823,0.1989073359825526,3.018573384444993,0.22390733598255264
2601300,Barra de Guabiraba,PE,Nordeste,104,0.7761040015070889,0.8653846153846154,0.04084915118721499,0.0892806138775265,2.1856173575883178,0.22389599849291109
2307205,Jati,CE,Nordeste,93,0.7762980823745536,0.7741935483870968,0.043182501271883056,-0.0021045339874568025,-0.048735805603440215,0.22370191762544644
5219100,Santa Bárbara de Goiás,GO,Centro-Oeste,82,0.7764672036392309,1.0,0.0459886146255043,0.22353279636076906,4.860611657494952,0.22353279636076906
4314308,Pejuçara,RS,Sul,43,0.7766625325275858,0.5581395348837209,0.06295597498848082,-0.21852299764386485,-3.4710446098856926,0.22333746747241423
4315354,Quinze de Novembro,RS,Sul,40,0.7768410969410042,0.9,0.06560168458466123,0.1231589030589958,1.8773740924298217,0.22315890305899577
4127965,Turvo,PR,Sul,213,0.7769687936305333,0.8497652582159625,0.028493339777554975,0.07279646458542921,2.5548589654194584,0.22303120636946672
2205540,Lagoinha do Piauí,PI,Nordeste,34,0.777385791054257,0.8823529411764706,0.07126581904773276,0.10496715012221358,1.472896144670816,0.22261420894574302
4201604,Arroio Trinta,SC,Sul,45,0.7774417563343992,0.7555555555555555,0.06198304978518192,-0.021886200778843623,-0.35309977251354746,0.22255824366560084
3148806,Pedra do Anta,MG,Sudeste,34,0.7779837201616958,0.8529411764705882,0.07126817995401578,0.07495745630889239,1.0517661087635046,0.2220162798383042
4116703,Nova Aurora,PR,Sul,130,0.778066471124128,0.7538461538461538,0.03643044226724201,-0.024220317277974135,-0.6648373110680809,0.22193352887587203
4308508,Frederico Westphalen,RS,Sul,294,0.7781657242211922,0.6428571428571429,0.024134825243297756,-0.13530858136404933,-5.606362590158988,0.22183427577880777
4214904,Rio Fortuna,SC,Sul,63,0.7784339606366452,0.6825396825396826,0.05229974636301325,-0.0958942780969626,-1.8335514943296114,0.22156603936335484
4315404,Redentora,RS,Sul,59,0.7784452364234647,0.6440677966101694,0.05395346137843901,-0.1343774398132953,-2.4906175874565015,0.22155476357653525
3158805,Santana do Jacaré,MG,Sudeste,45,0.7784540010158512,0.8666666666666667,0.06181342867717492,0.08821266565081554,1.427079318177164,0.22154599898414884
5219407,Santa Rita do Araguaia,GO,Centro-Oeste,78,0.7786360026932464,0.8333333333333334,0.04696342806999256,0.05469733064008697,1.1646792597543791,0.2213639973067536
4113106,Kaloré,PR,Sul,41,0.7786727298311003,0.7804878048780488,0.06479227773250258,0.0018150750469485555,0.028013755812724517,0.22132727016889975
1100098,Espigão D'Oeste,RO,Norte,392,0.7787380609256614,0.6964285714285714,0.02092904757728712,-0.08230948949709005,-3.9327871558959506,0.22126193907433855
4120333,Prado Ferreira,PR,Sul,53,0.7787816282681795,0.7547169811320755,0.05691874709214261,-0.02406464713610401,-0.4227894738643331,0.22121837173182046
4205605,Galvão,SC,Sul,47,0.7789984789800893,0.7021276595744681,0.060500461023278905,-0.07687081940562124,-1.2705823741746938,0.22100152101991066
4115804,Medianeira,PR,Sul,665,0.7790700988163148,0.793984962406015,0.016078081700236318,0.014914863589700178,0.9276519343399627,0.22092990118368516
4117057,Nova Laranjeiras,PR,Sul,78,0.7794674108437758,0.6794871794871795,0.04692193099309592,-0.09998023135659628,-2.130778278739367,0.2205325891562242
4127700,Toledo,PR,Sul,1590,0.7795484211548964,0.8188679245283019,0.010391267355617738,0.03931950337340551,3.783898732251226,0.22045157884510358
4304903,Casca,RS,Sul,84,0.7796511399362707,0.7738095238095238,0.045075494137451676,-0.005841616126746829,-0.12959627483913108,0.22034886006372933
3137536,Lagoa Grande,MG,Sudeste,97,0.7797237432165636,0.7628865979381443,0.04203290313804998,-0.016837145278419285,-0.400570601157872,0.22027625678343643
4108452,Foz do Jordão,PR,Sul,82,0.7797819634113458,0.7804878048780488,0.045708962672480535,0.0007058414667030499,0.01544208018371871,0.22021803658865424
4128500,Wenceslau Braz,PR,Sul,208,0.7797890142785088,0.7403846153846154,0.02872646341485955,-0.039404398893893355,-1.3717107575974825,0.22021098572149123
4128609,Verê,PR,Sul,96,0.7799943767301166,0.6770833333333334,0.042264931745255,-0.10291104339678325,-2.434903811440246,0.22000562326988338
3165206,São Thomé das Letras,MG,Sudeste,71,0.7801158535802087,0.9014084507042254,0.049139942677256895,0.12129259712401663,2.468309699110692,0.21988414641979126
3105707,Barra Longa,MG,Sudeste,34,0.7801508590998204,0.9411764705882353,0.07092303870651721,0.16102561148841488,2.2704274157618407,0.2198491409001796
2605004,Cupira,PE,Nordeste,292,0.7801728404157366,0.8904109589041096,0.024210554561178047,0.11023811848837295,4.553308277586556,0.21982715958426335
2508554,Logradouro,PB,Nordeste,39,0.7801959411618525,0.9487179487179487,0.06619703863006587,0.16852200755609614,2.5457635423521126,0.21980405883814746
4105300,Céu Azul,PR,Sul,130,0.7802734920218646,0.8461538461538461,0.03625625578384818,0.06588035413198157,1.817075500701058,0.21972650797813542
5203401,Bom Jardim de Goiás,GO,Centro-Oeste,75,0.7803270535951905,0.7333333333333333,0.04778850649365353,-0.04699372026185722,-0.9833686739739008,0.2196729464048095
4310504,Iraí,RS,Sul,49,0.7803349145316381,0.5918367346938775,0.05913416771758181,-0.18849817983776052,-3.1876356278151543,0.21966508546836194
3131406,Ipiaçu,MG,Sudeste,38,0.7804169295027351,0.7631578947368421,0.06710522892044836,-0.017259034765892967,-0.25719359047792145,0.2195830704972649
4122701,Sabáudia,PR,Sul,144,0.7805710633802407,0.7986111111111112,0.03446457152398247,0.018040047730870423,0.5234374586179636,0.21942893661975926
5214408,Nazário,GO,Centro-Oeste,94,0.7807243609549163,0.8404255319148937,0.04265751297534247,0.0597011709599774,1.3995464525671424,0.21927563904508374
4200804,Anchieta,SC,Sul,66,0.7808102468060811,0.803030303030303,0.05086015567847073,0.02222005622422185,0.4368853364251041,0.21918975319391887
2305407,Icó,CE,Nordeste,549,0.7811591955396149,0.75591985428051,0.017632408401196002,-0.025239341259104875,-1.431417687523214,0.21884080446038512
4107751,Figueira,PR,Sul,92,0.7812772287513662,0.7717391304347826,0.043066866381143765,-0.009538098316583588,-0.22147184408939752,0.21872277124863382
4308706,Gaurama,RS,Sul,47,0.7814092539370924,0.7446808510638298,0.060248616628651275,-0.03672840287326262,-0.6096140447446623,0.21859074606290763
5205471,Chapadão do Céu,GO,Centro-Oeste,207,0.7818868327082922,0.8743961352657005,0.02867070462591668,0.0925093025574083,3.2266141960733385,0.21811316729170782
4310439,Ipê,RS,Sul,51,0.7820376648479734,0.6078431372549019,0.05776939343704838,-0.17419452759307152,-3.01534285248974,0.21796233515202657
5205513,Cocalzinho de Goiás,GO,Centro-Oeste,282,0.7821282284408095,0.8865248226950354,0.02454867499683729,0.10439659425422587,4.25263661960068,0.21787177155919046
4320701,Sobradinho,RS,Sul,120,0.7821307420890687,0.6416666666666667,0.03764812861199111,-0.14046407542240202,-3.730970983180916,0.21786925791093126
2307106,Jardim,CE,Nordeste,349,0.7821625622141631,0.7077363896848138,0.022093387659513204,-0.07442617252934935,-3.368708035017081,0.21783743778583686
4102000,Assis Chateaubriand,PR,Sul,393,0.7822240578985264,0.806615776081425,0.020815448058457326,0.024391718182898536,1.1718084623688017,0.21777594210147355
5207808,Firminópolis,GO,Centro-Oeste,84,0.7822663591790322,0.7023809523809523,0.045014234345008716,-0.07988540679807987,-1.77466990076524,0.2177336408209678
4104303,Campo Mourão,PR,Sul,1062,0.7823469734712207,0.7721280602636534,0.012659653289202693,-0.010218913207567293,-0.8072032443639601,0.21765302652877927
5219258,Santa Fé de Goiás,GO,Centro-Oeste,67,0.7829117923122295,0.9253731343283582,0.05033610086427002,0.1424613420161287,2.8302021723985336,0.21708820768777048
3171907,Virgolândia,MG,Sudeste,31,0.7829460660541836,0.7096774193548387,0.07399695201403768,-0.07326864669934485,-0.9901576308905985,0.2170539339458164
4307401,Esmeralda,RS,Sul,37,0.7829558107779111,0.4864864864864865,0.06772433047623021,-0.2964693242914246,-4.377589593085442,0.2170441892220889
3500600,Águas de São Pedro,SP,Sudeste,42,0.783159362173445,0.8095238095238095,0.0634816260387603,0.026364447350364584,0.41530831825679937,0.21684063782655505
3204104,Pinheiros,ES,Sudeste,282,0.7833992740923561,0.8439716312056738,0.024516183355933124,0.060572357113317654,2.4707090917827808,0.2166007259076439
3121803,Dionísio,MG,Sudeste,61,0.7834356012733071,0.7213114754098361,0.052710018838286736,-0.06212412586347105,-1.1786018527913373,0.21656439872669286
4210902,Modelo,SC,Sul,41,0.7834923639995888,0.9512195121951219,0.064302610077329,0.16772714819553314,2.608403422408949,0.21650763600041123
4300208,Ajuricaba,RS,Sul,46,0.7835682977263179,0.7391304347826086,0.06064488878620033,-0.044437862943709217,-0.732755287924957,0.21643170227368214
2203602,Eliseu Martins,PI,Nordeste,41,0.7836858840587142,0.6585365853658537,0.06425416109211732,-0.1251492986928605,-1.9477228644140494,0.2163141159412858
4122156,Rio Bonito do Iguaçu,PR,Sul,230,0.7840985967314985,0.7434782608695653,0.027074242715557965,-0.040620335861933254,-1.5003313772684452,0.2159014032685015
4203105,Caibi,SC,Sul,64,0.7841761836081624,0.53125,0.05140054792450184,-0.25292618360816244,-4.920690417146243,0.21582381639183756
4312203,Maximiliano de Almeida,RS,Sul,37,0.7842316656977613,0.43243243243243246,0.06756255728551953,-0.3517992332653288,-5.20701476379327,0.21576833430223874
4109203,Guaraci,PR,Sul,44,0.7842422382647736,0.75,0.06200172525241632,-0.03424223826477357,-0.5522787974910277,0.21575776173522643
4102752,Bela Vista da Caroba,PR,Sul,41,0.7844236518036508,0.8780487804878049,0.06417711934989534,0.09362512868415407,1.4588552685530711,0.2155763481963492
3120607,Crucilândia,MG,Sudeste,52,0.7844886420221415,0.9038461538461539,0.05691429833882115,0.11935751182401233,2.0971445718869344,0.21551135797785848
4213104,Piratuba,SC,Sul,67,0.7846460981953802,0.835820895522388,0.05018535104995024,0.051174797327007804,1.0197158385137677,0.21535390180461977
5207352,Edealina,GO,Centro-Oeste,44,0.7846939955727295,0.9090909090909091,0.06194074235595882,0.12439691351817961,2.008321321099123,0.21530600442727055
4109302,Guaraniaçu,PR,Sul,183,0.7847897309710363,0.7103825136612022,0.03033379971994871,-0.07440721730983413,-2.452947471031827,0.21521026902896367
4302402,Bom Retiro do Sul,RS,Sul,131,0.7849417336280567,0.648854961832061,0.03577980140391986,-0.1360867717959957,-3.803452407678448,0.21505826637194325
2615706,Triunfo,PE,Nordeste,134,0.7850144999517396,0.8059701492537313,0.0354733851192889,0.020955649301991786,0.5907428690981342,0.21498550004826045
5222203,Vila Boa,GO,Centro-Oeste,61,0.7850224130871436,0.7868852459016393,0.05255295512624456,0.0018628328144957296,0.03544677573355803,0.2149775869128564
4104808,Cascavel,PR,Sul,3374,0.7850579396630836,0.7445168938944873,0.0070701312866474466,-0.040541045768596295,-5.734129130694017,0.21494206033691643
4322525,Vale Verde,RS,Sul,30,0.7850782489512763,0.4666666666666667,0.07498347522424123,-0.31841158228460964,-4.246423379716483,0.21492175104872369
4103701,Cambé,PR,Sul,1120,0.7853576655892176,0.7705357142857143,0.012260101665944042,-0.014821951303503278,-1.2089582702789088,0.2146423344107824
5213905,Mossâmedes,GO,Centro-Oeste,37,0.785521149980744,1.0,0.06741229871320667,0.21447885001925604,3.181598226337262,0.21447885001925604
4207577,Iomerê,SC,Sul,33,0.7856984468301055,0.9696969696969697,0.07139153217010166,0.18399852286686424,2.577315786254013,0.21430155316989452
4305405,Chiapetta,RS,Sul,32,0.7860270547690845,0.78125,0.07245556098897293,-0.004777054769084521,-0.06593082302974018,0.21397294523091548
4201273,Arabutã,SC,Sul,55,0.7861635430099159,0.9636363636363636,0.055251408225887616,0.17747282062644776,3.212095878187848,0.21383645699008413
4108403,Francisco Beltrão,PR,Sul,1041,0.7862004485756579,0.7617675312199808,0.01269896793031791,-0.024432917355677097,-1.9240081154426096,0.21379955142434215
4123808,Santa Izabel do Oeste,PR,Sul,116,0.7862653621079974,0.8275862068965517,0.03804083683884242,0.041320844788554356,1.0862233384509252,0.21373463789200264
4100459,Altamira do Paraná,PR,Sul,47,0.7864429932124881,0.7446808510638298,0.05968798844966216,-0.041762142148658365,-0.6996741427109485,0.21355700678751188
4120655,Quarto Centenário,PR,Sul,37,0.7865188974311934,0.5945945945945946,0.06731708864475612,-0.19192430283659878,-2.851048770831674,0.2134811025688066
4127601,Tijucas do Sul,PR,Sul,242,0.7866810455883297,0.6859504132231405,0.026320904948434858,-0.1007306323651892,-3.8270201029383313,0.21331895441167026
3162575,São João do Manteninha,MG,Sudeste,59,0.7869018877094406,0.7288135593220338,0.053275038935307155,-0.05808832838740674,-1.0903479293172258,0.21309811229055942
3136579,Josenópolis,MG,Sudeste,33,0.7869191036056711,0.9090909090909091,0.07115214467010332,0.12217180548523798,1.7170502175540476,0.21308089639432892
3125903,Ferros,MG,Sudeste,51,0.7873122723508187,0.8823529411764706,0.05487622197770354,0.09504066882565188,1.7319098400080701,0.2126877276491813
2616183,Vertente do Lério,PE,Nordeste,81,0.7875027352169214,0.8271604938271605,0.04541183005101096,0.039657758610239124,0.8732913552634125,0.21249726478307862
3106507,Berilo,MG,Sudeste,55,0.7875832072028611,0.8909090909090909,0.05512037109880877,0.10332588370622975,1.8745498560052831,0.21241679279713888
2503506,Cacimba de Dentro,PB,Nordeste,137,0.7876387688348113,0.6277372262773723,0.034828789217101405,-0.15990154255743905,-4.591073825756919,0.21236123116518868
4204707,Cunha Porã,SC,Sul,123,0.7877514456511655,0.7479674796747967,0.03683488617417467,-0.039783965976368796,-1.0800621396859849,0.2122485543488345
3204955,São Roque do Canaã,ES,Sudeste,103,0.7877569976759803,0.8932038834951457,0.04027870033570394,0.10544688581916539,2.6179316844961584,0.21224300232401971
5219506,Santa Rosa de Goiás,GO,Centro-Oeste,37,0.7877626365292887,1.0,0.06719490916153877,0.21223736347071132,3.1585333787785284,0.21223736347071132
2105963,Lagoa Grande do Maranhão,MA,Nordeste,106,0.7877631643934906,0.9716981132075472,0.0396594871149819,0.1839349488140566,4.6378549546237755,0.2122368356065094
5204607,Campestre de Goiás,GO,Centro-Oeste,47,0.7878860691196272,0.9361702127659575,0.05961243422266287,0.14828414364633025,2.4874700317128977,0.21211393088037278
4316956,Santa Maria do Herval,RS,Sul,37,0.7879625491176292,0.5945945945945946,0.06717160290043275,-0.19336795452303457,-2.878715799140008,0.2120374508823708
3165537,Sarzedo,MG,Sudeste,475,0.7882511736511926,0.8252631578947368,0.018735621817936653,0.03701198424354424,1.9754873685649763,0.21174882634880743
4202131,Bela Vista do Toldo,SC,Sul,65,0.7882741853392232,0.8153846153846154,0.05058297652187679,0.027110430045392153,0.5359595640574271,0.21172581466077678
2307700,Maranguape,CE,Nordeste,1097,0.7884152243757822,0.8167730173199635,0.012328901426110324,0.028357792944181393,2.300107038257671,0.21158477562421785
4215752,São Bernardino,SC,Sul,40,0.7884223345620505,0.7,0.06456771933871988,-0.08842233456205051,-1.3694511044782331,0.21157766543794954
4306403,Dois Irmãos,RS,Sul,341,0.7886205506041173,0.5777126099706745,0.022058409957012585,-0.21090794063344276,-9.561339237255089,0.2113794493958827
5215009,Nova Veneza,GO,Centro-Oeste,118,0.7886573909578206,0.7627118644067796,0.03753119999281501,-0.025945526551040987,-0.6913055419493117,0.21134260904217939
4215406,Salto Veloso,SC,Sul,51,0.7888697659963051,0.7254901960784313,0.057109512311485776,-0.06337956991787375,-1.1097900744133469,0.2111302340036949
4121752,Reserva do Iguaçu,PR,Sul,90,0.789000528617702,0.8222222222222222,0.04298962236019212,0.03322169360452021,0.7727840297402357,0.21099947138229802
3200169,Água Doce do Norte,ES,Sudeste,152,0.789093131258378,0.8157894736842105,0.03307888345047425,0.02669634242583252,0.8070508929299962,0.210906868741622
5219001,Sanclerlândia,GO,Centro-Oeste,88,0.789216867907102,0.9204545454545454,0.04344560121878324,0.13123767754744342,3.020735675553368,0.210783132092898
4123709,Santa Isabel do Ivaí,PR,Sul,107,0.7893891315536592,0.7476635514018691,0.03936284699923672,-0.041725580151790065,-1.0600244477387308,0.2106108684463408
4319406,São Pedro do Sul,RS,Sul,102,0.7894699584533148,0.5784313725490197,0.04027586362803424,-0.21103858590429514,-5.239827700613242,0.2105300415466852
5211305,Itarumã,GO,Centro-Oeste,72,0.7895163399454757,0.8333333333333334,0.0480342022692301,0.04381699338785772,0.9122040404098923,0.21048366005452435
4105904,Colorado,PR,Sul,204,0.7895767224554101,0.7843137254901961,0.02851949066537038,-0.00526299696521404,-0.1845403561713885,0.2104232775445899
4303558,Camargo,RS,Sul,36,0.7900763340579442,0.5555555555555556,0.06786946450244874,-0.23452077850238862,-3.4554682318721857,0.2099236659420558
5218391,Professor Jamil,GO,Centro-Oeste,44,0.7901632190444008,0.7727272727272727,0.06133573661243612,-0.01743594631712808,-0.2842705946013349,0.2098367809555992
3102100,Alto Rio Doce,MG,Sudeste,90,0.7905259248969082,0.8555555555555555,0.042795679183051626,0.06502963065864731,1.5195372967559069,0.2094740751030918
2201002,Arraial,PI,Nordeste,54,0.7905818202348267,0.9814814814814815,0.0553630141765023,0.1908996612466548,3.4481442906639694,0.2094181797651733
2109700,Sambaíba,MA,Nordeste,67,0.790637859485016,0.7761194029850746,0.04966822518046169,-0.014518456499941323,-0.29230874361205367,0.20936214051498403
4312757,Nova Alvorada,RS,Sul,34,0.7906878745651509,0.6470588235294118,0.06966829558301989,-0.14362905103573909,-2.061612815898219,0.20931212543484912
4305702,Condor,RS,Sul,61,0.7910538187069798,0.6065573770491803,0.05195317866300345,-0.18449644165779944,-3.5512060360068363,0.20894618129302023
4322327,Turuçu,RS,Sul,39,0.7913488549423616,0.6153846153846154,0.06496765554177,-0.1759642395577462,-2.708489910715842,0.20865114505763838
4313300,Nova Prata,RS,Sul,246,0.7915300956510269,0.6016260162601627,0.02587609520610667,-0.1899040793908643,-7.338977456925091,0.20846990434897306
3204005,Pancas,ES,Sudeste,146,0.7915304170238456,0.863013698630137,0.0336008639843714,0.07148328160629136,2.1274239150380185,0.20846958297615437
5210000,Inhumas,GO,Centro-Oeste,505,0.7915384594169698,0.8772277227722772,0.018072128652479195,0.08568926335530747,4.741514682807015,0.20846154058303024
2114007,Zé Doca,MA,Nordeste,408,0.7916764228625397,0.7303921568627451,0.020089358328539426,-0.06128426599979464,-3.050583547645359,0.2083235771374603
3138674,Luisburgo,MG,Sudeste,80,0.7916857043714548,0.875,0.045383466566362544,0.0833142956285452,1.8357851863677672,0.2083142956285452
2302909,Capistrano,CE,Nordeste,174,0.7918611457939805,0.8735632183908046,0.03077289168523081,0.08170207259682416,2.6550014679327774,0.20813885420601952
2108801,Pirapemas,MA,Nordeste,103,0.791874448449634,0.4174757281553398,0.039911494998075905,-0.37439872029429416,-9.380724032320602,0.20812555155036605
4219101,Vargeão,SC,Sul,40,0.7922312390969954,0.525,0.06400600238782655,-0.2672312390969954,-4.175096539817971,0.20776876090300456
3141009,Mato Verde,MG,Sudeste,135,0.7924101023303692,0.7185185185185186,0.034790869197926295,-0.07389158381185068,-2.123878635842044,0.20758989766963076
4115754,Mauá da Serra,PR,Sul,149,0.7924108361767193,0.8120805369127517,0.03319972952487694,0.01966970073603247,0.5924656922669728,0.20758916382328074
4107736,Fernandes Pinheiro,PR,Sul,79,0.7924724973949382,0.7974683544303798,0.045615169322838316,0.0049958570354415865,0.10952183472308832,0.2075275026050618
3123908,Entre Rios de Minas,MG,Sudeste,135,0.7926264449393313,0.8888888888888888,0.03487083968703788,0.09626244394955752,2.7605427576021353,0.20737355506066868
3150000,Pescador,MG,Sudeste,58,0.792680106721589,0.7758620689655172,0.05319642035768621,-0.016818037756071713,-0.31614980186616487,0.20731989327841105
4115408,Marmeleiro,PR,Sul,171,0.7927833168398132,0.847953216374269,0.03099115223100879,0.055169899534455835,1.7801822637383111,0.20721668316018682
4104501,Capanema,PR,Sul,200,0.7930519873634541,0.8,0.0286242132519708,0.006948012636545986,0.2427320036845942,0.20694801263654594
4310801,Ivoti,RS,Sul,226,0.7931407347801612,0.5707964601769911,0.02691595640361953,-0.22234427460317008,-8.260686385019937,0.20685926521983877
4127858,Três Barras do Paraná,PR,Sul,128,0.7931661723317713,0.75,0.035789702055929566,-0.043166172331771335,-1.2061059425505793,0.20683382766822866
3153004,Pratinha,MG,Sudeste,49,0.7943089488522568,0.5306122448979592,0.057673222625964915,-0.26369670395429756,-4.572255406369114,0.20569105114774322
3100302,Abre Campo,MG,Sudeste,102,0.7943701836047138,0.8431372549019608,0.03998897149462836,0.048767071297247,1.2195130175778037,0.2056298163952862
4117206,Nova Olímpia,PR,Sul,71,0.7944169535153962,0.9154929577464789,0.04794946374685468,0.12107600423108267,2.5250752515250983,0.2055830464846038
4117214,Nova Santa Bárbara,PR,Sul,54,0.7944228425863019,0.7962962962962963,0.05498970664065166,0.001873453709994366,0.03406917084022772,0.2055771574136981
5219357,Santa Isabel,GO,Centro-Oeste,36,0.7944262366307359,0.7777777777777778,0.06731729340741278,-0.01664845885295807,-0.24731325355283507,0.20557376336926414
5205059,Castelândia,GO,Centro-Oeste,46,0.7945743644290532,0.9130434782608695,0.05951502044456034,0.11846911383181635,1.9905750337794668,0.20542563557094684
5213103,Mineiros,GO,Centro-Oeste,919,0.7946072177056283,0.8411316648531012,0.013322726492906152,0.04652444714747295,3.4921115563128504,0.20539278229437175
5208608,Goianésia,GO,Centro-Oeste,887,0.7949989514564226,0.826381059751973,0.013545868802226,0.031382108295550326,2.3167290894175268,0.20500104854357737
2107258,Nova Colinas,MA,Nordeste,70,0.7950996417215811,0.7714285714285715,0.04807442503360933,-0.023671070293009633,-0.49238384601502655,0.2049003582784189
4208401,Itapiranga,SC,Sul,231,0.7951176199888548,0.8225108225108225,0.026325202529158268,0.027393202521967752,1.0405694881787346,0.20488238001114523
2302107,Baturité,CE,Nordeste,324,0.7952426374576267,0.8672839506172839,0.022413498501194066,0.07204131315965723,3.214193141504405,0.2047573625423733
2104073,Feira Nova do Maranhão,MA,Nordeste,109,0.7952982880113082,0.6513761467889908,0.038607549220901705,-0.1439221412223174,-3.727823809764115,0.2047017119886918
4308078,Fazenda Vilanova,RS,Sul,54,0.7953193580493946,0.6481481481481481,0.05489245077722611,-0.14717120990124644,-2.681082877835455,0.20468064195060542
4104402,Cândido de Abreu,PR,Sul,153,0.7953243314685808,0.8562091503267973,0.03260777408517912,0.060884818858216505,1.8671872142873396,0.20467566853141916
4315107,Porto Xavier,RS,Sul,69,0.7954130639954025,0.5797101449275363,0.04840932825922475,-0.2157029190678662,-4.455813100995932,0.20458693600459754
4106506,Coronel Vivida,PR,Sul,301,0.7954185412935408,0.7475083056478405,0.023243471000002153,-0.047910235645700294,-2.0612341265939094,0.20458145870645916
3201902,Domingos Martins,ES,Sudeste,382,0.7954632370387925,0.8219895287958116,0.020631184175428623,0.026526291757019038,1.285737722636948,0.20453676296120749
4309902,Ibiraiaras,RS,Sul,53,0.7955190544096287,0.49056603773584906,0.055322058658599786,-0.3049530166737796,-5.512322282792974,0.20448094559037133
4111209,Itapejara d'Oeste,PR,Sul,190,0.7957143980263558,0.7526315789473684,0.029214564990144926,-0.04308281907898737,-1.474703425963066,0.2042856019736442
4116802,Nova Cantu,PR,Sul,99,0.7959204838085244,0.8787878787878788,0.04048031134469291,0.08286739497935436,2.0471036962569835,0.20407951619147557
2303907,Chaval,CE,Nordeste,153,0.7960844099159207,0.9150326797385621,0.03253655362790277,0.1189482698226414,3.6558349474553284,0.20391559008407933
4105409,Chopinzinho,PR,Sul,232,0.7961417603282991,0.7112068965517241,0.02643960258562441,-0.084934863776575,-3.2124107577454777,0.2038582396717009
4304507,Canguçu,RS,Sul,338,0.7963520330165252,0.5680473372781065,0.021862257604531976,-0.22830469573841872,-10.442869161467199,0.20364796698347476
2207777,Patos do Piauí,PI,Nordeste,46,0.7966310301369675,0.6304347826086957,0.05926803881451713,-0.16619624752827178,-2.8041462287691497,0.20336896986303254
2301851,Banabuiú,CE,Nordeste,239,0.7967615449044998,0.7615062761506276,0.02600613009781495,-0.03525526875387219,-1.3556522489608849,0.2032384550955002
4318424,São João da Urtiga,RS,Sul,53,0.796763977624946,0.7358490566037735,0.05518604101756596,-0.06091492102117246,-1.1038103095995413,0.203236022375054
4206405,Guaraciaba,SC,Sul,85,0.7967651494606128,0.8352941176470589,0.0436164148728056,0.03852896818644602,0.8833593567652084,0.20323485053938717
3110400,Camacho,MG,Sudeste,30,0.7968681103271332,0.8666666666666667,0.07337964710449234,0.06979855633953347,0.9511977652351011,0.20313188967286677
4110102,Imbituva,PR,Sul,468,0.7970421027908406,0.782051282051282,0.01858509721519128,-0.014990820739558597,-0.8066043758600974,0.20295789720915935
4126306,Sengés,PR,Sul,226,0.7970535021379194,0.8230088495575221,0.026729942932246852,0.025955347419602703,0.9710214303634116,0.20294649786208063
5211800,Jaraguá,GO,Centro-Oeste,460,0.7971569882681072,0.8434782608695652,0.018738498542540047,0.04632127260145802,2.471984214546309,0.20284301173189279
4115358,Maripá,PR,Sul,108,0.7972819851545777,0.7685185185185185,0.03867810440887819,-0.02876346663605922,-0.7436627796437935,0.2027180148454223
4122800,Salgado Filho,PR,Sul,58,0.7978173304713142,0.9310344827586207,0.0527067059685954,0.13321715228730646,2.527518080273925,0.2021826695286858
5203203,Barro Alto,GO,Centro-Oeste,145,0.7982077097547716,0.7862068965517242,0.0332843497828523,-0.012000813203047467,-0.36055423288545485,0.20179229024522838
4107009,Curiúva,PR,Sul,159,0.7982692236528214,0.6855345911949685,0.03181354735308359,-0.11273463245785287,-3.543604591046206,0.20173077634717862
4308904,Getúlio Vargas,RS,Sul,162,0.7982745742332955,0.5925925925925926,0.0314710417299557,-0.20568198164070295,-6.535594957599533,0.2017254257667045
5200852,Americano do Brasil,GO,Centro-Oeste,52,0.7983383808694178,0.7884615384615384,0.05557807449985198,-0.009876842407879338,-0.17771112973526357,0.20166161913058223
5214101,Mutunópolis,GO,Centro-Oeste,52,0.7985259706042247,1.0,0.055583126785517786,0.2014740293957753,3.6247336385593454,0.2014740293957753
4217303,Saudades,SC,Sul,140,0.7986371276295611,0.8285714285714286,0.03386452589455539,0.029934300941867553,0.8839427144225952,0.20136287237043893
2201919,Bom Princípio do Piauí,PI,Nordeste,37,0.7986457131607075,0.7567567567567568,0.06588408715742158,-0.04188895640395074,-0.6357977807882872,0.20135428683929246
4101408,Apucarana,PR,Sul,1191,0.7987148274294414,0.7875734676742233,0.01161629367082261,-0.011141359755218128,-0.9591148494465661,0.20128517257055856
5103809,Figueirópolis D'Oeste,MT,Centro-Oeste,36,0.7988228988887027,0.5833333333333334,0.06671798934877968,-0.21548956555536936,-3.229857009462034,0.20117710111129727
4105508,Cianorte,PR,Sul,896,0.7989126668280101,0.7522321428571429,0.013386743344075245,-0.046680523970867194,-3.4870709605056582,0.2010873331719899
2202729,Cocal dos Alves,PI,Nordeste,81,0.7989141913853794,0.8765432098765432,0.04444895140121415,0.07762901849116377,1.7464758120040438,0.20108580861462055
2312601,São Luís do Curu,CE,Nordeste,111,0.7989401591438453,0.6576576576576577,0.03802741112847026,-0.1412825014861876,-3.7152805645612985,0.2010598408561547
3200409,Anchieta,ES,Sudeste,385,0.7989528089550729,0.8831168831168831,0.0204148527478047,0.08416407416181015,4.122688280024978,0.20104719104492708
4318903,São Luiz Gonzaga,RS,Sul,368,0.7990226136763574,0.49728260869565216,0.020865759341294584,-0.30174000498070525,-14.46101241968912,0.2009773863236426
2509305,Mataraca,PB,Nordeste,178,0.7990969937324324,0.5168539325842697,0.030003585544300663,-0.28224306114816267,-9.406977733758763,0.20090300626756763
4120606,Prudentópolis,PR,Sul,486,0.7992220471551378,0.8251028806584362,0.018159418527873342,0.025880833503298395,1.4252016640055551,0.20077795284486222
4319356,São Pedro da Serra,RS,Sul,54,0.7996656312592211,0.5925925925925926,0.05445678961677166,-0.20707303866662852,-3.802520128782141,0.20033436874077892
2509602,Monte Horebe,PB,Nordeste,45,0.7998758004816662,0.9333333333333333,0.059567453710770844,0.13345753285166717,2.2404438084540064,0.20012419951833382
4103503,Califórnia,PR,Sul,143,0.8002967465653186,0.6923076923076923,0.033420360543571496,-0.10798905425762628,-3.23123546548328,0.19970325343468143
3126752,Franciscópolis,MG,Sudeste,46,0.8003466825345681,0.717391304347826,0.058498541928107856,-0.08295537818674203,-1.418075997324695,0.1996533174654319
5220686,Simolândia,GO,Centro-Oeste,64,0.8004682502420998,0.78125,0.04993651637234421,-0.019218250242099777,-0.38485364294941504,0.19953174975790022
4113205,Lapa,PR,Sul,505,0.8005222825164392,0.7504950495049505,0.017767706100343915,-0.0500272330114887,-2.815626999284976,0.1994777174835608
4316501,Salvador do Sul,RS,Sul,61,0.8005497239655405,0.7049180327868853,0.05114104441696151,-0.09563169117865522,-1.869959682460804,0.19945027603445953
4103354,Braganey,PR,Sul,48,0.8005630248035324,0.8541666666666666,0.05764125252106924,0.053603641863134266,0.929952759849222,0.19943697519646764
4301206,Arroio do Tigre,RS,Sul,70,0.8007578093838893,0.6571428571428571,0.047646217027127125,-0.14361495224103216,-3.0141942257297307,0.1992421906161107
4113908,Mallet,PR,Sul,169,0.8009152846810306,0.8757396449704142,0.030706778546032973,0.07482436028938366,2.436737548916549,0.19908471531896943
5202601,Aurilândia,GO,Centro-Oeste,32,0.8009579305381552,0.9375,0.07048785843331938,0.13654206946184477,1.9371005517356132,0.19904206946184477
3202009,Dores do Rio Preto,ES,Sudeste,103,0.8013120767908869,0.8155339805825242,0.03927384827281308,0.014221903791637347,0.36212147311987036,0.1986879232091131
4321956,Trindade do Sul,RS,Sul,77,0.801524049284091,0.5584415584415584,0.045418271615871884,-0.24308249084253264,-5.352085893941965,0.19847595071590896
4309704,Humaitá,RS,Sul,49,0.8019287788559598,0.6122448979591837,0.05690571180707289,-0.18968388089677612,-3.333301260510725,0.1980712211440402
3120870,Curral de Dentro,MG,Sudeste,102,0.802518337814341,0.803921568627451,0.03938958570917165,0.0014032308131100013,0.03562441157595792,0.197481662185659
5211206,Itapuranga,GO,Centro-Oeste,258,0.8026134997577152,0.8565891472868217,0.024774324938359488,0.05397564752910644,2.178692967957843,0.19738650024228477
3143500,Morada Nova de Minas,MG,Sudeste,76,0.8027730454241018,0.6447368421052632,0.04560483431933776,-0.1580362033188386,-3.4653388325506254,0.19722695457589823
5215652,Palestina de Goiás,GO,Centro-Oeste,43,0.8031991304771317,0.7441860465116279,0.06059565796442668,-0.059013083965503754,-0.9738830462101428,0.19680086952286835
4103909,Campina da Lagoa,PR,Sul,227,0.8032787810466281,0.7797356828193832,0.02637146440609078,-0.023543098227244874,-0.8927489905265684,0.1967212189533719
4322103,Tucunduva,RS,Sul,47,0.8034813360892858,0.5106382978723404,0.0572831340699212,-0.29284303821694546,-5.1122034953516,0.19651866391071415
4212007,Palma Sola,SC,Sul,89,0.8034894983896677,0.8089887640449438,0.04211443116452668,0.005499265655276142,0.13057912699312957,0.19651050161033234
4320206,Seberi,RS,Sul,129,0.8035961952974132,0.6666666666666666,0.03488764172968665,-0.1369295286307466,-3.924872013181398,0.19640380470258678
5202502,Aruanã,GO,Centro-Oeste,81,0.8035977669399943,0.9012345679012346,0.04413263861199409,0.09763680096124028,2.2123490466918323,0.1964022330600057
3162948,São José da Barra,MG,Sudeste,91,0.8038673771939802,0.7252747252747253,0.04159744324313483,-0.07859265191925491,-1.8893625615373777,0.19613262280601984
3156601,Rubim,MG,Sudeste,61,0.804038194610383,0.639344262295082,0.05081174256377499,-0.16469393231530094,-3.2412573158377667,0.19596180538961705
2104305,Godofredo Viana,MA,Nordeste,158,0.8045116149517751,0.879746835443038,0.03151794848395277,0.07523522049126286,2.3870595679654896,0.19548838504822486
4125803,São Pedro do Ivaí,PR,Sul,72,0.8045223838033321,0.8611111111111112,0.046730877602383605,0.056588727307779085,1.2109493810339367,0.19547761619666792
4306809,Encantado,RS,Sul,188,0.8046511898088302,0.5797872340425532,0.028819074627501752,-0.22486395576627705,-7.802608469311907,0.19534881019116979
4304309,Cândido Godói,RS,Sul,53,0.8047983675134823,0.5660377358490566,0.054050300000188456,-0.23876063166442574,-4.417378472711405,0.19520163248651767
4300901,Aratiba,RS,Sul,60,0.8048856830860648,0.4,0.051087405700637765,-0.40488568308606476,-7.925352198516713,0.19511431691393522
5218904,Rubiataba,GO,Centro-Oeste,206,0.8050231490844652,0.8786407766990292,0.02756261639434804,0.07361762761456403,2.6709230561166892,0.19497685091553485
4207650,Iporã do Oeste,SC,Sul,87,0.8051898043520236,0.896551724137931,0.04239384983415347,0.09136191978590746,2.155074855039567,0.19481019564797641
4119707,Planaltina do Paraná,PR,Sul,45,0.8053094466839953,0.8,0.05901950065932879,-0.005309446683995245,-0.08996088792147411,0.1946905533160047
4206603,Guarujá do Sul,SC,Sul,93,0.8055596784102199,0.6021505376344086,0.041002415282919,-0.2034091407758113,-4.9609063117935035,0.19444032158978009
2502706,Borborema,PB,Nordeste,41,0.8060442225031119,0.6829268292682927,0.06164630630191484,-0.12311739323481918,-1.997157666379031,0.19395577749688808
4122503,Roncador,PR,Sul,141,0.8063334781931383,0.7588652482269503,0.03327135558850487,-0.047468229966187936,-1.4266996077126484,0.19366652180686172
5210208,Iporá,GO,Centro-Oeste,364,0.8069729443706517,0.8324175824175825,0.020653595829776387,0.025444638046930756,1.2319713359669362,0.1930270556293483
4110706,Irati,PR,Sul,677,0.8070420805570137,0.8818316100443131,0.015164204176829786,0.07478952948729944,4.931978534130689,0.19295791944298635
4123956,Santa Mônica,PR,Sul,45,0.807049638492588,0.8,0.05875900573362166,-0.007049638492587995,-0.11997545575476307,0.19295036150741196
2701100,Branquinha,AL,Nordeste,118,0.8071460828785076,0.7966101694915254,0.03621714576813272,-0.010535913386982232,-0.29090954473427133,0.19285391712149236
5212907,Marzagão,GO,Centro-Oeste,48,0.8071739634707003,0.8333333333333334,0.05688529119048571,0.02615936986263312,0.459861755388331,0.19282603652929975
3147956,Patis,MG,Sudeste,60,0.8074487762154278,0.85,0.05077387001606226,0.04255122378457221,0.8380535848677908,0.19255122378457223
4115200,Maringá,PR,Sul,3319,0.8075722827161178,0.7869840313347394,0.006838928838170756,-0.02058825138137843,-3.0104497164040205,0.1924277172838822
2302206,Beberibe,CE,Nordeste,676,0.8075892829503303,0.8165680473372781,0.015158678084264299,0.00897876438694778,0.5923184288917861,0.19241071704966972
4118105,Paranacity,PR,Sul,131,0.8077859940009708,0.8015267175572519,0.03441321580236249,-0.006259276443718931,-0.18188583361887461,0.19221400599902916
3151909,Pocrane,MG,Sudeste,86,0.8082047475802947,0.8837209302325582,0.041611121891174135,0.07551618265226345,1.814807657668098,0.1917952524197053
2604155,Casinhas,PE,Nordeste,73,0.8082557251850926,0.8493150684931506,0.04604240645425723,0.04105934330805805,0.891772313179377,0.1917442748149074
5215256,Novo Planalto,GO,Centro-Oeste,56,0.808397480261884,0.9464285714285714,0.05248784839957412,0.13803109116668744,2.629772325889575,0.19160251973811604
2609105,Machados,PE,Nordeste,123,0.8085943634921645,0.967479674796748,0.035427997769560765,0.1588853113045835,4.484738661722947,0.19140563650783549
2312502,São João do Jaguaribe,CE,Nordeste,55,0.8086588865806275,0.9636363636363636,0.05301247949661945,0.15497747705573617,2.923414986948855,0.19134111341937254
4115002,Marilena,PR,Sul,86,0.8086699766145616,0.7558139534883721,0.04239407239859761,-0.05285602312618953,-1.2467786210587781,0.19133002338543836
4107603,Faxinal,PR,Sul,212,0.808828388348666,0.7216981132075472,0.027002709387027035,-0.08713027514111882,-3.226723433278106,0.191171611651334
3162609,São João do Oriente,MG,Sudeste,76,0.8089172585040864,0.6842105263157895,0.04508922037243459,-0.12470673218829686,-2.765777078384275,0.19108274149591364
4103404,Cafeara,PR,Sul,33,0.8093559979990611,0.6363636363636364,0.06834743412112733,-0.17299236163542475,-2.531073241591522,0.1906440020009389
3204500,Santa Leopoldina,ES,Sudeste,99,0.809403332017739,0.7373737373737373,0.039455787040601646,-0.0720295946440016,-1.8255774386119876,0.19059666798226105
4121257,Ramilândia,PR,Sul,62,0.8097076919137175,0.7741935483870968,0.04984607916676068,-0.035514143526620745,-0.7124761690444645,0.1902923080862825
4317905,Santo Cristo,RS,Sul,139,0.8098011445748932,0.5971223021582733,0.033248401591715715,-0.21267884241661983,-6.396663666069638,0.19019885542510684
5214861,Nova Glória,GO,Centro-Oeste,49,0.8099085014784498,0.8775510204081632,0.05602439510544444,0.0676425189297134,1.2073761582325395,0.19009149852155016
2104099,Formosa da Serra Negra,MA,Nordeste,198,0.8099973138886238,0.8434343434343434,0.02769522321221013,0.03343702954571959,1.2073211791619733,0.19000268611137616
1101476,Primavera de Rondônia,RO,Norte,59,0.810034051978592,0.576271186440678,0.051030610098913604,-0.23376286553791403,-4.580836189981014,0.18996594802140798
2513109,Salgado de São Félix,PB,Nordeste,37,0.8105291913724275,0.40540540540540543,0.06423914957951114,-0.4051237859670221,-6.30649360427142,0.18947080862757248
4122305,Rio Negro,PR,Sul,371,0.8105630876481688,0.8867924528301887,0.020340966423638366,0.07622936518201995,3.7475783399078484,0.18943691235183124
2307650,Maracanaú,CE,Nordeste,3110,0.8107449772668482,0.8463022508038586,0.00702180011186215,0.035557273537010325,5.063840179235848,0.18925502273315176
4102901,Bituruna,PR,Sul,229,0.8112466812206925,0.7030567685589519,0.025843306932841686,-0.1081899126617406,-4.186380363120357,0.18875331877930746
4111704,Jaboti,PR,Sul,84,0.811277054245146,0.7380952380952381,0.04266627390808521,-0.07318181614990782,-1.7152146050428827,0.18872294575485404
2605400,Feira Nova,PE,Nordeste,219,0.8119741583085299,0.8356164383561644,0.02639294171440655,0.023642280047634467,0.8957804061200711,0.18802584169147007
4322541,Vale Real,RS,Sul,64,0.8120053070681849,0.40625,0.04880494215817825,-0.40575530706818486,-8.313815960545963,0.18799469293181514
5203807,Britânia,GO,Centro-Oeste,83,0.8121482967732713,0.927710843373494,0.04284382078998531,0.1155625466002227,2.697297870950746,0.18785170322672873
3142908,Monte Azul,MG,Sudeste,138,0.8123651433675618,0.6739130434782609,0.03309141927842332,-0.13845209988930096,-4.183927522854126,0.18763485663243817
4218756,Tunápolis,SC,Sul,50,0.8125620892914495,0.78,0.05512075457201426,-0.032562089291449436,-0.5907409930121268,0.18743791070855054
4113452,Lindoeste,PR,Sul,75,0.812722530407644,0.7333333333333333,0.045020098059829664,-0.07938919707431069,-1.763416795956465,0.18727746959235603
2515906,Serraria,PB,Nordeste,55,0.8127332984751445,0.7454545454545455,0.05254472494870682,-0.06727875302059905,-1.2804092720301667,0.18726670152485547
4205100,Dona Emma,SC,Sul,54,0.812913649717941,0.8888888888888888,0.05304507913739992,0.07597523917094784,1.4322768559577999,0.187086350282059
2302404,Boa Viagem,CE,Nordeste,396,0.8130526329400526,0.9040404040404041,0.019567180245076032,0.0909877711003515,4.650019571585847,0.1869473670599474
4316451,Salto do Jacuí,RS,Sul,75,0.8132199904382732,0.5866666666666667,0.04492137505245673,-0.22655332377160653,-5.04333011861391,0.1867800095617268
2514206,São José da Lagoa Tapada,PB,Nordeste,84,0.8133072208336594,0.5952380952380952,0.04222163041428233,-0.21806912559556413,-5.164867473279711,0.18669277916634064
4320305,Selbach,RS,Sul,52,0.8134994564534723,0.6730769230769231,0.0539632008650392,-0.1404225333765492,-2.6021905877626295,0.18650054354652768
4305009,Catuípe,RS,Sul,63,0.8138756374002591,0.7142857142857143,0.04870039449678256,-0.09958992311454484,-2.044951055193698,0.18612436259974086
4121901,Ribeirão do Pinhal,PR,Sul,156,0.8140255953286181,0.8461538461538461,0.03112453249929124,0.03212825082522808,1.0322484627185868,0.18597440467138193
4117297,Novo Itacolomi,PR,Sul,35,0.8142867011245418,0.9714285714285714,0.06570330024218117,0.1571418703040296,2.3916891499332227,0.18571329887545818
4124400,Santo Antônio do Sudoeste,PR,Sul,244,0.8145360711608042,0.8155737704918032,0.024871693349940816,0.0010376993309990645,0.041722102166458795,0.18546392883919582
4210506,Maravilha,SC,Sul,350,0.814618859589738,0.7628571428571429,0.020711692720267415,-0.05176171673259511,-2.499154339130558,0.185381140410262
4308607,Garibaldi,RS,Sul,303,0.8147060715687472,0.5841584158415841,0.022280701908126605,-0.23054765572716307,-10.347414398245403,0.1852939284312528
4118600,Paula Freitas,PR,Sul,57,0.8148846281110065,0.7543859649122807,0.05140386521940922,-0.060498663198725766,-1.1769282901294844,0.18511537188899352
4117255,Nova Prata do Iguaçu,PR,Sul,132,0.8150159941866292,0.7272727272727273,0.033785254207246256,-0.08774326691390189,-2.5970876636199094,0.18498400581337082
4112751,Jesuítas,PR,Sul,62,0.8156936977108036,0.9032258064516129,0.04921210849883545,0.0875321087408093,1.7786701568147736,0.18430630228919642
4311601,Liberato Salzano,RS,Sul,34,0.8158285408061755,0.6176470588235294,0.06633554372694868,-0.19818148198264607,-2.9875609793507314,0.1841714591938245
4300505,Alpestre,RS,Sul,61,0.8158619317978472,0.6721311475409836,0.04959909845792093,-0.1437307842568636,-2.8978507417589947,0.18413806820215284
4209201,Lacerdópolis,SC,Sul,36,0.8159360246663213,0.75,0.06455405668960396,-0.06593602466632131,-1.0214079183801306,0.1840639753336787
2610202,Panelas,PE,Nordeste,237,0.8163869757883605,0.9451476793248945,0.02510808067487306,0.12876070353653402,5.1282575201134915,0.1836130242116395
5218052,Porteirão,GO,Centro-Oeste,73,0.8163891083463342,0.7534246575342466,0.04528889962867929,-0.06296445081208757,-1.3902844036470077,0.18361089165366584
3202900,Itarana,ES,Sudeste,81,0.8170527450748184,0.8148148148148148,0.04294780345094845,-0.002237930260003629,-0.052108142446903344,0.1829472549251816
2708303,São José da Laje,AL,Nordeste,171,0.8171118748008352,0.9532163742690059,0.02948966590323651,0.1361044994681706,4.615328634605963,0.18288812519916475
4110805,Iretama,PR,Sul,153,0.8173196756476236,0.803921568627451,0.031190295816867213,-0.013398107020172634,-0.42956011378792863,0.18268032435237636
4320263,Segredo,RS,Sul,51,0.8173882575906907,0.7647058823529411,0.05405582561716435,-0.052682375237749546,-0.9745920007005,0.18261174240930933
4316477,Salvador das Missões,RS,Sul,36,0.8175337911137925,0.6111111111111112,0.06389306987419197,-0.20642268000268138,-3.2307522616949846,0.18246620888620746
4322905,Viadutos,RS,Sul,36,0.8177712646395419,0.8333333333333334,0.06432303592653153,0.015562068693791509,0.24193616594164163,0.18222873536045814
4215075,Riqueza,SC,Sul,39,0.8180350670429017,0.717948717948718,0.0617129724230497,-0.10008634909418379,-1.6218040577932316,0.18196493295709826
2209559,São Braz do Piauí,PI,Nordeste,66,0.8181134634509306,0.6666666666666666,0.04730822737893258,-0.15144679678426398,-3.2012781956761005,0.1818865365490694
5216452,Perolândia,GO,Centro-Oeste,45,0.8181498796228487,0.7777777777777778,0.057451265476710145,-0.040372101845070896,-0.7027191047939079,0.18185012037715131
3141207,Matutina,MG,Sudeste,37,0.8181621432344901,0.918918918918919,0.06336903997824736,0.10075677568442887,1.5900000334392879,0.1818378567655099
4309407,Guaporé,RS,Sul,240,0.8182827411698679,0.49583333333333335,0.024884063913678724,-0.32244940783653453,-12.958068623963173,0.18171725883013212
2204808,Ipiranga do Piauí,PI,Nordeste,72,0.8183127223268186,0.9583333333333334,0.04542448462776171,0.14002061100651475,3.0824920118287813,0.18168727767318138
4304697,Capitão,RS,Sul,33,0.8183569819079196,0.5757575757575758,0.06708389750336857,-0.2425994061503438,-3.6163582495808604,0.1816430180920804
4315149,Presidente Lucena,RS,Sul,45,0.8188571577322187,0.5777777777777777,0.05734205054617376,-0.24107937995444095,-4.204233675953316,0.18114284226778132
4304713,Caraá,RS,Sul,48,0.8191502160800433,0.625,0.055517407711027277,-0.19415021608004335,-3.497105215910141,0.18084978391995665
4301008,Arroio do Meio,RS,Sul,165,0.8192300369498579,0.6303030303030303,0.029942344048595387,-0.1889270066468276,-6.309693267173927,0.18076996305014215
2305357,Icapuí,CE,Nordeste,292,0.8193976500037564,0.7636986301369864,0.022488586116582727,-0.05569901986677006,-2.4767684183443834,0.18060234999624358
4125308,São Jorge do Ivaí,PR,Sul,55,0.8197234461496845,0.7090909090909091,0.051806776213026456,-0.1106325370587754,-2.13548391051898,0.1802765538503155
4308201,Flores da Cunha,RS,Sul,279,0.8200557272791931,0.5949820788530465,0.02295121752581721,-0.22507364842614652,-9.806610397595126,0.17994427272080693
4323408,Vila Maria,RS,Sul,33,0.8202243072623407,0.5757575757575758,0.06672120336598807,-0.24446673150476494,-3.6640036326051155,0.17977569273765925
4119004,Pérola d'Oeste,PR,Sul,61,0.8205390226107108,0.8852459016393442,0.04908299478014494,0.06470687902863348,1.3183156267964464,0.17946097738928923
4103958,Campina do Simão,PR,Sul,78,0.8209937586749272,0.8461538461538461,0.04335934316116736,0.025160087478918958,0.5802691102906822,0.1790062413250728
4113734,Luiziana,PR,Sul,92,0.821141440589374,0.8695652173913043,0.03994947936951683,0.04842377680193033,1.2121253534753134,0.178858559410626
5219738,Santo Antônio de Goiás,GO,Centro-Oeste,101,0.8211912208403095,0.8316831683168316,0.03811178674231611,0.010491947476522157,0.2752940329841,0.1788087791596905
4123204,Santa Cecília do Pavão,PR,Sul,35,0.8213442569716323,0.8,0.06472788866861934,-0.021344256971632225,-0.32975364113768957,0.17865574302836773
4309555,Harmonia,RS,Sul,74,0.8216738573758348,0.6756756756756757,0.044399232041204835,-0.1459981817001591,-3.2883042113130485,0.17832614262416524
3152303,Porto Firme,MG,Sudeste,57,0.8219953757799723,0.9649122807017544,0.05064560267890809,0.1429169049217821,2.8219015543732766,0.17800462422002772
4321667,Três Cachoeiras,RS,Sul,114,0.8223977223302603,0.5350877192982456,0.03574806464125345,-0.2873100030320147,-8.037078536007163,0.17760227766973968
4301404,Arvorezinha,RS,Sul,80,0.8224289337949416,0.7625,0.04261400538328222,-0.059928933794941686,-1.4063201347989747,0.17757106620505836
4321469,Tio Hugo,RS,Sul,33,0.8227134090065324,0.696969696969697,0.06639014279794776,-0.12574371203683543,-1.894011772493467,0.17728659099346755
4122107,Rio Bom,PR,Sul,36,0.822751743691128,0.6944444444444444,0.06360611740252606,-0.1283072992466836,-2.0172163384018784,0.17724825630887198
4111407,Ivaí,PR,Sul,173,0.8228182174231157,0.8265895953757225,0.029021210416577854,0.003771377952606847,0.12995246919310138,0.17718178257688433
4305959,Cotiporã,RS,Sul,34,0.8228500160007873,0.4411764705882353,0.06545255889435882,-0.38167354541255205,-5.831300591754977,0.17714998399921267
2301406,Aratuba,CE,Nordeste,176,0.8232069631594108,0.8068181818181818,0.028743034357657984,-0.01638878134122901,-0.5701827140899116,0.17679303684058922
4318481,São José do Hortêncio,RS,Sul,32,0.8238516157377695,0.4375,0.06728817660365079,-0.38635161573776955,-5.741745953579721,0.17614838426223045
5210562,Itaguari,GO,Centro-Oeste,76,0.8240444622632805,0.7763157894736842,0.0436589206590131,-0.04772867278959636,-1.0932169661812996,0.17595553773671946
4112801,Joaquim Távora,PR,Sul,165,0.824643080582223,0.8545454545454545,0.029565670590673974,0.029902373963231477,1.0113883218554058,0.17535691941777698
4107405,Enéas Marques,PR,Sul,66,0.8247798725995562,0.8636363636363636,0.04677394483453675,0.03885649103680744,0.830729398049761,0.1752201274004438
5220603,Silvânia,GO,Centro-Oeste,200,0.8248192883774504,0.91,0.026865235307633784,0.08518071162254959,3.1706668728989467,0.17518071162254956
2302701,Campos Sales,CE,Nordeste,204,0.8248465410207768,0.8284313725490197,0.026590532362804675,0.003584831528242849,0.13481608714451226,0.1751534589792232
4125209,São Jorge d'Oeste,PR,Sul,99,0.8249692826273165,0.8484848484848485,0.03814795543730936,0.023515565857532006,0.6164305685052095,0.1750307173726835
4126009,São Sebastião da Amoreira,PR,Sul,68,0.8250756384603082,0.8823529411764706,0.04605696032364215,0.05727730271616238,1.2436188214262278,0.17492436153969182
4126603,Siqueira Campos,PR,Sul,266,0.8250980412297136,0.8308270676691729,0.02327381869539145,0.005729026439459273,0.24615756075274842,0.17490195877028636
4106803,Cruz Machado,PR,Sul,183,0.8254010764751615,0.8469945355191257,0.02804065024744733,0.021593459043964258,0.7700769723030945,0.17459892352483852
4125605,São Mateus do Sul,PR,Sul,507,0.8255254945883526,0.7080867850098619,0.01685094301079474,-0.11743870957849067,-6.969266319591684,0.17447450541164744
5206305,Cristianópolis,GO,Centro-Oeste,50,0.8255256178704868,0.82,0.0536215205530084,-0.0055256178704868875,-0.10304851137193043,0.17447438212951316
3160959,São Domingos das Dores,MG,Sudeste,94,0.8257490847979958,0.9361702127659575,0.03911566611924104,0.11042112796796166,2.822938707763573,0.1742509152020042
4106555,Corumbataí do Sul,PR,Sul,58,0.8258069008848297,0.8793103448275862,0.04977195201301568,0.05350344394275652,1.0749717818735547,0.17419309911517034
3204609,Santa Teresa,ES,Sudeste,235,0.8260928345805746,0.825531914893617,0.024697051304551805,-0.000560919686957595,-0.022712010435602663,0.1739071654194254
4215604,Santa Rosa de Lima,SC,Sul,37,0.8261178663231911,0.8648648648648649,0.06228779544876104,0.03874699854167385,0.622064053840977,0.17388213367680894
4108957,Guamiranga,PR,Sul,89,0.8262789132852474,0.7191011235955056,0.04014493480078516,-0.10717778968974179,-2.669771173414525,0.17372108671475261
3159902,Santo Antônio do Amparo,MG,Sudeste,161,0.8263266478633194,0.8074534161490683,0.029832495521176033,-0.01887323171425115,-0.6326400585849193,0.17367335213668056
5222005,Vianópolis,GO,Centro-Oeste,153,0.8269282389299482,0.8954248366013072,0.030559153726573512,0.06849659767135907,2.241442884322941,0.17307176107005184
4103800,Cambira,PR,Sul,91,0.8270018305108828,0.8351648351648352,0.039630343912148466,0.008163004653952366,0.20597864787769457,0.17299816948911717
2700904,Belo Monte,AL,Nordeste,90,0.8271077493821963,0.9888888888888889,0.03983000895858035,0.1617811395066926,4.061790186262085,0.17289225061780367
5219704,Santa Terezinha de Goiás,GO,Centro-Oeste,73,0.8274642788271748,0.958904109589041,0.04420328235923157,0.13143983076186627,2.973531008255904,0.17253572117282523
4125456,São José das Palmeiras,PR,Sul,55,0.8275169072480633,0.7454545454545455,0.05091724015354348,-0.08206236179351778,-1.6116812605328692,0.17248309275193674
4103453,Cafelândia,PR,Sul,289,0.8276940239637592,0.7854671280276817,0.022210340839103438,-0.042226895936077535,-1.9012268313205274,0.17230597603624076
4320404,Serafina Corrêa,RS,Sul,144,0.8277886972438885,0.5416666666666666,0.031436524610227085,-0.28612203057722185,-9.101579583773049,0.17221130275611152
2100808,Anapurus,MA,Nordeste,109,0.8278281005559787,0.3394495412844037,0.036029116423207545,-0.488378559271575,-13.555107861512646,0.17217189944402134
4307203,Erval Grande,RS,Sul,53,0.8279787998515507,0.4716981132075472,0.051751440212537025,-0.3562806866440035,-6.884459353803507,0.17202120014844935
2301901,Barbalha,CE,Nordeste,705,0.828018518960874,0.8794326241134752,0.014208411501367584,0.05141410515260125,3.6185681381520065,0.17198148103912603
2603926,Carnaubeira da Penha,PE,Nordeste,53,0.8281655205948745,1.0,0.05179298361666226,0.17183447940512553,3.317717331693648,0.17183447940512553
4307906,Farroupilha,RS,Sul,703,0.8282617087624177,0.5604551920341394,0.01421510641317392,-0.26780651672827827,-18.839571716472502,0.17173829123758233
2205151,Jacobina do Piauí,PI,Nordeste,51,0.8285266346465662,0.8431372549019608,0.052636400528098544,0.014610620255394613,0.27757635607311565,0.17147336535343383
3147600,Passa Quatro,MG,Sudeste,141,0.8287269918700649,0.8085106382978723,0.03170186354817045,-0.020216353572192647,-0.6377023717067685,0.17127300812993507
4113809,Lupionópolis,PR,Sul,32,0.8289451554540842,0.78125,0.06651606820550399,-0.047695155454084204,-0.7170471247147104,0.1710548445459158
3144508,Nazareno,MG,Sudeste,88,0.8290208809073186,0.8522727272727273,0.040115462781142266,0.023251846365408668,0.5796230369387398,0.17097911909268138
4314076,Passo do Sobrado,RS,Sul,52,0.8294605910103072,0.5769230769230769,0.05210561043053076,-0.25253751408723035,-4.846647261218123,0.17053940898969278
4103305,Borrazópolis,PR,Sul,77,0.8295118378305922,0.7532467532467533,0.04280533803235554,-0.07626508458383896,-1.7816722887737038,0.17048816216940776
4321451,Teutônia,RS,Sul,268,0.8299634639271448,0.6305970149253731,0.022933411794228614,-0.1993664490017717,-8.69327472033376,0.17003653607285518
4111555,Ivaté,PR,Sul,83,0.8299907706211896,0.7710843373493976,0.04119366821001419,-0.058906433271792014,-1.4299875643866997,0.17000922937881036
4313201,Nova Petrópolis,RS,Sul,244,0.8300275407059978,0.5655737704918032,0.02401571718344891,-0.2644537702141946,-11.011695723850801,0.16997245929400218
4111308,Itaúna do Sul,PR,Sul,40,0.8303109800694507,0.4,0.05932583190137668,-0.4303109800694507,-7.253349279362826,0.1696890199305493
4124053,Santa Terezinha de Itaipu,PR,Sul,219,0.8308266016395921,0.7899543378995434,0.025331794812026447,-0.04087226374004871,-1.613476820072943,0.1691733983604079
3204658,São Domingos do Norte,ES,Sudeste,96,0.830968529887441,0.8541666666666666,0.03824799111274547,0.023198136779225664,0.6065190903972809,0.16903147011255903
4124509,Santo Inácio,PR,Sul,86,0.8310210760678254,0.8023255813953488,0.0403989672967626,-0.028695494672476562,-0.7103026783255446,0.16897892393217462
4303806,Campinas do Sul,RS,Sul,48,0.8310479055226204,0.6458333333333334,0.05392993225011575,-0.18521457218928705,-3.4343557364452195,0.16895209447737958
4101903,Assaí,PR,Sul,160,0.8315331207469528,0.80625,0.02958514774126967,-0.025283120746952825,-0.8545882876117684,0.16846687925304715
4126108,São Tomé,PR,Sul,73,0.8322307971000459,0.6986301369863014,0.04370002992013545,-0.1336006601137445,-3.057221250372325,0.16776920289995412
4119657,Pitangueiras,PR,Sul,35,0.8323551960313029,0.8285714285714286,0.06312038141117549,-0.0037837674598742987,-0.05994525659194419,0.16764480396869708
2308104,Mauriti,CE,Nordeste,532,0.8324317639908705,0.8439849624060151,0.016184084443801733,0.011553198415144572,0.7138617235508357,0.1675682360091295
4123006,Salto do Lontra,PR,Sul,168,0.8324320901625849,0.7738095238095238,0.028797088012153426,-0.05862256635306107,-2.035711608351518,0.1675679098374151
4120309,Porto Vitória,PR,Sul,40,0.8324778069753881,0.75,0.059014154683983654,-0.08247780697538809,-1.3975936352397238,0.1675221930246119
4212239,Paraíso,SC,Sul,31,0.8325786193249652,0.8387096774193549,0.06699940975731804,0.00613105809438963,0.09150913592518571,0.16742138067503476
3203908,Nova Venécia,ES,Sudeste,505,0.8326367729064363,0.8356435643564356,0.016606284121558665,0.0030067914499992687,0.18106347139368656,0.16736322709356366
4320602,Severiano de Almeida,RS,Sul,31,0.8329815406515156,0.3548387096774194,0.06689301884243153,-0.47814283097409627,-7.147873414120774,0.16701845934848436
4319109,São Martinho,RS,Sul,59,0.8331053213785415,0.6440677966101694,0.04851913713786911,-0.1890375247683721,-3.8961435820924484,0.16689467862145846
5215207,Novo Brasil,GO,Centro-Oeste,31,0.8333626578158606,0.5483870967741935,0.0668342597013936,-0.2849755610416671,-4.263914380362694,0.1666373421841394
5204854,Campo Limpo de Goiás,GO,Centro-Oeste,129,0.8336772575190096,0.8527131782945736,0.03277437958172218,0.01903592077556404,0.5808171205224008,0.16632274248099044
4313391,Novo Cabrais,RS,Sul,39,0.833967685279406,0.7692307692307693,0.059559401397186865,-0.06473691604863674,-1.086930266758766,0.166032314720594
2105351,Itaipava do Grajaú,MA,Nordeste,162,0.8339935211479514,0.7283950617283951,0.029046337374002695,-0.10559845941955637,-3.6355172103065225,0.16600647885204856
2501104,Areia,PB,Nordeste,212,0.8339987330397886,0.9056603773584906,0.02553853898228541,0.07166164431870203,2.8060197323116065,0.16600126696021145
4101150,Ângulo,PR,Sul,43,0.8340259118125041,0.8604651162790697,0.05672478840382451,0.02643920446656567,0.46609613205332084,0.16597408818749593
2300754,Amontada,CE,Nordeste,669,0.8341885372747863,0.8251121076233184,0.01436573409211334,-0.009076429651467821,-0.6318110577064558,0.16581146272521374
4301701,Barão de Cotegipe,RS,Sul,75,0.8343130593422484,0.76,0.04289421067602706,-0.07431305934224841,-1.7324729414774118,0.16568694065775158
3203163,Laranja da Terra,ES,Sudeste,69,0.834561451176158,0.8985507246376812,0.04471604847240784,0.06398927346152317,1.4310135990886566,0.165438548823842
4314001,Paraí,RS,Sul,98,0.8346187393310891,0.6530612244897959,0.03749724311950394,-0.18155751484129323,-4.84188968940112,0.1653812606689109
4125407,São José da Boa Vista,PR,Sul,67,0.8346575167345397,0.7611940298507462,0.04537067805402801,-0.07346348688379345,-1.6191842404539811,0.1653424832654603
2312403,São Gonçalo do Amarante,CE,Nordeste,999,0.8349752639882145,0.8568568568568569,0.01173274126038392,0.02188159286864233,1.8650025925762481,0.16502473601178547
4106571,Cruzeiro do Iguaçu,PR,Sul,38,0.834983436316711,0.868421052631579,0.06016604967884694,0.03343761631486797,0.5557555547248085,0.16501656368328899
4107538,Entre Rios do Oeste,PR,Sul,50,0.8355437603151897,0.96,0.05238137747009886,0.12445623968481023,2.3759634758718255,0.16445623968481027
4119103,Piên,PR,Sul,188,0.8357002249197645,0.8351063829787234,0.027017274790404725,-0.0005938419410410622,-0.021980082952406704,0.16429977508023552
4322251,Tupandi,RS,Sul,64,0.8363968671148705,0.546875,0.04622181144194561,-0.2895218671148705,-6.263749906870454,0.1636031328851295
4107504,Engenheiro Beltrão,PR,Sul,121,0.8364646269044442,0.8264462809917356,0.03360986066317655,-0.01001834591270867,-0.29807757946717456,0.16353537309555577
3161700,São Gonçalo do Abaeté,MG,Sudeste,58,0.8365269611830378,0.8275862068965517,0.048497311945072945,-0.008940754286486108,-0.1843556668998938,0.16347303881696218
3204252,Ponto Belo,ES,Sudeste,85,0.8366087560742751,0.8,0.040075003499794946,-0.03660875607427505,-0.9135059981831909,0.1633912439257249
2300903,Apuiarés,CE,Nordeste,137,0.8366297218406197,0.7445255474452555,0.03157860247003826,-0.09210417439536422,-2.9166640443557483,0.16337027815938032
2702108,Colônia Leopoldina,AL,Nordeste,184,0.8369280559252535,0.7336956521739131,0.027174288855549053,-0.10323240375134046,-3.7988999197033326,0.16307194407474646
4114351,Manfrinópolis,PR,Sul,31,0.8373042486162661,0.7096774193548387,0.06621275996220943,-0.12762682926142732,-1.9275261948643982,0.16269575138373393
2202133,Campo Grande do Piauí,PI,Nordeste,72,0.8374716257091959,0.9583333333333334,0.043417876568848435,0.1208617076241375,2.7836853659226084,0.16252837429080413
4305801,Constantina,RS,Sul,105,0.8377044888519437,0.49523809523809526,0.035954040202827935,-0.34246639361384845,-9.525115722235634,0.1622955111480563
2112852,Vila Nova dos Martírios,MA,Nordeste,167,0.837883688266844,0.7425149700598802,0.02847746809367217,-0.0953687182069638,-3.3489184464455666,0.162116311733156
5103957,Glória D'Oeste,MT,Centro-Oeste,49,0.8380580843337129,0.8367346938775511,0.05258837355729834,-0.0013233904561618104,-0.025165076739250992,0.16194191566628713
4117271,Nova Tebas,PR,Sul,41,0.8380809728404766,0.8536585365853658,0.05749001033129225,0.015577563744889278,0.270961227091836,0.16191902715952344
3171105,Veríssimo,MG,Sudeste,34,0.8385206428641019,0.7647058823529411,0.06302247195487551,-0.07381476051116076,-1.1712450848327973,0.16147935713589812
2202026,Buriti dos Montes,PI,Nordeste,59,0.8385615281284203,0.9830508474576272,0.04788511933053188,0.14448931932920683,3.0174158767748844,0.16143847187157967
4123303,Santa Cruz de Monte Castelo,PR,Sul,107,0.8387647423509274,0.5794392523364486,0.03554086294380612,-0.2593254900144788,-7.296544555614756,0.16123525764907265
5103601,Dom Aquino,MT,Centro-Oeste,82,0.838866084216117,0.7195121951219512,0.04058962609899976,-0.11935388909416578,-2.9405023047775,0.16113391578388303
4313037,Nova Esperança do Sul,RS,Sul,50,0.8393905763607933,0.72,0.05181362415861503,-0.11939057636079331,-2.3042313348957713,0.16060942363920672
2313708,Umari,CE,Nordeste,53,0.8395609942459034,0.8867924528301887,0.05035193318969315,0.047231458584285346,0.9380267169951172,0.16043900575409664
4319000,São Marcos,RS,Sul,152,0.8397836567782242,0.4473684210526316,0.029728712225285503,-0.3924152357255926,-13.199873332953427,0.1602163432217758
4216255,São João do Oeste,SC,Sul,65,0.8400388240866568,0.9230769230769231,0.0453650168995915,0.08303809899026637,1.8304434708810637,0.15996117591334325
4109005,Guapirama,PR,Sul,69,0.8402343333431233,0.7536231884057971,0.04409089080570299,-0.08661114493732613,-1.9643772977733376,0.15976566665687675
3204559,Santa Maria de Jetibá,ES,Sudeste,515,0.8406347837894975,0.8543689320388349,0.016116062628779588,0.013734148249337386,0.8522024619593715,0.15936521621050248
4117107,Nova Londrina,PR,Sul,142,0.8406506561043655,0.7394366197183099,0.030705895906904566,-0.10121403638605564,-3.29624110929447,0.1593493438956345
4107850,Flor da Serra do Sul,PR,Sul,62,0.8407362569074064,0.8548387096774194,0.046463576067164426,0.014102452770012985,0.3035163016645014,0.1592637430925936
2313807,Uruburetama,CE,Nordeste,224,0.8410283544857696,0.8214285714285714,0.02441290712318214,-0.019599783057198228,-0.8028451080529676,0.15897164551423038
4315909,Rodeio Bonito,RS,Sul,69,0.8410999955223096,0.5362318840579711,0.043976877680107676,-0.30486811146433856,-6.9324637752134315,0.15890000447769037
4116059,Missal,PR,Sul,136,0.8412358930322341,0.8308823529411765,0.03132042070702948,-0.0103535400910576,-0.33056835947078694,0.15876410696776588
4302204,Boa Vista do Buricá,RS,Sul,72,0.8413552046082303,0.6666666666666666,0.04303282491337476,-0.1746885379415637,-4.0594252943703415,0.15864479539176968
5215306,Orizona,GO,Centro-Oeste,161,0.8416708106164759,0.782608695652174,0.028755309183670825,-0.059062114964301915,-2.053955135277812,0.15832918938352414
4305900,Coronel Bicaco,RS,Sul,77,0.8419584648106819,0.44155844155844154,0.041522229522125906,-0.4004000232522404,-9.643028032463421,0.15804153518931807
4312153,Mato Leitão,RS,Sul,53,0.8421947393303388,0.6226415094339622,0.050000436185698126,-0.2195532298963766,-4.39102629187016,0.15780526066966116
3203601,Mucurici,ES,Sudeste,69,0.842658903134262,0.8405797101449275,0.04381237726101077,-0.002079192989334455,-0.04745674896725491,0.15734109686573805
4127809,Tomazina,PR,Sul,67,0.8427119501145195,0.835820895522388,0.04446094170506537,-0.0068910545921314625,-0.15499119739396736,0.1572880498854805
4120358,Pranchita,PR,Sul,55,0.8428609793347931,0.8,0.04904993450145928,-0.04286097933479305,-0.8738233755137409,0.1571390206652069
4128005,Ubiratã,PR,Sul,254,0.8429011297533262,0.7755905511811023,0.022829558028347456,-0.06731057857222389,-2.9483960437886867,0.1570988702466738
4110409,Indianópolis,PR,Sul,53,0.8431182213335494,0.6981132075471698,0.04992119909526839,-0.14500501378637964,-2.9046781009738094,0.1568817786664506
3205069,Venda Nova do Imigrante,ES,Sudeste,281,0.8431823318984251,0.8790035587188612,0.021681911446760797,0.03582122682043609,1.6521249479499955,0.15681766810157494
2308377,Miraíma,CE,Nordeste,151,0.8435416795103118,0.8543046357615894,0.029537689071235596,0.010762956251277656,0.3643804437551224,0.15645832048968822
4118402,Paranavaí,PR,Sul,994,0.8447181122723241,0.744466800804829,0.011479525213156377,-0.10025131146749511,-8.733053815901703,0.15528188772767593
4303707,Campina das Missões,RS,Sul,44,0.8450409697696221,0.5,0.054537862096515274,-0.34504096976962206,-6.326631747298885,0.15495903023037794
2104503,Governador Archer,MA,Nordeste,93,0.845339911817164,0.7849462365591398,0.037289716974325926,-0.06039367525802419,-1.6195798777342667,0.15466008818283605
2207207,Padre Marcos,PI,Nordeste,86,0.845801788885304,1.0,0.03893500583746946,0.154198211114696,3.960400359470396,0.154198211114696
4313011,Nova Candelária,RS,Sul,35,0.8462674784527671,0.6,0.06094715556414462,-0.24626747845276709,-4.040672221258623,0.15373252154723294
2110237,Santana do Maranhão,MA,Nordeste,60,0.8463680995052861,0.5333333333333333,0.04648151609981816,-0.3130347661719528,-6.7346074835363945,0.15363190049471387
4121505,Rebouças,PR,Sul,193,0.8465054507064281,0.772020725388601,0.025935070205288343,-0.07448472531782713,-2.871969295947353,0.15349454929357187
4322301,Tuparendi,RS,Sul,76,0.8466962739082009,0.5263157894736842,0.041170057643988414,-0.3203804844345167,-7.781880880637974,0.1533037260917991
2605103,Custódia,PE,Nordeste,366,0.8467483021891922,0.8469945355191257,0.01880290132587486,0.00024623332993356506,0.013095496576090677,0.15325169781080783
4113403,Leópolis,PR,Sul,39,0.8468685159250919,0.8974358974358975,0.05758068699641601,0.05056738151080553,0.8782003853818727,0.15313148407490806
2110104,Santa Quitéria do Maranhão,MA,Nordeste,189,0.8471543293523635,0.798941798941799,0.026119613047791316,-0.0482125304105645,-1.8458363193340406,0.15284567064763654
3203700,Muniz Freire,ES,Sudeste,175,0.8471998918826442,0.8171428571428572,0.0271683808187115,-0.030057034739787047,-1.106324110382245,0.15280010811735578
4316006,Rolante,RS,Sul,190,0.8473008079200515,0.6631578947368421,0.026076820218077765,-0.1841429131832094,-7.06155549807228,0.15269919207994853
2104909,Guimarães,MA,Nordeste,127,0.8477682203722955,0.8661417322834646,0.03185206689291465,0.018373511911169094,0.5768389214094046,0.1522317796277045
2105948,Lago dos Rodrigues,MA,Nordeste,78,0.8477706694677554,0.9230769230769231,0.04064094127582257,0.07530625360916776,1.8529652917750628,0.15222933053224463
5107750,Salto do Céu,MT,Centro-Oeste,38,0.8479111588527303,0.9736842105263158,0.05818670245725997,0.12577305167358555,2.1615428673925963,0.15208884114726973
4310850,Jaboticaba,RS,Sul,35,0.8479175180520309,0.4,0.06062714234511505,-0.44791751805203084,-7.388069117661805,0.15208248194796914
3118106,Congonhas do Norte,MG,Sudeste,35,0.8480159110089993,0.6,0.060508212751331086,-0.24801591100899933,-4.0988801310040905,0.1519840889910007
5220207,São Miguel do Araguaia,GO,Centro-Oeste,275,0.8481379192816855,0.9127272727272727,0.021632571026733795,0.06458935344558725,2.9857455854769617,0.15186208071831453
4107207,Dois Vizinhos,PR,Sul,530,0.8482247584551483,0.8264150943396227,0.015582121689692894,-0.02180966411552565,-1.3996594654983403,0.15177524154485167
2105922,Lagoa do Mato,MA,Nordeste,79,0.8486490934761128,0.7848101265822784,0.04025498884964473,-0.06383896689383439,-1.585864726786474,0.15135090652388716
2108900,Poção de Pedras,MA,Nordeste,80,0.8491379926426201,0.775,0.0399902567588188,-0.07413799264262011,-1.8539013912750366,0.15086200735737987
4314027,Paraíso do Sul,RS,Sul,33,0.8491942873092874,0.5454545454545454,0.06196619004710934,-0.30373974185474195,-4.901701098999729,0.15080571269071263
4301651,Barão,RS,Sul,31,0.8492173397199491,0.5483870967741935,0.06424792829039286,-0.30083024294575555,-4.682333749129455,0.15078266028005094
2310308,Parambu,CE,Nordeste,256,0.849648733435881,0.8828125,0.02231991186742465,0.03316376656411901,1.4858377022769833,0.150351266564119
3205176,Vila Valério,ES,Sudeste,227,0.8496930247356917,0.7973568281938326,0.02370182551891665,-0.05233619654185917,-2.208108253100132,0.15030697526430825
2305704,Ipaumirim,CE,Nordeste,126,0.8499594287047615,0.8888888888888888,0.0317804355875425,0.03892946018412735,1.2249504912194211,0.1500405712952385
4305871,Coronel Barros,RS,Sul,31,0.8501080409384145,0.6774193548387096,0.06408093447152766,-0.1726886860997049,-2.6948528064370483,0.14989195906158548
3112000,Candeias,MG,Sudeste,93,0.8506857195909747,0.9032258064516129,0.03694267436185322,0.05254008686063816,1.422205830200824,0.14931428040902528
2309102,Mulungu,CE,Nordeste,108,0.8507071350317824,0.8888888888888888,0.03428432638359481,0.038181753857106426,1.1136795697808006,0.1492928649682176
2512507,Queimadas,PB,Nordeste,561,0.8507278638140121,0.928698752228164,0.01504021952015011,0.0779708884141519,5.184158935292834,0.1492721361859879
5104203,Guiratinga,MT,Centro-Oeste,117,0.8516083970029311,0.8461538461538461,0.03285296384371713,-0.0054545508490849715,-0.1660291861346967,0.14839160299706888
4117404,Ourizona,PR,Sul,40,0.8516304299133848,0.575,0.05618854350906081,-0.2766304299133848,-4.923253258358195,0.14836957008661522
3129400,Ibertioga,MG,Sudeste,50,0.8517598320435955,0.88,0.050232202373070696,0.028240167956404494,0.5621925104272144,0.1482401679564045
3200102,Afonso Cláudio,ES,Sudeste,277,0.8521113338242003,0.9205776173285198,0.021319117936541745,0.06846628350431949,3.211497009778523,0.14788866617579965
4110953,Itaipulândia,PR,Sul,173,0.8530477833342852,0.8439306358381503,0.026910426008767946,-0.009117147496134903,-0.3387961042743938,0.14695221666571479
4314423,Picada Café,RS,Sul,52,0.8532557130763357,0.5769230769230769,0.0490481195966559,-0.27633263615325887,-5.633908872055907,0.14674428692366426
4308003,Faxinal do Soturno,RS,Sul,35,0.8533845678430487,0.8285714285714286,0.05947529742391187,-0.0248131392716201,-0.41720075975011517,0.14661543215695128
2313401,Tianguá,CE,Nordeste,1093,0.8535643816823022,0.8600182982616651,0.010691069282621873,0.006453916579362895,0.603673627843158,0.1464356183176978
4110508,Ipiranga,PR,Sul,196,0.8536744151324325,0.826530612244898,0.025215788562844836,-0.027143802887534485,-1.0764606000674735,0.14632558486756753
5216304,Paranaiguara,GO,Centro-Oeste,102,0.853756249794216,0.9705882352941176,0.03497679031039554,0.11683198549990159,3.3402717763149825,0.14624375020578395
4102208,Atalaia,PR,Sul,44,0.8542887444539023,0.8863636363636364,0.05318056221258504,0.032074891909734005,0.6031318695262602,0.14571125554609765
2100402,Altamira do Maranhão,MA,Nordeste,52,0.8546954215999847,0.7307692307692307,0.048785875849238665,-0.12392619083075396,-2.540206333770021,0.14530457840001532
4121406,Realeza,PR,Sul,208,0.8546980547532592,0.7980769230769231,0.024416197115881496,-0.05662113167633609,-2.3189987944317063,0.14530194524674078
4117453,Ouro Verde do Oeste,PR,Sul,71,0.8547734823085095,0.9014084507042254,0.04180389618071157,0.0466349683957159,1.1155651184789184,0.14522651769149053
2106805,Mirinzal,MA,Nordeste,143,0.8549176703662893,0.6993006993006993,0.029416599145598757,-0.15561697106559003,-5.290107476236697,0.1450823296337107
4103008,Boa Esperança,PR,Sul,54,0.8551135484798889,0.9259259259259259,0.04788112056028725,0.07081237744603708,1.4789206396470402,0.14488645152011115
2311207,Potengi,CE,Nordeste,67,0.8553476537071382,0.9104477611940298,0.042935781414601644,0.05510010748689165,1.2833144214804753,0.14465234629286183
4113429,Lidianópolis,PR,Sul,43,0.8561832145627755,0.8372093023255814,0.0534915100952285,-0.018973912237194024,-0.3547088538614003,0.14381678543722454
4313102,Nova Palma,RS,Sul,35,0.8565984631544192,0.6285714285714286,0.0589618877824819,-0.22802703458299067,-3.8673631927154735,0.14340153684558077
4209854,Lindóia do Sul,SC,Sul,46,0.8570941745907723,0.8478260869565217,0.05158069232024315,-0.009268087634250577,-0.17968133457203056,0.1429058254092277
3120805,Cruzília,MG,Sudeste,137,0.8575597258086946,0.7591240875912408,0.029854741865051198,-0.09843563821745371,-3.2971525482417667,0.14244027419130545
2201051,Assunção do Piauí,PI,Nordeste,83,0.8579867780087057,0.6987951807228916,0.03826432543995688,-0.1591915972858141,-4.160313698345796,0.1420132219912943
4111100,Itambé,PR,Sul,63,0.8585820368199593,0.873015873015873,0.04387729063081211,0.014433836195913763,0.32895914921824815,0.14141796318004074
4124806,São João,PR,Sul,134,0.8585829520684307,0.8731343283582089,0.030071637812683336,0.014551376289778206,0.483890381375931,0.14141704793156928
4106852,Cruzmaltina,PR,Sul,36,0.858615795446031,0.9444444444444444,0.05797751735310075,0.08582864899841347,1.4803781347809504,0.14138420455396905
4128658,Virmond,PR,Sul,60,0.8587587338794246,0.8166666666666667,0.04495617846390532,-0.04209206721275793,-0.936291042766303,0.14124126612057541
3137106,Lagamar,MG,Sudeste,37,0.8591228371906131,0.5675675675675675,0.05718425521536095,-0.29155526962304557,-5.098523510099462,0.1408771628093869
2313302,Tauá,CE,Nordeste,527,0.8594158784026698,0.920303605313093,0.015126510480746272,0.06088772691042321,4.02523285115387,0.14058412159733025
4103156,Bom Jesus do Sul,PR,Sul,42,0.8597542511540432,0.9285714285714286,0.05356909460332566,0.06881717741738536,1.2846432803647398,0.14024574884595675
5100359,Alto Boa Vista,MT,Centro-Oeste,96,0.8601014933203858,0.4895833333333333,0.03538418391822828,-0.37051815998705245,-10.471293073857748,0.13989850667961423
4120853,Quatro Pontes,PR,Sul,68,0.860319349931436,0.8970588235294118,0.04200788826463958,0.0367394735979758,0.8745851104565401,0.139680650068564
4108205,Formosa do Oeste,PR,Sul,67,0.8604324506944413,0.8507462686567164,0.04231294708023972,-0.009686182037724866,-0.22891768846439778,0.1395675493055587
2106003,Lima Campos,MA,Nordeste,131,0.8610008219661542,0.9083969465648855,0.030217851550519998,0.047396124598731215,1.5684809530383574,0.13899917803384576
4122008,Rio Azul,PR,Sul,188,0.8612100061690159,0.8936170212765957,0.025203151508903433,0.03240701510757982,1.2858318570251621,0.13878999383098412
2306256,Itaitinga,CE,Nordeste,771,0.8614592818751821,0.8495460440985733,0.012428202944147773,-0.011913237776608798,-0.9585647925244524,0.13854071812481794
2301000,Aquiraz,CE,Nordeste,1053,0.8617007690879005,0.8404558404558404,0.010633503795471302,-0.021244928632060067,-1.9979236421684505,0.1382992309120995
2208908,Ribeiro Gonçalves,PI,Nordeste,93,0.8617774550844672,0.8494623655913979,0.03576677079052965,-0.012315089493069364,-0.344316504422316,0.13822254491553276
4316204,Rondinha,RS,Sul,32,0.8620563865567368,0.75,0.06093266631079291,-0.11205638655673678,-1.839019910686042,0.13794361344326322
2313351,Tejuçuoca,CE,Nordeste,226,0.862377248180138,0.8008849557522124,0.022890973702195314,-0.06149229242792553,-2.6863117850695986,0.13762275181986205
4316758,Santa Clara do Sul,RS,Sul,79,0.8627723721292685,0.46835443037974683,0.038654916803307585,-0.39441794174952166,-10.20356462688784,0.1372276278707315
4127205,Terra Boa,PR,Sul,217,0.862884418285043,0.8940092165898618,0.02334491017127956,0.031124798304818735,1.3332584309152966,0.13711558171495697
5213855,Morro Agudo de Goiás,GO,Centro-Oeste,32,0.8633294778940306,0.96875,0.06067849554586402,0.10542052210596942,1.7373621603107645,0.13667052210596942
1300631,Beruri,AM,Norte,227,0.8634137256195467,0.7797356828193832,0.022651051385507683,-0.08367804280016344,-3.694223344250647,0.13658627438045334
4112207,Janiópolis,PR,Sul,56,0.8643036628202337,0.7678571428571429,0.04574649723148947,-0.09644651996309084,-2.1082820718501294,0.13569633717976626
4300703,Anta Gorda,RS,Sul,31,0.8644381057706079,0.7096774193548387,0.06146290558033717,-0.15476068641576912,-2.5179526570458655,0.13556189422939213
4119806,Planalto,PR,Sul,124,0.8647449138647656,0.7983870967741935,0.03070317449606658,-0.06635781709057209,-2.161268929995277,0.1352550861352344
5205406,Ceres,GO,Centro-Oeste,164,0.8647504268328675,0.9451219512195121,0.026696181319659593,0.08037152438664463,3.010600033925356,0.1352495731671325
4126272,Saudade do Iguaçu,PR,Sul,98,0.8648991090142636,0.8571428571428571,0.03442006984458855,-0.007756251871406494,-0.22534096840671913,0.1351008909857364
4107801,Floraí,PR,Sul,54,0.8649360173445194,0.8518518518518519,0.04647472423491762,-0.013084165492667554,-0.28153293447273636,0.13506398265548059
2307403,Jucás,CE,Nordeste,278,0.8651413655650919,0.9028776978417267,0.02048096660619816,0.037736332276634754,1.842507387576844,0.1348586344349081
5215900,Palminópolis,GO,Centro-Oeste,36,0.8655784619949985,0.8333333333333334,0.056816156591408436,-0.03224512866166518,-0.5675344936398107,0.13442153800500145
5104542,Itanhangá,MT,Centro-Oeste,112,0.8657223411032186,0.7767857142857143,0.03218210174025552,-0.08893662681750425,-2.763543150019204,0.13427765889678145
4102505,Barbosa Ferraz,PR,Sul,93,0.8659231860538394,0.7741935483870968,0.03532066523680548,-0.09172963766674269,-2.597052944834032,0.13407681394616056
4214151,Princesa,SC,Sul,36,0.8664353166323313,0.6388888888888888,0.05667877402807616,-0.22754642774344247,-4.0146674243646485,0.1335646833676687
4120705,Quatiguá,PR,Sul,94,0.8667209416513411,0.9042553191489362,0.03504417032140018,0.03753437749759514,1.0710590992269629,0.13327905834865894
2515203,São Sebastião do Umbuzeiro,PB,Nordeste,33,0.8668826317476616,0.696969696969697,0.05912073119311808,-0.16991293477796454,-2.873999210580521,0.13311736825233844
3117702,Conceição do Rio Verde,MG,Sudeste,129,0.8669901201289778,0.7829457364341085,0.029883778360518237,-0.08404438369486933,-2.812374749971605,0.1330098798710222
4319752,São Vendelino,RS,Sul,31,0.8681866405035377,0.41935483870967744,0.060732259900619895,-0.44883180179386023,-7.3903359191361,0.13181335949646233
4306304,David Canabarro,RS,Sul,41,0.8685691433509093,0.6097560975609756,0.05268407069028527,-0.2588130457899337,-4.912548373709053,0.1314308566490907
3158904,Santana do Manhuaçu,MG,Sudeste,70,0.869234817527395,0.7714285714285715,0.04028005128799597,-0.09780624609882349,-2.4281559474570766,0.13076518247260505
2306405,Itapipoca,CE,Nordeste,1461,0.8694296537646389,0.8877481177275839,0.00881136526934592,0.01831846396294501,2.0789586406857485,0.13057034623536112
2103158,Centro do Guilherme,MA,Nordeste,117,0.8696803531881109,0.8803418803418803,0.031094170660331575,0.010661527153769446,0.342878646619474,0.13031964681188912
4101309,Antônio Olinto,PR,Sul,93,0.8707427522937399,0.8817204301075269,0.034731957661882536,0.010977677813787001,0.31606850154129756,0.12925724770626013
4118709,Paulo Frontin,PR,Sul,83,0.8707800814303321,0.8433734939759037,0.03678561012687145,-0.027406587454428477,-0.7450355549331583,0.12921991856966786
4103222,Bom Sucesso do Sul,PR,Sul,49,0.87144528841274,0.7142857142857143,0.04779915365505794,-0.15715957412702575,-3.287915415012702,0.12855471158725995
2210805,Simplício Mendes,PI,Nordeste,120,0.8715561222981936,0.675,0.03053854484510899,-0.19655612229819353,-6.436329016170319,0.12844387770180643
2312106,Santana do Cariri,CE,Nordeste,172,0.8718223393053877,0.9651162790697675,0.025424623084685155,0.09329393976437983,3.6694325596738784,0.12817766069461234
2203420,Domingos Mourão,PI,Nordeste,45,0.8718949585008621,0.8222222222222222,0.049798747623394146,-0.049672736278639884,-0.9974695880766474,0.12810504149913793
2501203,Areial,PB,Nordeste,101,0.8719669893145482,0.7029702970297029,0.03323755374707946,-0.16899669228484526,-5.084510538014393,0.1280330106854518
5218805,Rio Verde,GO,Centro-Oeste,2502,0.8728258493512686,0.8980815347721822,0.006653118644440643,0.02525568542091361,3.7960671935434824,0.1271741506487314
4126900,Tapira,PR,Sul,44,0.8728625723940986,0.7727272727272727,0.05020798598138366,-0.10013529966682588,-1.9944098077137469,0.1271374276059014
2311603,Redenção,CE,Nordeste,318,0.8733974311893407,0.9245283018867925,0.01864413890974532,0.05113087069745181,2.742463513331025,0.12660256881065934
2309607,Pacajus,CE,Nordeste,667,0.8746936641076201,0.8785607196401799,0.012812037901230344,0.0038670555325598377,0.30182985426451814,0.12530633589237994
5107107,São José dos Quatro Marcos,MT,Centro-Oeste,182,0.8750694076537564,0.6868131868131868,0.024501095221244634,-0.1882562208405696,-7.6835839027038535,0.1249305923462436
2307601,Limoeiro do Norte,CE,Nordeste,524,0.8754502976160989,0.8969465648854962,0.014412095868690362,0.02149626726939724,1.4915434552511495,0.12454970238390106
2203230,Currais,PI,Nordeste,39,0.8762885345005643,0.9230769230769231,0.05264312954163752,0.04678838857635881,0.8887843291944114,0.12371146549943568
4119251,Pinhal de São Bento,PR,Sul,34,0.8764183957709991,0.9705882352941176,0.05642872166284307,0.09416983952311853,1.668828156090005,0.12358160422900089
2303204,Caririaçu,CE,Nordeste,338,0.8769586106448467,0.8254437869822485,0.01784837335722961,-0.051514823662598186,-2.88624753816749,0.1230413893551533
4126405,Sertaneja,PR,Sul,65,0.8779950222418439,0.9076923076923077,0.04057303539392297,0.029697285450463795,0.7319463570357335,0.12200497775815611
2309458,Ocara,CE,Nordeste,321,0.8781092825700597,0.8473520249221184,0.01824960873798232,-0.03075725764794135,-1.6853653187603557,0.12189071742994029
5201306,Anicuns,GO,Centro-Oeste,159,0.878292953622348,0.9811320754716981,0.02587854191195129,0.10283912184935007,3.9739148441688927,0.12170704637765195
4114005,Mamborê,PR,Sul,133,0.8784002195360615,0.7518796992481203,0.028334958132884978,-0.12652052028794125,-4.46517406853353,0.12159978046393849
3162807,São João Evangelista,MG,Sudeste,151,0.8798572609319235,0.7019867549668874,0.026378091974208456,-0.17787050596503606,-6.743114935642479,0.12014273906807649
5221452,Trombas,GO,Centro-Oeste,37,0.8804649764323216,0.9459459459459459,0.053316756394616215,0.06548096951362437,1.2281499089887709,0.11953502356767842
2306900,Jaguaribe,CE,Nordeste,335,0.8806455239241381,0.8925373134328358,0.017700679494146193,0.011891789508697737,0.6718267235238331,0.11935447607586191
2307007,Jaguaruana,CE,Nordeste,346,0.8808275070444767,0.884393063583815,0.01741212503420618,0.0035655565393383215,0.20477434732025948,0.11917249295552335
2309805,Pacoti,CE,Nordeste,136,0.8812185880255614,0.9117647058823529,0.027736550058932878,0.03054611785679151,1.101294782223782,0.11878141197443859
2313104,Tabuleiro do Norte,CE,Nordeste,253,0.8813861049396902,0.841897233201581,0.02031358728863323,-0.03948887173810911,-1.9439634751369443,0.11861389506030984
4118451,Pato Bragado,PR,Sul,77,0.8816982577865105,0.9090909090909091,0.0367854859574678,0.027392651304398608,0.7446592206521507,0.11830174221348955
2200301,Alto Longá,PI,Nordeste,84,0.8830577225918952,0.8214285714285714,0.03503745750507112,-0.06162915116332379,-1.7589504362410984,0.11694227740810481
2314102,Viçosa do Ceará,CE,Nordeste,765,0.8836188788139764,0.9019607843137255,0.011582274199392454,0.018341905499749123,1.583618655886358,0.11638112118602362
5000856,Angélica,MS,Centro-Oeste,201,0.8837564603793856,0.845771144278607,0.022420584952629195,-0.0379853161007786,-1.6942161045768869,0.1162435396206144
2301950,Barreira,CE,Nordeste,305,0.8838135936162379,0.9114754098360656,0.018342190253588676,0.027661816219827662,1.5080977700804072,0.1161864063837621
3165008,São Tiago,MG,Sudeste,94,0.8848444923919934,0.925531914893617,0.03287651881795949,0.040687422501623605,1.2375830521143023,0.11515550760800664
2311306,Quixadá,CE,Nordeste,811,0.8850175997496131,0.9247842170160296,0.011195618256761401,0.039766617266416504,3.551980458283323,0.11498240025038686
2513943,São Domingos do Cariri,PB,Nordeste,40,0.8860390605992088,1.0,0.050204336219245325,0.11396093940079122,2.2699421600380694,0.11396093940079122
4207601,Ipira,SC,Sul,52,0.8861717313208722,0.8461538461538461,0.04402748656814437,-0.04001788516702609,-0.9089295866364676,0.11382826867912776
2107803,Parnarama,MA,Nordeste,322,0.8864720392925194,0.5527950310559007,0.017654899617201094,-0.3336770082366187,-18.899966325014876,0.11352796070748061
2301604,Assaré,CE,Nordeste,260,0.8867829538201528,0.9807692307692307,0.01962954262803912,0.09398627694907791,4.788001367633831,0.11321704617984718
2209807,São Gonçalo do Piauí,PI,Nordeste,53,0.8868335243227683,0.6415094339622641,0.043462288792729044,-0.24532409036050418,-5.644527639362272,0.1131664756772317
2301208,Aracoiaba,CE,Nordeste,317,0.8870120578321345,0.9085173501577287,0.01776785330551554,0.021505292325594172,1.2103483721873394,0.11298794216786545
2313559,Tururu,CE,Nordeste,232,0.88729164294686,0.9525862068965517,0.020730450283633316,0.06529456394969169,3.1496934729508372,0.11270835705313997
4124905,São João do Caiuá,PR,Sul,58,0.8874022686620265,0.9310344827586207,0.041458030001896656,0.043632214096594124,1.052443015131158,0.11259773133797346
3102050,Alto Caparaó,MG,Sudeste,93,0.8874463466259203,0.8709677419354839,0.03275888354632869,-0.016478604690436383,-0.5030270542380297,0.11255365337407974
2303501,Cascavel,CE,Nordeste,957,0.8878400542694092,0.8265412748171369,0.010198293715106305,-0.061298779452272245,-6.0106897452338455,0.11215994573059085
2311009,Poranga,CE,Nordeste,136,0.8878764512217087,1.0,0.02619413758824377,0.11212354877829134,4.280482546927359,0.11212354877829134
3142205,Miraí,MG,Sudeste,94,0.8880667953114513,0.7872340425531915,0.03241224032590285,-0.10083275275825976,-3.110946720880549,0.11193320468854873
2313500,Trairi,CE,Nordeste,813,0.8895883639104224,0.9175891758917589,0.010956331466331626,0.028000811981336526,2.555674047228483,0.1104116360895776
2306801,Jaguaribara,CE,Nordeste,98,0.8899678334557615,0.9387755102040817,0.031602258389942496,0.048807676748320206,1.5444363547085413,0.11003216654423853
2200202,Água Branca,PI,Nordeste,187,0.890650160573267,0.9197860962566845,0.022815701432003194,0.029135935683417546,1.2770124894143762,0.10934983942673304
5221908,Varjão,GO,Centro-Oeste,46,0.8911432943993757,0.8478260869565217,0.04585003062288907,-0.043317207442853944,-0.9447585280614688,0.10885670560062433
2311504,Quixeré,CE,Nordeste,175,0.8916718335865131,0.9314285714285714,0.02349073392331152,0.03975673784205824,1.6924434107443878,0.10832816641348686
2611903,Rio Formoso,PE,Nordeste,209,0.891993821153473,0.9090909090909091,0.02146046893870326,0.01709708793743603,0.7966782080237764,0.10800617884652697
4300455,Alegria,RS,Sul,32,0.8921717900192645,0.65625,0.054722552634025194,-0.2359217900192645,-4.311235106247107,0.1078282099807355
4114203,Mandaguari,PR,Sul,410,0.8934031803652555,0.8170731707317073,0.015214747289632,-0.07633000963354819,-5.016843735916852,0.10659681963474454
3200136,Águia Branca,ES,Sudeste,146,0.8934948672870046,0.9452054794520548,0.02549500133068855,0.05171061216505024,2.0282647368527784,0.10650513271299544
4306452,Dois Lajeados,RS,Sul,36,0.8950988371633891,0.5277777777777778,0.05106239350851794,-0.3673210593856113,-7.1935730808297675,0.10490116283661088
2516904,Uiraúna,PB,Nordeste,124,0.8959452012365174,0.45161290322580644,0.02700207406252472,-0.444332298010711,-16.455487714826507,0.10405479876348256
2612109,Salgadinho,PE,Nordeste,51,0.8968157006702957,0.9215686274509803,0.042516159963456576,0.024752926780684636,0.5822004339517076,0.1031842993297043
4115853,Mercedes,PR,Sul,103,0.8968216903785329,0.9320388349514563,0.029966005931642278,0.035217144572923464,1.1752365214523401,0.10317830962146712
3306156,Varre-Sai,RJ,Sudeste,60,0.8968300123337464,0.8333333333333334,0.03925851881104827,-0.063496679000413,-1.6173987435955823,0.10316998766625363
3130309,Iguatama,MG,Sudeste,66,0.896984714452215,0.9393939393939394,0.037407623272874564,0.0424092249417245,1.1337054116580765,0.10301528554778505
2511004,Pedra Branca,PB,Nordeste,40,0.8971950866054769,0.7,0.047997984454040805,-0.1971950866054769,-4.108403485031665,0.10280491339452313
3106408,Belo Vale,MG,Sudeste,78,0.8976499129866915,0.9743589743589743,0.03431010447280382,0.07670906137228284,2.2357571494160533,0.1023500870133085
2110500,São Bento,MA,Nordeste,309,0.8986054095249655,0.7961165048543689,0.017148880157317633,-0.10248890467059657,-5.976419668829706,0.10139459047503452
2200806,Antônio Almeida,PI,Nordeste,42,0.898615977072731,0.7380952380952381,0.04656050364539572,-0.16052073897749286,-3.4475730803948563,0.101384022927269
5202353,Arenópolis,GO,Centro-Oeste,31,0.8987630781436905,0.8387096774193549,0.054103172046110634,-0.060053400724335626,-1.1099792942482887,0.1012369218563095
5206800,Damolândia,GO,Centro-Oeste,33,0.8991663712933786,0.9696969696969697,0.05235436909197221,0.0705305984035911,1.3471769334033663,0.10083362870662138
2303402,Carnaubal,CE,Nordeste,226,0.8994265830097846,0.8407079646017699,0.019981197527201223,-0.05871861840801473,-2.938693655777071,0.10057341699021538
2306306,Itapagé,CE,Nordeste,491,0.9010031091674271,0.8961303462321792,0.013476608718253078,-0.004872762935247854,-0.3615718937248697,0.0989968908325729
5214051,Mundo Novo,GO,Centro-Oeste,101,0.9013020505161279,0.9405940594059405,0.029627545798257836,0.03929200888981266,1.3261985706599806,0.09869794948387212
2306207,Itaiçaba,CE,Nordeste,92,0.9016233138740539,0.967391304347826,0.030969285344684284,0.06576799047377213,2.123652184471892,0.09837668612594608
2211506,Vera Mendes,PI,Nordeste,35,0.9024517638968453,0.4857142857142857,0.05003281813583423,-0.41673747818255963,-8.329282533139708,0.09754823610315466
2301109,Aracati,CE,Nordeste,848,0.9036459247782117,0.9115566037735849,0.010118934430502175,0.007910678995373233,0.781769963003965,0.0963540752217883
2304905,Groaíras,CE,Nordeste,125,0.9041412732581507,0.968,0.02631347114000487,0.06385872674184923,2.4268454132135986,0.09585872674184925
2211407,Várzea Grande,PI,Nordeste,42,0.9044428411641654,0.7619047619047619,0.04533030876655214,-0.14253807925940354,-3.144432128037435,0.0955571588358346
5108204,Torixoréu,MT,Centro-Oeste,35,0.9047533643392848,0.8857142857142857,0.04955521175588046,-0.019039078624999095,-0.38419931931256107,0.09524663566071523
2209104,Santa Cruz do Piauí,PI,Nordeste,54,0.9047663208335756,0.9814814814814815,0.039909318742942824,0.07671516064790596,1.9222367874037318,0.09523367916642445
4307450,Esperança do Sul,RS,Sul,35,0.9048541997760122,0.8,0.04958491902546557,-0.10485419977601218,-2.114638923221024,0.09514580022398778
5214879,Nova Iguaçu de Goiás,GO,Centro-Oeste,40,0.9049477511821641,0.95,0.046360273582584446,0.04505224881783587,0.9717856547498903,0.09505224881783592
2105708,Lago da Pedra,MA,Nordeste,410,0.9049835769372386,0.7975609756097561,0.014478269655209208,-0.10742260132748249,-7.419574568348531,0.09501642306276137
2304285,Eusébio,CE,Nordeste,949,0.9062088888394844,0.9388830347734457,0.009460649125804906,0.03267414593396134,3.4536896463942632,0.09379111116051564
2310852,Pindoretama,CE,Nordeste,272,0.9065566365177037,0.8860294117647058,0.017623754353665297,-0.02052722475299784,-1.1647475527102258,0.09344336348229632
2603900,Carnaíba,PE,Nordeste,252,0.9080589620564538,0.9246031746031746,0.018183042077516923,0.016544212546720893,0.9098704428109738,0.09194103794354624
2300101,Abaiara,CE,Nordeste,95,0.9087621236652625,0.9157894736842105,0.029526078825732403,0.007027350018947942,0.23800485192850956,0.09123787633473746
2302503,Brejo Santo,CE,Nordeste,532,0.9092422359047848,0.9548872180451128,0.012448956970108246,0.04564498214032797,3.666570801869442,0.09075776409521519
2709301,União dos Palmares,AL,Nordeste,633,0.9097141285987492,0.9478672985781991,0.011383366264596434,0.03815316997944984,3.3516597017624346,0.09028587140125077
2703007,Ibateguara,AL,Nordeste,79,0.913008595079928,0.5443037974683544,0.031673154521392174,-0.3687047976115736,-11.640924410056753,0.08699140492007196
3203304,Mantenópolis,ES,Sudeste,163,0.9130625819869733,0.950920245398773,0.022048646344086268,0.037857663411799636,1.7170062425149084,0.08693741801302668
5212055,Jesúpolis,GO,Centro-Oeste,34,0.9141926666824365,1.0,0.04801261972151027,0.08580733331756352,1.78718290764544,0.08580733331756352
5207600,Fazenda Nova,GO,Centro-Oeste,39,0.9144089060304156,1.0,0.04476135818193199,0.08559109396958442,1.9121648101404891,0.08559109396958442
5203939,Buriti de Goiás,GO,Centro-Oeste,30,0.9151175729304079,0.9666666666666667,0.050730922993500245,0.05154909373625882,1.0161276534011299,0.08488242706959215
4108650,Goioxim,PR,Sul,63,0.9164243925962999,0.9047619047619048,0.0348040030419647,-0.011662487834395163,-0.33509041532760453,0.08357560740370007
3113602,Careaçu,MG,Sudeste,70,0.9166136576363749,0.7428571428571429,0.03302131495370142,-0.17375651477923204,-5.261950198617253,0.08338634236362508
3100807,Aguanil,MG,Sudeste,46,0.9168166264423453,0.8913043478260869,0.04068176119366599,-0.025512278616258377,-0.6271183416766762,0.0831833735576547
5219605,Santa Tereza de Goiás,GO,Centro-Oeste,36,0.9173458225679716,0.9166666666666666,0.04580016080221669,-0.000679155901304962,-0.014828679406559887,0.08265417743202841
2210300,São Julião,PI,Nordeste,58,0.9176843665248431,0.8793103448275862,0.03606699661898358,-0.0383740216972569,-1.0639649900058226,0.08231563347515691
1700350,Aliança do Tocantins,TO,Norte,65,0.918426687873386,0.7538461538461538,0.03393070402397401,-0.16458053402723216,-4.850489807430653,0.081573312126614
2309508,Orós,CE,Nordeste,224,0.9189488306144831,0.9107142857142857,0.01821891660553435,-0.008234544900197371,-0.4519777481003436,0.08105116938551693
2304608,General Sampaio,CE,Nordeste,85,0.9192566257431602,0.9764705882352941,0.029543321197184384,0.05721396249213384,1.936612410983319,0.08074337425683975
2305233,Horizonte,CE,Nordeste,914,0.9195215401570328,0.9617067833698031,0.008991979489708963,0.042185243212770285,4.691430097349529,0.0804784598429672
2205532,Jurema,PI,Nordeste,61,0.9196191063294935,0.9836065573770492,0.03480182352283076,0.06398745104755565,1.8386235136667044,0.08038089367050649
2210201,São José do Piauí,PI,Nordeste,34,0.9205207624838221,0.9705882352941176,0.046384861916912344,0.050067472810295555,1.079392516032057,0.07947923751617791
2210631,Sebastião Leal,PI,Nordeste,52,0.9206393803142738,0.7692307692307693,0.03746936822529274,-0.15140861108350456,-4.0408637309582405,0.07936061968572616
2110039,Santa Luzia do Paruá,MA,Nordeste,243,0.9217335601689454,0.8600823045267489,0.017210863428337872,-0.06165125564219642,-3.5821128846265182,0.07826643983105463
2207553,Paquetá,PI,Nordeste,34,0.9228398231313617,0.5,0.0457410930428746,-0.4228398231313617,-9.244200236645423,0.0771601768686383
2203453,Dom Inocêncio,PI,Nordeste,55,0.9230468820220169,0.8727272727272727,0.035914183095627814,-0.050319609294744216,-1.4011068875145907,0.0769531179779831
5211404,Itauçu,GO,Centro-Oeste,90,0.9242078869918495,0.9555555555555556,0.027816198191150946,0.03134766856370608,1.126957334294468,0.07579211300815047
2310704,Pentecoste,CE,Nordeste,357,0.9242752902369827,0.9131652661064426,0.01399087533189918,-0.011110024130540186,-0.794090710336711,0.07572470976301726
2102002,Bom Jardim,MA,Nordeste,332,0.9258117005728602,0.6867469879518072,0.014312222923198186,-0.239064712621053,-16.703534727198896,0.07418829942713978
2111748,Senador Alexandre Costa,MA,Nordeste,101,0.9262946524159272,0.9603960396039604,0.025963119181414567,0.03410138718803313,1.3134549415943928,0.07370534758407277
5003454,Deodápolis,MS,Centro-Oeste,179,0.9266272747335653,0.664804469273743,0.01928897024036278,-0.2618228054598223,-13.573705708350868,0.07337272526643468
3166204,Senhora dos Remédios,MG,Sudeste,83,0.9266972348077896,0.8072289156626506,0.02856756645052061,-0.119468319145139,-4.18195646283206,0.07330276519221035
2304202,Crato,CE,Nordeste,1210,0.9276331290184914,0.9537190082644628,0.007436744061946291,0.02608587924597139,3.5077016270403125,0.07236687098150862
2311108,Porteiras,CE,Nordeste,252,0.9279761219904564,0.9206349206349206,0.016265161518103397,-0.007341201355535842,-0.45134512481569655,0.07202387800954357
3120839,Cuparaque,MG,Sudeste,52,0.928835404397469,0.6923076923076923,0.03565132540332462,-0.23652771208977674,-6.6344717738802395,0.07116459560253097
2105658,Junco do Maranhão,MA,Nordeste,87,0.930728591958504,0.6781609195402298,0.027207621883112595,-0.25256767241827416,-9.282974951038979,0.06927140804149601
5215405,Ouro Verde de Goiás,GO,Centro-Oeste,59,0.9313270271595958,0.9661016949152542,0.03285944533476013,0.034774667755658406,1.0582852936617366,0.06867297284040419
2304806,Granjeiro,CE,Nordeste,59,0.931876976981931,0.9152542372881356,0.03276831164217756,-0.016622739693795352,-0.5072809327289075,0.06812302301806905
2311801,Russas,CE,Nordeste,763,0.9320377134727356,0.944954128440367,0.009100450554516623,0.012916414967631407,1.4193159877365513,0.06796228652726444
2107100,Morros,MA,Nordeste,239,0.9336652469914273,0.6694560669456067,0.016075914390721913,-0.2642091800458206,-16.435094988954834,0.06633475300857272
2306702,Jaguaretama,CE,Nordeste,174,0.9339802513657853,0.9367816091954023,0.018815974763413,0.0028013578296169905,0.14888188705823163,0.06601974863421467
2306553,Itarema,CE,Nordeste,456,0.9342418888283224,0.9254385964912281,0.011591366752469223,-0.008803292337094315,-0.7594697437400136,0.06575811117167762
3141603,Mercês,MG,Sudeste,74,0.9345863055079604,0.8513513513513513,0.02872220540620297,-0.08323495415660909,-2.897930468063337,0.0654136944920396
2308500,Mombaça,CE,Nordeste,415,0.9356339181313618,0.9349397590361446,0.012039870492803136,-0.000694159095217195,-0.057655030063000295,0.06436608186863824
2305803,Ipu,CE,Nordeste,441,0.9359296378031221,0.8662131519274376,0.011653231238177197,-0.06971648587568446,-5.982588386926195,0.0640703621968779
4126355,Serranópolis do Iguaçu,PR,Sul,52,0.9366375550802256,0.8269230769230769,0.03376985634721275,-0.10971447815714874,-3.248887914390083,0.06336244491977439
2313252,Tarrafas,CE,Nordeste,97,0.9373673003741616,0.9175257731958762,0.02458526907865201,-0.019841527178285356,-0.8070494211313815,0.0626326996258384
2201945,Boqueirão do Piauí,PI,Nordeste,63,0.9384734565636407,0.7777777777777778,0.03024623428907578,-0.16069567878586288,-5.31291522938121,0.06152654343635933
2307809,Marco,CE,Nordeste,445,0.9391826993815799,0.9662921348314607,0.011324964981833678,0.02710943544988076,2.393776536472022,0.060817300618420056
5101001,Araguaiana,MT,Centro-Oeste,37,0.9401809948862426,0.918918918918919,0.03898254604695443,-0.021262075967323657,-0.5454255333069705,0.05981900511375737
4123105,Santa Amélia,PR,Sul,35,0.9408286287844178,0.9142857142857143,0.03986890949771665,-0.026542914498703496,-0.6657547154687953,0.05917137121558225
2314003,Várzea Alegre,CE,Nordeste,420,0.9444182977606201,0.9095238095238095,0.011166224336865975,-0.03489448823681063,-3.125003330051711,0.05558170223937986
2305308,Ibiapina,CE,Nordeste,313,0.9459290410455706,0.9744408945686901,0.01277980026055396,0.028511853523119468,2.231009322667112,0.05407095895442937
4116950,Nova Esperança do Sudoeste,PR,Sul,84,0.9468205493363571,0.8809523809523809,0.024478437161622447,-0.06586816838397613,-2.690864941624825,0.053179450663642935
2105203,Igarapé Grande,MA,Nordeste,97,0.9469505818453363,0.8969072164948454,0.022707809852547195,-0.05004336535049092,-2.203795331890073,0.053049418154663686
3133907,Itaverava,MG,Sudeste,49,0.9470245655501013,0.8571428571428571,0.03198330664105665,-0.08988170840724419,-2.810269413853036,0.05297543444989872
2308609,Monsenhor Tabosa,CE,Nordeste,211,0.9475677531494571,0.9715639810426541,0.015319532463410864,0.023996227893196997,1.5663812163007933,0.05243224685054293
2304707,Granja,CE,Nordeste,675,0.9479588324027024,0.9777777777777777,0.008546170984140504,0.029818945375075345,3.4891585284698423,0.0520411675972976
5208152,Gameleira de Goiás,GO,Centro-Oeste,59,0.9482650829550727,0.7966101694915254,0.02883113094312782,-0.15165491346354731,-5.260109766859345,0.051734917044927275
2310209,Paracuru,CE,Nordeste,568,0.9490653358282443,0.9507042253521126,0.0092180782371251,0.0016388895238683698,0.17779080212921913,0.05093466417175574
2702306,Coruripe,AL,Nordeste,787,0.9493513670530627,0.9224904701397713,0.00781286342142976,-0.02686089691329141,-3.43803487459094,0.05064863294693733
2311959,Salitre,CE,Nordeste,253,0.9495200730104704,0.9841897233201581,0.013760482833350508,0.034669650309687716,2.5195082708624756,0.05047992698952963
2313906,Uruoca,CE,Nordeste,200,0.9500620988318131,0.99,0.015397951476994923,0.03993790116818685,2.59371522425275,0.04993790116818686
2305332,Ibicuitinga,CE,Nordeste,89,0.9501481570335362,0.9662921348314607,0.023061242929693013,0.016143977797924536,0.7000480350145395,0.04985184296646383
2300200,Acaraú,CE,Nordeste,835,0.9521744335597331,0.9772455089820359,0.007375512717775752,0.025071075422302802,3.3992315357112606,0.04782556644026692
2512309,Princesa Isabel,PB,Nordeste,193,0.953021012930538,0.8652849740932642,0.015206447165070748,-0.08773603883727377,-5.769660584413412,0.04697898706946202
2310803,Pereiro,CE,Nordeste,246,0.9531317866641821,0.9349593495934959,0.01346849752079172,-0.018172437070686165,-1.3492549590355445,0.04686821333581792
2302602,Camocim,CE,Nordeste,745,0.9542645157063008,0.9409395973154362,0.007651559776590886,-0.013324918390864582,-1.741464326218913,0.045735484293699225
2100873,Araguanã,MA,Nordeste,145,0.9560697420115948,0.9172413793103448,0.017005159825947386,-0.03882836270125001,-2.2833283014490466,0.04393025798840522
2301802,Baixio,CE,Nordeste,36,0.9561459350405871,0.9166666666666666,0.03410872875305754,-0.03947926837392046,-1.1574535263317753,0.04385406495941291
2205607,Landri Sales,PI,Nordeste,58,0.9563013627185242,1.0,0.026827925436585714,0.04369863728147583,1.6288489165801552,0.04369863728147583
2302305,Bela Cruz,CE,Nordeste,275,0.9581653776143361,0.9781818181818182,0.012061015679552872,0.020016440567482086,1.6595982543506766,0.04183462238566393
2204303,Fronteiras,PI,Nordeste,88,0.9594250960734185,0.9659090909090909,0.02101934168753223,0.006483994835672413,0.30847754092690927,0.040574903926581474
2104628,Governador Luiz Rocha,MA,Nordeste,96,0.9600505994800925,0.9166666666666666,0.019976291072854903,-0.043383932813425896,-2.1717711588803805,0.039949400519907474
2300804,Antonina do Norte,CE,Nordeste,91,0.9611424614720835,0.945054945054945,0.020232479388675676,-0.01608751641713846,-0.795133216650788,0.03885753852791651
2303808,Cedro,CE,Nordeste,162,0.9620218562444046,0.9876543209876543,0.015005314491846462,0.02563246474324965,1.7082257594252845,0.037978143755595384
2302057,Barroquinha,CE,Nordeste,254,0.9625821532019987,0.9566929133858267,0.011905539952661035,-0.005889239816171954,-0.49466381529849357,0.03741784679800131
2103125,Central do Maranhão,MA,Nordeste,88,0.9645788775531517,0.875,0.01969504406786029,-0.08957887755315175,-4.548295360218698,0.03542112244684825
2306108,Irauçuba,CE,Nordeste,340,0.9657753609844199,0.9676470588235294,0.009853391166077167,0.0018716978391095651,0.18995468743323277,0.03422463901558015
2511707,Pilõezinhos,PB,Nordeste,38,0.9661380235445638,0.5526315789473685,0.029335788373886906,-0.4135064445971953,-14.095630883582317,0.033861976455436205
2312304,São Benedito,CE,Nordeste,570,0.9662029252073108,0.9508771929824561,0.007539997577813208,-0.015325732224854671,-2.032591133709558,0.03379707479268923
2205904,Manoel Emídio,PI,Nordeste,68,0.9662500783655595,0.8235294117647058,0.021883420968632817,-0.1427206666008537,-6.521862683418016,0.03374992163444046
2302800,Canindé,CE,Nordeste,815,0.9672293612404154,0.9496932515337423,0.0062163305575149335,-0.017536109706673075,-2.820974455014082,0.032770638759584636
2304103,Crateús,CE,Nordeste,674,0.9675059709147179,0.9718100890207715,0.006818775601104279,0.004304118106053578,0.6312156841407921,0.032494029085282095
2303006,Caridade,CE,Nordeste,157,0.9675686442607471,0.9872611464968153,0.014134007034054376,0.01969250223606822,1.393271008612154,0.03243135573925293
2309300,Nova Russas,CE,Nordeste,273,0.9686521167590432,0.9963369963369964,0.010543778794036802,0.02768487957795318,2.6257075493285953,0.03134788324095683
2313609,Ubajara,CE,Nordeste,451,0.9687547050168119,0.9512195121951219,0.008190610196378451,-0.017535192821690027,-2.140889677480118,0.031245294983188066
2312205,Santa Quitéria,CE,Nordeste,385,0.9691731627521376,0.9506493506493506,0.008805889389873946,-0.018523812102786974,-2.1035708356827474,0.030826837247862393
2306504,Itapiúna,CE,Nordeste,174,0.9694150680587658,0.9252873563218391,0.013049515771842976,-0.044127711736926645,-3.3815593243805484,0.03058493194123424
3156502,Rubelita,MG,Sudeste,37,0.9695791707122358,0.7567567567567568,0.028230008186870756,-0.21282241395547896,-7.538871846819323,0.03042082928776424
2304301,Farias Brito,CE,Nordeste,175,0.9709948530053615,0.96,0.012683361646140381,-0.010994853005361516,-0.8668721520455352,0.02900514699463852
2303931,Choró,CE,Nordeste,152,0.9711530030941039,0.9539473684210527,0.01357381568101405,-0.01720563467305125,-1.267560653347982,0.028846996905896094
1101104,Itapuã do Oeste,RO,Norte,160,0.9713496070283041,0.7125,0.013186097472937225,-0.25884960702830406,-19.630493977430373,0.028650392971695915
2207751,Passagem Franca do Piauí,PI,Nordeste,42,0.9721324359552616,0.6428571428571429,0.025394032981109406,-0.32927529309811865,-12.966640365595579,0.027867564044738447
2205953,Marcolândia,PI,Nordeste,139,0.9725313159623271,0.8992805755395683,0.013861919440092903,-0.07325074042275881,-5.2843143937841175,0.027468684037672886
2303303,Cariús,CE,Nordeste,168,0.9729877486002597,0.9523809523809523,0.012457713503970614,-0.02060679621930739,-1.654139518679687,0.027012251399740284
2311231,Potiretama,CE,Nordeste,79,0.9731939563938204,0.9746835443037974,0.01817046102825452,0.001489587909976997,0.08197854240796272,0.026806043606179553
2308807,Moraújo,CE,Nordeste,84,0.9734859055428661,0.9285714285714286,0.01752516882019321,-0.04491447697143747,-2.562855595415731,0.02651409445713393
2210052,São José do Divino,PI,Nordeste,68,0.9742406097197515,0.9264705882352942,0.01920899014939386,-0.0477700214844573,-2.4868575137441407,0.02575939028024854
2106672,Milagres do Maranhão,MA,Nordeste,33,0.9744238072457113,0.9696969696969697,0.027470149660223837,-0.0047268375487415915,-0.17207177999419299,0.025576192754288685
2307635,Madalena,CE,Nordeste,187,0.9746569325531131,0.9518716577540107,0.011490528536114788,-0.022785274799102417,-1.9829614214427287,0.025343067446886858
2112704,Vargem Grande,MA,Nordeste,526,0.9748948866592206,0.9657794676806084,0.006816991865445093,-0.009115418978612233,-1.337161486845499,0.02510511334077936
2105807,Lago do Junco,MA,Nordeste,68,0.9751607923200386,0.9705882352941176,0.018866184145150573,-0.004572557025920965,-0.2423678784613321,0.024839207679961395
2102077,Bom Lugar,MA,Nordeste,105,0.9753670953345205,0.9523809523809523,0.015116379008422417,-0.022986142953568156,-1.520611711360302,0.024632904665479516
2305605,Independência,CE,Nordeste,143,0.9754831804255735,0.986013986013986,0.012910191773386771,0.010530805588412573,0.8156970688941202,0.02451681957442653
2209302,Santa Luz,PI,Nordeste,34,0.9755254015997112,0.5588235294117647,0.02649837780203411,-0.4167018721879465,-15.72556159101781,0.02447459840028876
2304459,Fortim,CE,Nordeste,225,0.9757781126746811,0.9288888888888889,0.01024533056206347,-0.04688922378579219,-4.576643330515284,0.024221887325318936
2509156,Marizópolis,PB,Nordeste,55,0.9760149149498979,0.9818181818181818,0.020627302946671734,0.005803266868283918,0.2813391010587882,0.023985085050102106
2309904,Pacujá,CE,Nordeste,73,0.976506549390021,1.0,0.017725655493696455,0.023493450609978983,1.3253924865195341,0.023493450609978983
2311264,Quiterianópolis,CE,Nordeste,209,0.9769657489971549,0.9904306220095693,0.010292325026645796,0.013464873012414391,1.3082440534626711,0.023034251002845063
2304277,Ererê,CE,Nordeste,59,0.9769764787154741,0.9491525423728814,0.019524072352421384,-0.027823936342592726,-1.4251092620614054,0.023023521284525894
2201903,Bom Jesus,PI,Nordeste,285,0.9776348881665218,0.9894736842105263,0.008758136491778035,0.011838796044004507,1.3517482920160624,0.022365111833478224
2111722,Satubinha,MA,Nordeste,62,0.9780654708566235,0.7903225806451613,0.018598412556691327,-0.1877428902114623,-10.094565309764368,0.021934529143376458
2208858,Riacho Frio,PI,Nordeste,66,0.9781943813388841,0.9242424242424242,0.017974872533717805,-0.053951957096459946,-3.0015209840990664,0.021805618661115855
2310407,Paramoti,CE,Nordeste,69,0.9783467974404856,0.9420289855072463,0.01751711967168786,-0.03631781193323924,-2.07327532230873,0.021653202559514417
2309003,Mucambo,CE,Nordeste,170,0.9792428348022937,0.9882352941176471,0.010930150129376554,0.008992459315353418,0.8227205673218269,0.020757165197706318
2708105,Santana do Mundaú,AL,Nordeste,86,0.9795898647538364,0.9767441860465116,0.015243794519227817,-0.0028456787073247725,-0.18667784479352337,0.02041013524616364
2208700,Redenção do Gurguéia,PI,Nordeste,77,0.9796582193194039,0.8051948051948052,0.016086631430180763,-0.17446341412459865,-10.845242205107091,0.02034178068059611
2310100,Palmácia,CE,Nordeste,123,0.9796831443996294,0.943089430894309,0.012719093527376246,-0.03659371350532048,-2.877069299518643,0.020316855600370554
2305902,Ipueiras,CE,Nordeste,433,0.9797944728281195,0.9953810623556582,0.006759567555653203,0.015586589527538663,2.305856018038194,0.02020552717188051
2303956,Chorozinho,CE,Nordeste,244,0.9803424772213353,0.9713114754098361,0.008885998101898869,-0.009031001811499184,-1.016318224237447,0.019657522778664727
2308906,Morrinhos,CE,Nordeste,269,0.9805178046211989,0.9776951672862454,0.008426592159829742,-0.0028226373349534706,-0.33496783532603075,0.019482195378801137
2300507,Alcântaras,CE,Nordeste,105,0.9805803549581656,0.9904761904761905,0.013465227151597006,0.009895835518024865,0.7349178299492108,0.019419645041834355
2312007,Santana do Acaraú,CE,Nordeste,287,0.9807829735916509,0.9825783972125436,0.008102311803207595,0.0017954236208926888,0.22159399249260006,0.019217026408349103
2305654,Ipaporanga,CE,Nordeste,124,0.9808832578363876,0.9919354838709677,0.01229077063553447,0.011052226034580115,0.8992297035164307,0.019116742163612366
2310258,Paraipaba,CE,Nordeste,453,0.9814121815181718,0.9381898454746137,0.006344482070429808,-0.043222336043558074,-6.812586995084686,0.018587818481828222
2300705,Alto Santo,CE,Nordeste,187,0.9818383887108667,0.9411764705882353,0.009764631525233838,-0.040661918122631424,-4.164204047797663,0.018161611289133295
2306009,Iracema,CE,Nordeste,177,0.9819750828225766,0.8418079096045198,0.009999429750758225,-0.14016717321805683,-14.017516669630925,0.018024917177423383
2312809,Senador Sá,CE,Nordeste,113,0.9820984571872687,0.9911504424778761,0.012469316218684192,0.009051985290607356,0.7259407919292109,0.017901542812731264
2311405,Quixeramobim,CE,Nordeste,876,0.9824378967213865,0.9874429223744292,0.0044376920440809845,0.005005025653042727,1.1278442945851672,0.017562103278613517
2206506,Monsenhor Hipólito,PI,Nordeste,87,0.9829905382529759,0.9770114942528736,0.013861840350019104,-0.005979044000102296,-0.431331183243216,0.017009461747024113
2313005,Solonópole,CE,Nordeste,192,0.9830112726234163,0.9895833333333334,0.009323518132041962,0.006572060709917116,0.7048906450163953,0.016988727376583745
2303105,Cariré,CE,Nordeste,162,0.9831757810585037,0.9876543209876543,0.010101331003951714,0.004478539929150593,0.4433613676651677,0.016824218941496327
2312700,Senador Pompeu,CE,Nordeste,191,0.9832885106507973,0.9842931937172775,0.009274980494673636,0.001004683066480272,0.10832185221922931,0.016711489349202746
2309409,Novo Oriente,CE,Nordeste,334,0.9840077745067484,1.0,0.006862453442622233,0.015992225493251633,2.330394752687866,0.015992225493251633
2313203,Tamboril,CE,Nordeste,236,0.984034515345014,0.9830508474576272,0.008158745504695284,-0.0009836678873867966,-0.12056607070544174,0.01596548465498604
2305209,Hidrolândia,CE,Nordeste,179,0.9841481762199095,0.9608938547486033,0.009335141137159879,-0.023254321471306127,-2.4910519433647274,0.015851823780090535
2313955,Varjota,CE,Nordeste,205,0.9841777845935343,0.9804878048780488,0.008714681571218562,-0.0036899797154855696,-0.42342106080757286,0.015822215406465667
2303659,Catunda,CE,Nordeste,64,0.9849107457314372,1.0,0.015221247489192543,0.01508925426856278,0.9913283572372448,0.01508925426856278
2304350,Forquilha,CE,Nordeste,229,0.9852578766137494,1.0,0.007963660586576774,0.014742123386250583,1.8511742465643644,0.014742123386250583
2304657,Graça,CE,Nordeste,157,0.9853629719011926,1.0,0.009583175261748324,0.014637028098807403,1.527367255530822,0.014637028098807403
2310902,Piquet Carneiro,CE,Nordeste,152,0.9857281139450684,1.0,0.00961894014313496,0.01427188605493157,1.4837275045439824,0.01427188605493157
2300606,Altaneira,CE,Nordeste,113,0.9862080874792098,0.8849557522123894,0.010969083484286967,-0.10125233526682043,-9.230701490408268,0.01379191252079015
2308351,Milhã,CE,Nordeste,144,0.9863319045059448,0.9791666666666666,0.00967513214007976,-0.007165237839278138,-0.7405829435234018,0.013668095494055232
2306603,Itatira,CE,Nordeste,222,0.9865750525248957,0.990990990990991,0.007723065672680634,0.004415938466095226,0.5717856940820857,0.013424947475104254
2304509,Frecheirinha,CE,Nordeste,221,0.9868243005989328,0.9819004524886877,0.007669805761662522,-0.004923848110245044,-0.6419782016979972,0.01317569940106722
2301257,Ararendá,CE,Nordeste,154,0.9869962905615547,0.9935064935064936,0.009126345328621216,0.00651020294493887,0.7133417277694021,0.01300370943844531
2309201,Nova Olinda,CE,Nordeste,213,0.9872725183759425,0.9953051643192489,0.007679047692599243,0.008032645943306327,1.0460471486650444,0.012727481624057457
2311702,Reriutaba,CE,Nordeste,199,0.9873028216962546,0.9849246231155779,0.007935805473042108,-0.0023781985806766714,-0.29967954592075124,0.012697178303745393
2308005,Massapê,CE,Nordeste,422,0.9875217830077228,0.9502369668246445,0.005403283378911369,-0.03728481618307822,-6.900399917686753,0.012478216992277247
2305001,Guaraciaba do Norte,CE,Nordeste,620,0.9876540216057714,0.9564516129032258,0.004433191294816933,-0.031202408702545648,-7.038362801764488,0.012345978394228574
2304269,Deputado Irapuan Pinheiro,CE,Nordeste,85,0.9877741834700288,0.9882352941176471,0.011919178848596123,0.00046111064761833465,0.03868644421529472,0.012225816529971234
2310951,Pires Ferreira,CE,Nordeste,68,0.9884655153836841,1.0,0.012947170405285882,0.011534484616315899,0.8908884532489637,0.011534484616315899
2307254,Jijoca de Jericoacoara,CE,Nordeste,452,0.9889859519940558,0.9800884955752213,0.004908051015440086,-0.008897456418834548,-1.8128288379326774,0.011014048005944188
2304236,Croatá,CE,Nordeste,233,0.9892211205473015,0.9914163090128756,0.006763752556459028,0.002195188465574094,0.32455185893484595,0.010778879452698509
2312908,Sobral,CE,Nordeste,2307,0.9903344430615078,0.9856957087126138,0.0020360333064394186,-0.004638734348893947,-2.2783194824087083,0.009665556938492248
2304004,Coreaú,CE,Nordeste,277,0.9903715857060922,1.0,0.005866674599869,0.009628414293907817,1.6412047625963122,0.009628414293907817
2307908,Martinópole,CE,Nordeste,132,0.9905649682430165,0.9924242424242424,0.008413661429192781,0.0018592741812258895,0.2209827667624927,0.009435031756983459
2308203,Meruoca,CE,Nordeste,222,0.9910093454394789,0.9819819819819819,0.006334083023078527,-0.009027363457496995,-1.4252044731029536,0.00899065456052106
2310506,Pedra Branca,CE,Nordeste,335,0.9928960710498839,0.9970149253731343,0.004588144666616894,0.0041188543232504315,0.8977167510037346,0.007103928950116134
2304251,Cruz,CE,Nordeste,477,0.9930161882155379,0.989517819706499,0.00381159776932596,-0.0034983685090389516,-0.917822058033579,0.006983811784462057
